case,bucket,t,B2024
large100_aj_p50,FOM,2010,56.87815
large100_aj_p50,FOM,2015,63.04602
large100_aj_p50,FOM,2020,67.71823
large100_aj_p50,FOM,2023,68.81928
large100_aj_p50,FOM,2026,78.05374
large100_aj_p50,FOM,2029,84.76124
large100_aj_p50,FOM,2031,87.84994
large100_aj_p50,FOM,2032,88.04822
large100_aj_p50,FOM,2033,90.16111
large100_aj_p50,FOM,2034,92.42714
large100_aj_p50,FOM,2035,95.07413
large100_aj_p50,FOM,2038,99.79965
large100_aj_p50,FOM,2041,102.86392
large100_aj_p50,FOM,2044,107.221634
large100_aj_p50,FOM,2047,110.26854
large100_aj_p50,FOM,2050,112.41107
large100_aj_p50,VOM + other op,2010,14.101312
large100_aj_p50,VOM + other op,2015,12.542799
large100_aj_p50,VOM + other op,2020,10.091411
large100_aj_p50,VOM + other op,2023,9.515403
large100_aj_p50,VOM + other op,2026,9.165657
large100_aj_p50,VOM + other op,2029,9.283958
large100_aj_p50,VOM + other op,2031,14.342557
large100_aj_p50,VOM + other op,2032,18.956318
large100_aj_p50,VOM + other op,2033,18.7752
large100_aj_p50,VOM + other op,2034,18.858631
large100_aj_p50,VOM + other op,2035,18.834667
large100_aj_p50,VOM + other op,2038,19.867939
large100_aj_p50,VOM + other op,2041,19.510326
large100_aj_p50,VOM + other op,2044,11.461636
large100_aj_p50,VOM + other op,2047,11.883443
large100_aj_p50,VOM + other op,2050,12.004171
large100_aj_p50,converter + H2 capex,2010,1.0145994
large100_aj_p50,converter + H2 capex,2023,2.0824199
large100_aj_p50,converter + H2 capex,2029,0.30869892
large100_aj_p50,converter + H2 capex,2031,1.6429443
large100_aj_p50,converter + H2 capex,2032,0.004321054
large100_aj_p50,converter + H2 capex,2033,5.0382023
large100_aj_p50,converter + H2 capex,2034,2.0251472
large100_aj_p50,converter + H2 capex,2035,0.68330526
large100_aj_p50,converter + H2 capex,2038,0.8776509
large100_aj_p50,converter + H2 capex,2041,5.7345576
large100_aj_p50,converter + H2 capex,2044,0.5320826
large100_aj_p50,converter + H2 capex,2047,0.13872807
large100_aj_p50,converter + H2 capex,2050,0.23039913
large100_aj_p50,fuel,2010,159.90926
large100_aj_p50,fuel,2015,87.87588
large100_aj_p50,fuel,2020,53.633945
large100_aj_p50,fuel,2023,52.695786
large100_aj_p50,fuel,2026,60.476
large100_aj_p50,fuel,2029,55.8874
large100_aj_p50,fuel,2031,67.189995
large100_aj_p50,fuel,2032,71.90815
large100_aj_p50,fuel,2033,70.77036
large100_aj_p50,fuel,2034,70.8273
large100_aj_p50,fuel,2035,68.1511
large100_aj_p50,fuel,2038,71.13576
large100_aj_p50,fuel,2041,71.68578
large100_aj_p50,fuel,2044,65.892746
large100_aj_p50,fuel,2047,62.764584
large100_aj_p50,fuel,2050,61.84578
large100_aj_p50,generation capex,2010,105.247925
large100_aj_p50,generation capex,2015,381.4723
large100_aj_p50,generation capex,2020,289.35855
large100_aj_p50,generation capex,2023,218.52766
large100_aj_p50,generation capex,2026,570.9603
large100_aj_p50,generation capex,2029,503.45935
large100_aj_p50,generation capex,2031,261.36057
large100_aj_p50,generation capex,2032,359.56897
large100_aj_p50,generation capex,2033,82.99942
large100_aj_p50,generation capex,2034,99.2045
large100_aj_p50,generation capex,2035,141.54308
large100_aj_p50,generation capex,2038,295.76474
large100_aj_p50,generation capex,2041,366.22235
large100_aj_p50,generation capex,2044,266.88602
large100_aj_p50,generation capex,2047,301.63022
large100_aj_p50,generation capex,2050,304.7702
large100_aj_p50,policy credits (neg.),2010,-0.7221878
large100_aj_p50,policy credits (neg.),2015,-16.97388
large100_aj_p50,policy credits (neg.),2020,-18.319025
large100_aj_p50,policy credits (neg.),2023,-19.357693
large100_aj_p50,policy credits (neg.),2026,-101.05191
large100_aj_p50,policy credits (neg.),2029,-84.16498
large100_aj_p50,policy credits (neg.),2031,-48.84269
large100_aj_p50,policy credits (neg.),2032,-53.05809
large100_aj_p50,policy credits (neg.),2033,-45.926258
large100_aj_p50,policy credits (neg.),2034,-46.386795
large100_aj_p50,policy credits (neg.),2035,-46.159706
large100_aj_p50,policy credits (neg.),2038,-39.874905
large100_aj_p50,policy credits (neg.),2041,-26.336308
large100_aj_p50,policy credits (neg.),2044,-1.539014
large100_aj_p50,policy credits (neg.),2047,-1.4152786
large100_aj_p50,policy credits (neg.),2050,-0.41931903
large100_aj_p50,transmission capex,2010,4.231005
large100_aj_p50,transmission capex,2015,16.194809
large100_aj_p50,transmission capex,2020,15.90399
large100_aj_p50,transmission capex,2023,9.9209585
large100_aj_p50,transmission capex,2026,30.337795
large100_aj_p50,transmission capex,2029,23.95772
large100_aj_p50,transmission capex,2031,9.969172
large100_aj_p50,transmission capex,2032,8.192952
large100_aj_p50,transmission capex,2033,32.171894
large100_aj_p50,transmission capex,2034,20.161491
large100_aj_p50,transmission capex,2035,18.918352
large100_aj_p50,transmission capex,2038,28.223461
large100_aj_p50,transmission capex,2041,59.36385
large100_aj_p50,transmission capex,2044,25.772005
large100_aj_p50,transmission capex,2047,22.923576
large100_aj_p50,transmission capex,2050,20.980234
large100_cop28_p50,FOM,2010,56.87815
large100_cop28_p50,FOM,2015,63.04602
large100_cop28_p50,FOM,2020,67.71823
large100_cop28_p50,FOM,2023,68.81928
large100_cop28_p50,FOM,2026,78.04344
large100_cop28_p50,FOM,2029,84.71531
large100_cop28_p50,FOM,2031,88.55265
large100_cop28_p50,FOM,2032,89.14824
large100_cop28_p50,FOM,2033,91.68588
large100_cop28_p50,FOM,2034,94.63846
large100_cop28_p50,FOM,2035,97.86265
large100_cop28_p50,FOM,2038,102.86481
large100_cop28_p50,FOM,2041,107.42401
large100_cop28_p50,FOM,2044,115.47323
large100_cop28_p50,FOM,2047,122.21132
large100_cop28_p50,FOM,2050,127.84305
large100_cop28_p50,VOM + other op,2010,14.101312
large100_cop28_p50,VOM + other op,2015,12.542799
large100_cop28_p50,VOM + other op,2020,10.091411
large100_cop28_p50,VOM + other op,2023,9.515403
large100_cop28_p50,VOM + other op,2026,9.164164
large100_cop28_p50,VOM + other op,2029,9.281366
large100_cop28_p50,VOM + other op,2031,14.334594
large100_cop28_p50,VOM + other op,2032,18.720776
large100_cop28_p50,VOM + other op,2033,18.452305
large100_cop28_p50,VOM + other op,2034,18.560995
large100_cop28_p50,VOM + other op,2035,18.541775
large100_cop28_p50,VOM + other op,2038,19.676273
large100_cop28_p50,VOM + other op,2041,19.326399
large100_cop28_p50,VOM + other op,2044,11.550135
large100_cop28_p50,VOM + other op,2047,11.966974
large100_cop28_p50,VOM + other op,2050,12.328478
large100_cop28_p50,converter + H2 capex,2010,1.0145994
large100_cop28_p50,converter + H2 capex,2023,2.074321
large100_cop28_p50,converter + H2 capex,2029,0.30869892
large100_cop28_p50,converter + H2 capex,2031,1.4565486
large100_cop28_p50,converter + H2 capex,2032,0.004833114
large100_cop28_p50,converter + H2 capex,2033,4.2145753
large100_cop28_p50,converter + H2 capex,2034,1.5806879
large100_cop28_p50,converter + H2 capex,2035,1.5017569
large100_cop28_p50,converter + H2 capex,2038,0.6636891
large100_cop28_p50,converter + H2 capex,2041,4.9121075
large100_cop28_p50,converter + H2 capex,2044,0.8928678
large100_cop28_p50,converter + H2 capex,2047,0.32725233
large100_cop28_p50,fuel,2010,159.90926
large100_cop28_p50,fuel,2015,87.87588
large100_cop28_p50,fuel,2020,53.633945
large100_cop28_p50,fuel,2023,52.695786
large100_cop28_p50,fuel,2026,60.476
large100_cop28_p50,fuel,2029,55.8874
large100_cop28_p50,fuel,2031,66.23344
large100_cop28_p50,fuel,2032,69.77054
large100_cop28_p50,fuel,2033,68.916046
large100_cop28_p50,fuel,2034,68.090164
large100_cop28_p50,fuel,2035,64.96601
large100_cop28_p50,fuel,2038,67.95009
large100_cop28_p50,fuel,2041,66.97213
large100_cop28_p50,fuel,2044,58.072067
large100_cop28_p50,fuel,2047,51.821167
large100_cop28_p50,fuel,2050,49.03133
large100_cop28_p50,generation capex,2010,105.247925
large100_cop28_p50,generation capex,2015,381.4723
large100_cop28_p50,generation capex,2020,289.35855
large100_cop28_p50,generation capex,2023,218.52766
large100_cop28_p50,generation capex,2026,570.9603
large100_cop28_p50,generation capex,2029,503.45935
large100_cop28_p50,generation capex,2031,309.80225
large100_cop28_p50,generation capex,2032,394.37418
large100_cop28_p50,generation capex,2033,118.43628
large100_cop28_p50,generation capex,2034,141.18013
large100_cop28_p50,generation capex,2035,175.51027
large100_cop28_p50,generation capex,2038,313.6122
large100_cop28_p50,generation capex,2041,456.59198
large100_cop28_p50,generation capex,2044,484.24252
large100_cop28_p50,generation capex,2047,509.4338
large100_cop28_p50,generation capex,2050,497.98956
large100_cop28_p50,policy credits (neg.),2010,-0.7221878
large100_cop28_p50,policy credits (neg.),2015,-16.97388
large100_cop28_p50,policy credits (neg.),2020,-18.319025
large100_cop28_p50,policy credits (neg.),2023,-19.357693
large100_cop28_p50,policy credits (neg.),2026,-101.05191
large100_cop28_p50,policy credits (neg.),2029,-84.16498
large100_cop28_p50,policy credits (neg.),2031,-48.97342
large100_cop28_p50,policy credits (neg.),2032,-50.734303
large100_cop28_p50,policy credits (neg.),2033,-44.94285
large100_cop28_p50,policy credits (neg.),2034,-45.196884
large100_cop28_p50,policy credits (neg.),2035,-44.97931
large100_cop28_p50,policy credits (neg.),2038,-38.927044
large100_cop28_p50,policy credits (neg.),2041,-25.250206
large100_cop28_p50,policy credits (neg.),2044,-1.4685783
large100_cop28_p50,policy credits (neg.),2047,-1.3392287
large100_cop28_p50,policy credits (neg.),2050,-0.23987055
large100_cop28_p50,transmission capex,2010,4.231005
large100_cop28_p50,transmission capex,2015,16.194809
large100_cop28_p50,transmission capex,2020,15.90399
large100_cop28_p50,transmission capex,2023,9.9209585
large100_cop28_p50,transmission capex,2026,30.337795
large100_cop28_p50,transmission capex,2029,23.95772
large100_cop28_p50,transmission capex,2031,9.548353
large100_cop28_p50,transmission capex,2032,7.574432
large100_cop28_p50,transmission capex,2033,28.352285
large100_cop28_p50,transmission capex,2034,16.531319
large100_cop28_p50,transmission capex,2035,18.888798
large100_cop28_p50,transmission capex,2038,24.740456
large100_cop28_p50,transmission capex,2041,47.661873
large100_cop28_p50,transmission capex,2044,16.119774
large100_cop28_p50,transmission capex,2047,14.7910185
large100_cop28_p50,transmission capex,2050,20.219107
large100_eia_p50,FOM,2010,56.87815
large100_eia_p50,FOM,2015,63.04602
large100_eia_p50,FOM,2020,67.71823
large100_eia_p50,FOM,2023,68.81928
large100_eia_p50,FOM,2026,78.05118
large100_eia_p50,FOM,2029,84.751144
large100_eia_p50,FOM,2031,87.7998
large100_eia_p50,FOM,2032,87.94748
large100_eia_p50,FOM,2033,89.99281
large100_eia_p50,FOM,2034,92.215355
large100_eia_p50,FOM,2035,94.81594
large100_eia_p50,FOM,2038,100.155556
large100_eia_p50,FOM,2041,103.58239
large100_eia_p50,FOM,2044,107.33527
large100_eia_p50,FOM,2047,109.51849
large100_eia_p50,FOM,2050,110.68536
large100_eia_p50,VOM + other op,2010,14.101312
large100_eia_p50,VOM + other op,2015,12.542799
large100_eia_p50,VOM + other op,2020,10.091411
large100_eia_p50,VOM + other op,2023,9.515403
large100_eia_p50,VOM + other op,2026,9.165407
large100_eia_p50,VOM + other op,2029,9.283527
large100_eia_p50,VOM + other op,2031,14.348478
large100_eia_p50,VOM + other op,2032,18.971998
large100_eia_p50,VOM + other op,2033,18.815456
large100_eia_p50,VOM + other op,2034,18.9006
large100_eia_p50,VOM + other op,2035,18.888441
large100_eia_p50,VOM + other op,2038,19.96709
large100_eia_p50,VOM + other op,2041,19.554253
large100_eia_p50,VOM + other op,2044,11.560305
large100_eia_p50,VOM + other op,2047,11.97643
large100_eia_p50,VOM + other op,2050,12.03902
large100_eia_p50,converter + H2 capex,2010,1.0145994
large100_eia_p50,converter + H2 capex,2023,2.095932
large100_eia_p50,converter + H2 capex,2029,0.30869892
large100_eia_p50,converter + H2 capex,2031,1.6621467
large100_eia_p50,converter + H2 capex,2032,0.004623195
large100_eia_p50,converter + H2 capex,2033,5.0941677
large100_eia_p50,converter + H2 capex,2034,1.8804288
large100_eia_p50,converter + H2 capex,2035,0.6753542
large100_eia_p50,converter + H2 capex,2038,0.9875929
large100_eia_p50,converter + H2 capex,2041,5.572085
large100_eia_p50,converter + H2 capex,2044,0.5471353
large100_eia_p50,converter + H2 capex,2047,0.35496727
large100_eia_p50,converter + H2 capex,2050,0.45445555
large100_eia_p50,fuel,2010,159.90926
large100_eia_p50,fuel,2015,87.87588
large100_eia_p50,fuel,2020,53.633945
large100_eia_p50,fuel,2023,52.695786
large100_eia_p50,fuel,2026,60.476
large100_eia_p50,fuel,2029,55.8874
large100_eia_p50,fuel,2031,67.244995
large100_eia_p50,fuel,2032,72.09457
large100_eia_p50,fuel,2033,71.087074
large100_eia_p50,fuel,2034,71.13373
large100_eia_p50,fuel,2035,68.508965
large100_eia_p50,fuel,2038,71.31552
large100_eia_p50,fuel,2041,71.21895
large100_eia_p50,fuel,2044,65.956924
large100_eia_p50,fuel,2047,63.237007
large100_eia_p50,fuel,2050,62.163326
large100_eia_p50,generation capex,2010,105.247925
large100_eia_p50,generation capex,2015,381.4723
large100_eia_p50,generation capex,2020,289.35855
large100_eia_p50,generation capex,2023,218.52766
large100_eia_p50,generation capex,2026,570.9603
large100_eia_p50,generation capex,2029,503.45935
large100_eia_p50,generation capex,2031,257.9614
large100_eia_p50,generation capex,2032,356.14407
large100_eia_p50,generation capex,2033,77.69563
large100_eia_p50,generation capex,2034,97.239914
large100_eia_p50,generation capex,2035,138.38622
large100_eia_p50,generation capex,2038,338.23865
large100_eia_p50,generation capex,2041,384.54657
large100_eia_p50,generation capex,2044,232.62599
large100_eia_p50,generation capex,2047,255.08516
large100_eia_p50,generation capex,2050,262.07486
large100_eia_p50,policy credits (neg.),2010,-0.7221878
large100_eia_p50,policy credits (neg.),2015,-16.97388
large100_eia_p50,policy credits (neg.),2020,-18.319025
large100_eia_p50,policy credits (neg.),2023,-19.357693
large100_eia_p50,policy credits (neg.),2026,-101.05191
large100_eia_p50,policy credits (neg.),2029,-84.16498
large100_eia_p50,policy credits (neg.),2031,-48.858124
large100_eia_p50,policy credits (neg.),2032,-53.179176
large100_eia_p50,policy credits (neg.),2033,-46.029682
large100_eia_p50,policy credits (neg.),2034,-46.459023
large100_eia_p50,policy credits (neg.),2035,-46.37414
large100_eia_p50,policy credits (neg.),2038,-39.965317
large100_eia_p50,policy credits (neg.),2041,-26.302067
large100_eia_p50,policy credits (neg.),2044,-1.6793325
large100_eia_p50,policy credits (neg.),2047,-1.5088855
large100_eia_p50,policy credits (neg.),2050,-0.47268212
large100_eia_p50,transmission capex,2010,4.231005
large100_eia_p50,transmission capex,2015,16.194809
large100_eia_p50,transmission capex,2020,15.90399
large100_eia_p50,transmission capex,2023,9.9209585
large100_eia_p50,transmission capex,2026,30.337795
large100_eia_p50,transmission capex,2029,23.95772
large100_eia_p50,transmission capex,2031,10.007887
large100_eia_p50,transmission capex,2032,8.259387
large100_eia_p50,transmission capex,2033,32.29957
large100_eia_p50,transmission capex,2034,19.710556
large100_eia_p50,transmission capex,2035,19.219816
large100_eia_p50,transmission capex,2038,24.501003
large100_eia_p50,transmission capex,2041,55.512516
large100_eia_p50,transmission capex,2044,29.534859
large100_eia_p50,transmission capex,2047,30.211582
large100_eia_p50,transmission capex,2050,26.944199
large100_eo_p50,FOM,2010,56.87815
large100_eo_p50,FOM,2015,63.04602
large100_eo_p50,FOM,2020,67.71823
large100_eo_p50,FOM,2023,68.81928
large100_eo_p50,FOM,2026,78.03948
large100_eo_p50,FOM,2029,84.72491
large100_eo_p50,FOM,2031,88.80004
large100_eo_p50,FOM,2032,89.503235
large100_eo_p50,FOM,2033,92.19825
large100_eo_p50,FOM,2034,95.322334
large100_eo_p50,FOM,2035,98.78864
large100_eo_p50,FOM,2038,105.5192
large100_eo_p50,FOM,2041,111.612724
large100_eo_p50,FOM,2044,120.38219
large100_eo_p50,FOM,2047,128.2209
large100_eo_p50,FOM,2050,135.19017
large100_eo_p50,VOM + other op,2010,14.101312
large100_eo_p50,VOM + other op,2015,12.542799
large100_eo_p50,VOM + other op,2020,10.091411
large100_eo_p50,VOM + other op,2023,9.515403
large100_eo_p50,VOM + other op,2026,9.163416
large100_eo_p50,VOM + other op,2029,9.28007
large100_eo_p50,VOM + other op,2031,14.308392
large100_eo_p50,VOM + other op,2032,18.482048
large100_eo_p50,VOM + other op,2033,18.243237
large100_eo_p50,VOM + other op,2034,18.348438
large100_eo_p50,VOM + other op,2035,18.329752
large100_eo_p50,VOM + other op,2038,19.44564
large100_eo_p50,VOM + other op,2041,19.212708
large100_eo_p50,VOM + other op,2044,11.423154
large100_eo_p50,VOM + other op,2047,12.022343
large100_eo_p50,VOM + other op,2050,12.345279
large100_eo_p50,converter + H2 capex,2010,1.0145994
large100_eo_p50,converter + H2 capex,2023,2.0566838
large100_eo_p50,converter + H2 capex,2029,0.30869892
large100_eo_p50,converter + H2 capex,2031,1.5213093
large100_eo_p50,converter + H2 capex,2032,0.003229124
large100_eo_p50,converter + H2 capex,2033,3.9934385
large100_eo_p50,converter + H2 capex,2034,1.129601
large100_eo_p50,converter + H2 capex,2035,1.7258008
large100_eo_p50,converter + H2 capex,2038,1.0291288
large100_eo_p50,converter + H2 capex,2041,4.1985292
large100_eo_p50,converter + H2 capex,2044,0.53067666
large100_eo_p50,converter + H2 capex,2047,0.07591277
large100_eo_p50,fuel,2010,159.90926
large100_eo_p50,fuel,2015,87.87588
large100_eo_p50,fuel,2020,53.633945
large100_eo_p50,fuel,2023,52.695786
large100_eo_p50,fuel,2026,60.476
large100_eo_p50,fuel,2029,55.8874
large100_eo_p50,fuel,2031,65.78718
large100_eo_p50,fuel,2032,68.85232
large100_eo_p50,fuel,2033,67.81062
large100_eo_p50,fuel,2034,66.814995
large100_eo_p50,fuel,2035,63.22472
large100_eo_p50,fuel,2038,64.50477
large100_eo_p50,fuel,2041,61.92013
large100_eo_p50,fuel,2044,52.234585
large100_eo_p50,fuel,2047,45.237003
large100_eo_p50,fuel,2050,41.279446
large100_eo_p50,generation capex,2010,105.247925
large100_eo_p50,generation capex,2015,381.4723
large100_eo_p50,generation capex,2020,289.35855
large100_eo_p50,generation capex,2023,218.52766
large100_eo_p50,generation capex,2026,570.9603
large100_eo_p50,generation capex,2029,503.45935
large100_eo_p50,generation capex,2031,336.0974
large100_eo_p50,generation capex,2032,404.19855
large100_eo_p50,generation capex,2033,136.47726
large100_eo_p50,generation capex,2034,158.60135
large100_eo_p50,generation capex,2035,194.03503
large100_eo_p50,generation capex,2038,428.7727
large100_eo_p50,generation capex,2041,560.70874
large100_eo_p50,generation capex,2044,563.70074
large100_eo_p50,generation capex,2047,595.15784
large100_eo_p50,generation capex,2050,589.05725
large100_eo_p50,policy credits (neg.),2010,-0.7221878
large100_eo_p50,policy credits (neg.),2015,-16.97388
large100_eo_p50,policy credits (neg.),2020,-18.319025
large100_eo_p50,policy credits (neg.),2023,-19.357693
large100_eo_p50,policy credits (neg.),2026,-101.05191
large100_eo_p50,policy credits (neg.),2029,-84.16498
large100_eo_p50,policy credits (neg.),2031,-48.88842
large100_eo_p50,policy credits (neg.),2032,-49.92231
large100_eo_p50,policy credits (neg.),2033,-44.378838
large100_eo_p50,policy credits (neg.),2034,-44.587563
large100_eo_p50,policy credits (neg.),2035,-44.500717
large100_eo_p50,policy credits (neg.),2038,-38.29039
large100_eo_p50,policy credits (neg.),2041,-24.691998
large100_eo_p50,policy credits (neg.),2044,-1.4160035
large100_eo_p50,policy credits (neg.),2047,-1.2466167
large100_eo_p50,policy credits (neg.),2050,1.3978246e-05
large100_eo_p50,transmission capex,2010,4.231005
large100_eo_p50,transmission capex,2015,16.194809
large100_eo_p50,transmission capex,2020,15.90399
large100_eo_p50,transmission capex,2023,9.9209585
large100_eo_p50,transmission capex,2026,30.337795
large100_eo_p50,transmission capex,2029,23.95772
large100_eo_p50,transmission capex,2031,9.4207535
large100_eo_p50,transmission capex,2032,7.4712224
large100_eo_p50,transmission capex,2033,26.604803
large100_eo_p50,transmission capex,2034,14.793761
large100_eo_p50,transmission capex,2035,19.061083
large100_eo_p50,transmission capex,2038,18.331886
large100_eo_p50,transmission capex,2041,41.012123
large100_eo_p50,transmission capex,2044,13.13085
large100_eo_p50,transmission capex,2047,11.820772
large100_eo_p50,transmission capex,2050,17.939938
large100_iaea_p50,FOM,2010,56.87815
large100_iaea_p50,FOM,2015,63.04602
large100_iaea_p50,FOM,2020,67.71823
large100_iaea_p50,FOM,2023,68.81928
large100_iaea_p50,FOM,2026,78.055244
large100_iaea_p50,FOM,2029,84.758255
large100_iaea_p50,FOM,2031,88.26221
large100_iaea_p50,FOM,2032,88.71619
large100_iaea_p50,FOM,2033,91.205605
large100_iaea_p50,FOM,2034,93.87733
large100_iaea_p50,FOM,2035,96.81973
large100_iaea_p50,FOM,2038,102.324814
large100_iaea_p50,FOM,2041,106.032104
large100_iaea_p50,FOM,2044,111.024025
large100_iaea_p50,FOM,2047,114.46388
large100_iaea_p50,FOM,2050,116.7639
large100_iaea_p50,VOM + other op,2010,14.101312
large100_iaea_p50,VOM + other op,2015,12.542799
large100_iaea_p50,VOM + other op,2020,10.091411
large100_iaea_p50,VOM + other op,2023,9.515403
large100_iaea_p50,VOM + other op,2026,9.165906
large100_iaea_p50,VOM + other op,2029,9.284391
large100_iaea_p50,VOM + other op,2031,14.364574
large100_iaea_p50,VOM + other op,2032,18.884037
large100_iaea_p50,VOM + other op,2033,18.670856
large100_iaea_p50,VOM + other op,2034,18.7598
large100_iaea_p50,VOM + other op,2035,18.768677
large100_iaea_p50,VOM + other op,2038,19.956005
large100_iaea_p50,VOM + other op,2041,19.678877
large100_iaea_p50,VOM + other op,2044,11.808453
large100_iaea_p50,VOM + other op,2047,12.184612
large100_iaea_p50,VOM + other op,2050,12.428362
large100_iaea_p50,converter + H2 capex,2010,1.0131578
large100_iaea_p50,converter + H2 capex,2023,2.0728476
large100_iaea_p50,converter + H2 capex,2029,0.30869892
large100_iaea_p50,converter + H2 capex,2031,1.4959933
large100_iaea_p50,converter + H2 capex,2032,0.00443749
large100_iaea_p50,converter + H2 capex,2033,4.435235
large100_iaea_p50,converter + H2 capex,2034,1.9217175
large100_iaea_p50,converter + H2 capex,2035,1.0447834
large100_iaea_p50,converter + H2 capex,2038,1.2270952
large100_iaea_p50,converter + H2 capex,2041,5.0604496
large100_iaea_p50,converter + H2 capex,2044,0.42833132
large100_iaea_p50,converter + H2 capex,2047,0.3421676
large100_iaea_p50,converter + H2 capex,2050,0.22771797
large100_iaea_p50,fuel,2010,159.90926
large100_iaea_p50,fuel,2015,87.87588
large100_iaea_p50,fuel,2020,53.633945
large100_iaea_p50,fuel,2023,52.695786
large100_iaea_p50,fuel,2026,60.476
large100_iaea_p50,fuel,2029,55.8874
large100_iaea_p50,fuel,2031,66.759094
large100_iaea_p50,fuel,2032,70.9024
large100_iaea_p50,fuel,2033,69.60761
large100_iaea_p50,fuel,2034,69.19428
large100_iaea_p50,fuel,2035,66.60657
large100_iaea_p50,fuel,2038,69.28932
large100_iaea_p50,fuel,2041,69.89129
large100_iaea_p50,fuel,2044,64.02972
large100_iaea_p50,fuel,2047,60.889137
large100_iaea_p50,fuel,2050,60.154007
large100_iaea_p50,generation capex,2010,105.247925
large100_iaea_p50,generation capex,2015,381.4723
large100_iaea_p50,generation capex,2020,289.35855
large100_iaea_p50,generation capex,2023,218.52766
large100_iaea_p50,generation capex,2026,570.9603
large100_iaea_p50,generation capex,2029,503.45935
large100_iaea_p50,generation capex,2031,290.0619
large100_iaea_p50,generation capex,2032,380.68555
large100_iaea_p50,generation capex,2033,106.80483
large100_iaea_p50,generation capex,2034,121.83285
large100_iaea_p50,generation capex,2035,156.58911
large100_iaea_p50,generation capex,2038,325.8618
large100_iaea_p50,generation capex,2041,385.32657
large100_iaea_p50,generation capex,2044,281.98782
large100_iaea_p50,generation capex,2047,297.0724
large100_iaea_p50,generation capex,2050,293.56967
large100_iaea_p50,policy credits (neg.),2010,-0.7221878
large100_iaea_p50,policy credits (neg.),2015,-16.97388
large100_iaea_p50,policy credits (neg.),2020,-18.319025
large100_iaea_p50,policy credits (neg.),2023,-19.357693
large100_iaea_p50,policy credits (neg.),2026,-101.05191
large100_iaea_p50,policy credits (neg.),2029,-84.16498
large100_iaea_p50,policy credits (neg.),2031,-49.069534
large100_iaea_p50,policy credits (neg.),2032,-51.498234
large100_iaea_p50,policy credits (neg.),2033,-45.428974
large100_iaea_p50,policy credits (neg.),2034,-45.882095
large100_iaea_p50,policy credits (neg.),2035,-45.563084
large100_iaea_p50,policy credits (neg.),2038,-39.497673
large100_iaea_p50,policy credits (neg.),2041,-25.81034
large100_iaea_p50,policy credits (neg.),2044,-1.5339316
large100_iaea_p50,policy credits (neg.),2047,-1.3520645
large100_iaea_p50,policy credits (neg.),2050,-0.26304156
large100_iaea_p50,transmission capex,2010,4.231005
large100_iaea_p50,transmission capex,2015,16.194809
large100_iaea_p50,transmission capex,2020,15.90399
large100_iaea_p50,transmission capex,2023,9.9209585
large100_iaea_p50,transmission capex,2026,30.337795
large100_iaea_p50,transmission capex,2029,23.95772
large100_iaea_p50,transmission capex,2031,9.728687
large100_iaea_p50,transmission capex,2032,7.9928093
large100_iaea_p50,transmission capex,2033,29.849258
large100_iaea_p50,transmission capex,2034,19.780315
large100_iaea_p50,transmission capex,2035,19.068842
large100_iaea_p50,transmission capex,2038,25.188162
large100_iaea_p50,transmission capex,2041,49.934486
large100_iaea_p50,transmission capex,2044,21.968842
large100_iaea_p50,transmission capex,2047,20.407377
large100_iaea_p50,transmission capex,2050,18.698292
large100_mck_p50,FOM,2010,56.87815
large100_mck_p50,FOM,2015,63.04602
large100_mck_p50,FOM,2020,67.71823
large100_mck_p50,FOM,2023,68.81928
large100_mck_p50,FOM,2026,78.05724
large100_mck_p50,FOM,2029,84.76734
large100_mck_p50,FOM,2031,88.30013
large100_mck_p50,FOM,2032,88.77637
large100_mck_p50,FOM,2033,91.296555
large100_mck_p50,FOM,2034,93.99403
large100_mck_p50,FOM,2035,96.984955
large100_mck_p50,FOM,2038,102.54839
large100_mck_p50,FOM,2041,106.76468
large100_mck_p50,FOM,2044,112.9505
large100_mck_p50,FOM,2047,117.52565
large100_mck_p50,FOM,2050,120.90803
large100_mck_p50,VOM + other op,2010,14.101312
large100_mck_p50,VOM + other op,2015,12.542799
large100_mck_p50,VOM + other op,2020,10.091411
large100_mck_p50,VOM + other op,2023,9.515403
large100_mck_p50,VOM + other op,2026,9.166155
large100_mck_p50,VOM + other op,2029,9.284823
large100_mck_p50,VOM + other op,2031,14.362242
large100_mck_p50,VOM + other op,2032,18.850737
large100_mck_p50,VOM + other op,2033,18.64172
large100_mck_p50,VOM + other op,2034,18.73917
large100_mck_p50,VOM + other op,2035,18.72756
large100_mck_p50,VOM + other op,2038,19.908543
large100_mck_p50,VOM + other op,2041,19.64936
large100_mck_p50,VOM + other op,2044,11.87021
large100_mck_p50,VOM + other op,2047,12.348508
large100_mck_p50,VOM + other op,2050,12.723242
large100_mck_p50,converter + H2 capex,2010,1.0145994
large100_mck_p50,converter + H2 capex,2023,2.074321
large100_mck_p50,converter + H2 capex,2029,0.30869892
large100_mck_p50,converter + H2 capex,2031,1.48984
large100_mck_p50,converter + H2 capex,2032,0.0047272085
large100_mck_p50,converter + H2 capex,2033,4.4373746
large100_mck_p50,converter + H2 capex,2034,1.9615209
large100_mck_p50,converter + H2 capex,2035,0.95135456
large100_mck_p50,converter + H2 capex,2038,1.1811389
large100_mck_p50,converter + H2 capex,2041,5.119917
large100_mck_p50,converter + H2 capex,2044,0.42201754
large100_mck_p50,converter + H2 capex,2047,0.45480365
large100_mck_p50,converter + H2 capex,2050,0.08883248
large100_mck_p50,fuel,2010,159.90926
large100_mck_p50,fuel,2015,87.87588
large100_mck_p50,fuel,2020,53.633945
large100_mck_p50,fuel,2023,52.695786
large100_mck_p50,fuel,2026,60.476
large100_mck_p50,fuel,2029,55.8874
large100_mck_p50,fuel,2031,66.7573
large100_mck_p50,fuel,2032,70.85594
large100_mck_p50,fuel,2033,69.53321
large100_mck_p50,fuel,2034,69.12811
large100_mck_p50,fuel,2035,66.46732
large100_mck_p50,fuel,2038,69.14718
large100_mck_p50,fuel,2041,69.32777
large100_mck_p50,fuel,2044,62.57308
large100_mck_p50,fuel,2047,58.835888
large100_mck_p50,fuel,2050,57.91011
large100_mck_p50,generation capex,2010,105.247925
large100_mck_p50,generation capex,2015,381.4723
large100_mck_p50,generation capex,2020,289.35855
large100_mck_p50,generation capex,2023,218.52766
large100_mck_p50,generation capex,2026,570.9603
large100_mck_p50,generation capex,2029,503.45935
large100_mck_p50,generation capex,2031,290.102
large100_mck_p50,generation capex,2032,379.93304
large100_mck_p50,generation capex,2033,107.15936
large100_mck_p50,generation capex,2034,120.47487
large100_mck_p50,generation capex,2035,156.06538
large100_mck_p50,generation capex,2038,324.43823
large100_mck_p50,generation capex,2041,404.8289
large100_mck_p50,generation capex,2044,326.67914
large100_mck_p50,generation capex,2047,330.39508
large100_mck_p50,generation capex,2050,322.65396
large100_mck_p50,policy credits (neg.),2010,-0.7221878
large100_mck_p50,policy credits (neg.),2015,-16.97388
large100_mck_p50,policy credits (neg.),2020,-18.319025
large100_mck_p50,policy credits (neg.),2023,-19.357693
large100_mck_p50,policy credits (neg.),2026,-101.05191
large100_mck_p50,policy credits (neg.),2029,-84.16498
large100_mck_p50,policy credits (neg.),2031,-48.92163
large100_mck_p50,policy credits (neg.),2032,-51.44989
large100_mck_p50,policy credits (neg.),2033,-45.383045
large100_mck_p50,policy credits (neg.),2034,-45.71122
large100_mck_p50,policy credits (neg.),2035,-45.39762
large100_mck_p50,policy credits (neg.),2038,-39.30155
large100_mck_p50,policy credits (neg.),2041,-25.613365
large100_mck_p50,policy credits (neg.),2044,-1.4500262
large100_mck_p50,policy credits (neg.),2047,-1.2833184
large100_mck_p50,policy credits (neg.),2050,-0.246917
large100_mck_p50,transmission capex,2010,4.231005
large100_mck_p50,transmission capex,2015,16.194809
large100_mck_p50,transmission capex,2020,15.90399
large100_mck_p50,transmission capex,2023,9.9209585
large100_mck_p50,transmission capex,2026,30.337795
large100_mck_p50,transmission capex,2029,23.95772
large100_mck_p50,transmission capex,2031,9.737326
large100_mck_p50,transmission capex,2032,8.000846
large100_mck_p50,transmission capex,2033,29.726423
large100_mck_p50,transmission capex,2034,19.564667
large100_mck_p50,transmission capex,2035,19.311678
large100_mck_p50,transmission capex,2038,24.905645
large100_mck_p50,transmission capex,2041,49.38942
large100_mck_p50,transmission capex,2044,20.076279
large100_mck_p50,transmission capex,2047,18.72193
large100_mck_p50,transmission capex,2050,17.551523
smr100_aj_p05,FOM,2010,56.87815
smr100_aj_p05,FOM,2015,63.04602
smr100_aj_p05,FOM,2020,67.71823
smr100_aj_p05,FOM,2023,68.81928
smr100_aj_p05,FOM,2026,78.039345
smr100_aj_p05,FOM,2029,84.72468
smr100_aj_p05,FOM,2031,87.786865
smr100_aj_p05,FOM,2032,87.96663
smr100_aj_p05,FOM,2033,90.06683
smr100_aj_p05,FOM,2034,92.30766
smr100_aj_p05,FOM,2035,94.93171
smr100_aj_p05,FOM,2038,99.41469
smr100_aj_p05,FOM,2041,102.346924
smr100_aj_p05,FOM,2044,106.46237
smr100_aj_p05,FOM,2047,109.193146
smr100_aj_p05,FOM,2050,110.79184
smr100_aj_p05,VOM + other op,2010,14.101312
smr100_aj_p05,VOM + other op,2015,12.542799
smr100_aj_p05,VOM + other op,2020,10.091411
smr100_aj_p05,VOM + other op,2023,9.515403
smr100_aj_p05,VOM + other op,2026,9.163416
smr100_aj_p05,VOM + other op,2029,9.28007
smr100_aj_p05,VOM + other op,2031,14.326328
smr100_aj_p05,VOM + other op,2032,18.952469
smr100_aj_p05,VOM + other op,2033,18.780169
smr100_aj_p05,VOM + other op,2034,18.865017
smr100_aj_p05,VOM + other op,2035,18.837805
smr100_aj_p05,VOM + other op,2038,19.803104
smr100_aj_p05,VOM + other op,2041,19.38904
smr100_aj_p05,VOM + other op,2044,11.305971
smr100_aj_p05,VOM + other op,2047,11.580643
smr100_aj_p05,VOM + other op,2050,11.7062025
smr100_aj_p05,converter + H2 capex,2010,0.9892953
smr100_aj_p05,converter + H2 capex,2023,2.048454
smr100_aj_p05,converter + H2 capex,2029,0.30869892
smr100_aj_p05,converter + H2 capex,2031,1.5971447
smr100_aj_p05,converter + H2 capex,2032,0.004510375
smr100_aj_p05,converter + H2 capex,2033,5.0993085
smr100_aj_p05,converter + H2 capex,2034,1.9230283
smr100_aj_p05,converter + H2 capex,2035,0.65228903
smr100_aj_p05,converter + H2 capex,2038,0.9160062
smr100_aj_p05,converter + H2 capex,2041,5.5470457
smr100_aj_p05,converter + H2 capex,2044,0.7936036
smr100_aj_p05,converter + H2 capex,2047,0.20569251
smr100_aj_p05,converter + H2 capex,2050,0.29876497
smr100_aj_p05,fuel,2010,159.90926
smr100_aj_p05,fuel,2015,87.87588
smr100_aj_p05,fuel,2020,53.633945
smr100_aj_p05,fuel,2023,52.695786
smr100_aj_p05,fuel,2026,60.476
smr100_aj_p05,fuel,2029,55.8874
smr100_aj_p05,fuel,2031,67.19447
smr100_aj_p05,fuel,2032,71.94031
smr100_aj_p05,fuel,2033,70.8317
smr100_aj_p05,fuel,2034,70.92201
smr100_aj_p05,fuel,2035,68.25039
smr100_aj_p05,fuel,2038,71.149086
smr100_aj_p05,fuel,2041,71.673096
smr100_aj_p05,fuel,2044,65.89772
smr100_aj_p05,fuel,2047,62.625755
smr100_aj_p05,fuel,2050,61.637283
smr100_aj_p05,generation capex,2010,105.247925
smr100_aj_p05,generation capex,2015,381.4723
smr100_aj_p05,generation capex,2020,289.35855
smr100_aj_p05,generation capex,2023,218.52766
smr100_aj_p05,generation capex,2026,570.9603
smr100_aj_p05,generation capex,2029,503.45935
smr100_aj_p05,generation capex,2031,259.0125
smr100_aj_p05,generation capex,2032,358.1117
smr100_aj_p05,generation capex,2033,81.32332
smr100_aj_p05,generation capex,2034,97.66382
smr100_aj_p05,generation capex,2035,140.14697
smr100_aj_p05,generation capex,2038,282.91663
smr100_aj_p05,generation capex,2041,350.24762
smr100_aj_p05,generation capex,2044,243.14316
smr100_aj_p05,generation capex,2047,263.31067
smr100_aj_p05,generation capex,2050,249.75557
smr100_aj_p05,policy credits (neg.),2010,-0.7221878
smr100_aj_p05,policy credits (neg.),2015,-16.97388
smr100_aj_p05,policy credits (neg.),2020,-18.319025
smr100_aj_p05,policy credits (neg.),2023,-19.357693
smr100_aj_p05,policy credits (neg.),2026,-101.05191
smr100_aj_p05,policy credits (neg.),2029,-84.16498
smr100_aj_p05,policy credits (neg.),2031,-48.83985
smr100_aj_p05,policy credits (neg.),2032,-53.094147
smr100_aj_p05,policy credits (neg.),2033,-45.9448
smr100_aj_p05,policy credits (neg.),2034,-46.39429
smr100_aj_p05,policy credits (neg.),2035,-46.189716
smr100_aj_p05,policy credits (neg.),2038,-39.690174
smr100_aj_p05,policy credits (neg.),2041,-26.070879
smr100_aj_p05,policy credits (neg.),2044,-1.2784233
smr100_aj_p05,policy credits (neg.),2047,-1.034305
smr100_aj_p05,policy credits (neg.),2050,-0.3313475
smr100_aj_p05,transmission capex,2010,4.231005
smr100_aj_p05,transmission capex,2015,16.194809
smr100_aj_p05,transmission capex,2020,15.90399
smr100_aj_p05,transmission capex,2023,9.9209585
smr100_aj_p05,transmission capex,2026,30.337795
smr100_aj_p05,transmission capex,2029,23.95772
smr100_aj_p05,transmission capex,2031,9.997056
smr100_aj_p05,transmission capex,2032,8.193508
smr100_aj_p05,transmission capex,2033,32.120964
smr100_aj_p05,transmission capex,2034,20.044641
smr100_aj_p05,transmission capex,2035,18.799828
smr100_aj_p05,transmission capex,2038,25.890987
smr100_aj_p05,transmission capex,2041,54.99546
smr100_aj_p05,transmission capex,2044,24.535234
smr100_aj_p05,transmission capex,2047,24.164848
smr100_aj_p05,transmission capex,2050,21.619389
smr100_aj_p50,FOM,2010,56.87815
smr100_aj_p50,FOM,2015,63.04602
smr100_aj_p50,FOM,2020,67.71823
smr100_aj_p50,FOM,2023,68.81928
smr100_aj_p50,FOM,2026,78.04349
smr100_aj_p50,FOM,2029,84.715355
smr100_aj_p50,FOM,2031,87.81103
smr100_aj_p50,FOM,2032,87.996735
smr100_aj_p50,FOM,2033,90.100494
smr100_aj_p50,FOM,2034,92.34937
smr100_aj_p50,FOM,2035,94.9819
smr100_aj_p50,FOM,2038,99.56236
smr100_aj_p50,FOM,2041,102.52324
smr100_aj_p50,FOM,2044,106.73188
smr100_aj_p50,FOM,2047,109.57136
smr100_aj_p50,FOM,2050,111.37579
smr100_aj_p50,VOM + other op,2010,14.101312
smr100_aj_p50,VOM + other op,2015,12.542799
smr100_aj_p50,VOM + other op,2020,10.091411
smr100_aj_p50,VOM + other op,2023,9.515403
smr100_aj_p50,VOM + other op,2026,9.164164
smr100_aj_p50,VOM + other op,2029,9.281366
smr100_aj_p50,VOM + other op,2031,14.332632
smr100_aj_p50,VOM + other op,2032,18.958355
smr100_aj_p50,VOM + other op,2033,18.781498
smr100_aj_p50,VOM + other op,2034,18.866146
smr100_aj_p50,VOM + other op,2035,18.841381
smr100_aj_p50,VOM + other op,2038,19.858574
smr100_aj_p50,VOM + other op,2041,19.479149
smr100_aj_p50,VOM + other op,2044,11.391742
smr100_aj_p50,VOM + other op,2047,11.75927
smr100_aj_p50,VOM + other op,2050,11.829562
smr100_aj_p50,converter + H2 capex,2010,1.0145994
smr100_aj_p50,converter + H2 capex,2023,2.074321
smr100_aj_p50,converter + H2 capex,2029,0.30869892
smr100_aj_p50,converter + H2 capex,2031,1.6398286
smr100_aj_p50,converter + H2 capex,2032,0.0046459767
smr100_aj_p50,converter + H2 capex,2033,5.055688
smr100_aj_p50,converter + H2 capex,2034,1.9829524
smr100_aj_p50,converter + H2 capex,2035,0.6528483
smr100_aj_p50,converter + H2 capex,2038,0.9064641
smr100_aj_p50,converter + H2 capex,2041,5.752534
smr100_aj_p50,converter + H2 capex,2044,0.5597152
smr100_aj_p50,converter + H2 capex,2047,0.13748346
smr100_aj_p50,converter + H2 capex,2050,0.24385437
smr100_aj_p50,fuel,2010,159.90926
smr100_aj_p50,fuel,2015,87.87588
smr100_aj_p50,fuel,2020,53.633945
smr100_aj_p50,fuel,2023,52.695786
smr100_aj_p50,fuel,2026,60.476
smr100_aj_p50,fuel,2029,55.8874
smr100_aj_p50,fuel,2031,67.19621
smr100_aj_p50,fuel,2032,71.94115
smr100_aj_p50,fuel,2033,70.83663
smr100_aj_p50,fuel,2034,70.909195
smr100_aj_p50,fuel,2035,68.22927
smr100_aj_p50,fuel,2038,71.134796
smr100_aj_p50,fuel,2041,71.70392
smr100_aj_p50,fuel,2044,65.83336
smr100_aj_p50,fuel,2047,62.625103
smr100_aj_p50,fuel,2050,61.68308
smr100_aj_p50,generation capex,2010,105.247925
smr100_aj_p50,generation capex,2015,381.4723
smr100_aj_p50,generation capex,2020,289.35855
smr100_aj_p50,generation capex,2023,218.52766
smr100_aj_p50,generation capex,2026,570.9603
smr100_aj_p50,generation capex,2029,503.45935
smr100_aj_p50,generation capex,2031,259.1903
smr100_aj_p50,generation capex,2032,358.70255
smr100_aj_p50,generation capex,2033,81.885506
smr100_aj_p50,generation capex,2034,98.55509
smr100_aj_p50,generation capex,2035,140.97133
smr100_aj_p50,generation capex,2038,293.018
smr100_aj_p50,generation capex,2041,361.63586
smr100_aj_p50,generation capex,2044,264.2428
smr100_aj_p50,generation capex,2047,299.75534
smr100_aj_p50,generation capex,2050,308.95505
smr100_aj_p50,policy credits (neg.),2010,-0.7221878
smr100_aj_p50,policy credits (neg.),2015,-16.97388
smr100_aj_p50,policy credits (neg.),2020,-18.319025
smr100_aj_p50,policy credits (neg.),2023,-19.357693
smr100_aj_p50,policy credits (neg.),2026,-101.05191
smr100_aj_p50,policy credits (neg.),2029,-84.16498
smr100_aj_p50,policy credits (neg.),2031,-48.836613
smr100_aj_p50,policy credits (neg.),2032,-53.09308
smr100_aj_p50,policy credits (neg.),2033,-45.949448
smr100_aj_p50,policy credits (neg.),2034,-46.42272
smr100_aj_p50,policy credits (neg.),2035,-46.19522
smr100_aj_p50,policy credits (neg.),2038,-39.894333
smr100_aj_p50,policy credits (neg.),2041,-26.325993
smr100_aj_p50,policy credits (neg.),2044,-1.4991844
smr100_aj_p50,policy credits (neg.),2047,-1.3269092
smr100_aj_p50,policy credits (neg.),2050,-0.36934522
smr100_aj_p50,transmission capex,2010,4.231005
smr100_aj_p50,transmission capex,2015,16.194809
smr100_aj_p50,transmission capex,2020,15.90399
smr100_aj_p50,transmission capex,2023,9.9209585
smr100_aj_p50,transmission capex,2026,30.337795
smr100_aj_p50,transmission capex,2029,23.95772
smr100_aj_p50,transmission capex,2031,10.003501
smr100_aj_p50,transmission capex,2032,8.183353
smr100_aj_p50,transmission capex,2033,32.14488
smr100_aj_p50,transmission capex,2034,20.072937
smr100_aj_p50,transmission capex,2035,18.855259
smr100_aj_p50,transmission capex,2038,26.964302
smr100_aj_p50,transmission capex,2041,57.14599
smr100_aj_p50,transmission capex,2044,26.329697
smr100_aj_p50,transmission capex,2047,23.455074
smr100_aj_p50,transmission capex,2050,21.07578
smr100_aj_p95,FOM,2010,56.87815
smr100_aj_p95,FOM,2015,63.04602
smr100_aj_p95,FOM,2020,67.71823
smr100_aj_p95,FOM,2023,68.81928
smr100_aj_p95,FOM,2026,78.06194
smr100_aj_p95,FOM,2029,84.74776
smr100_aj_p95,FOM,2031,87.85333
smr100_aj_p95,FOM,2032,88.065704
smr100_aj_p95,FOM,2033,90.19119
smr100_aj_p95,FOM,2034,92.48147
smr100_aj_p95,FOM,2035,95.137596
smr100_aj_p95,FOM,2038,99.98705
smr100_aj_p95,FOM,2041,103.25011
smr100_aj_p95,FOM,2044,107.83486
smr100_aj_p95,FOM,2047,111.27123
smr100_aj_p95,FOM,2050,113.97518
smr100_aj_p95,VOM + other op,2010,14.101312
smr100_aj_p95,VOM + other op,2015,12.542799
smr100_aj_p95,VOM + other op,2020,10.091411
smr100_aj_p95,VOM + other op,2023,9.515403
smr100_aj_p95,VOM + other op,2026,9.166902
smr100_aj_p95,VOM + other op,2029,9.286119
smr100_aj_p95,VOM + other op,2031,14.322613
smr100_aj_p95,VOM + other op,2032,18.94497
smr100_aj_p95,VOM + other op,2033,18.76701
smr100_aj_p95,VOM + other op,2034,18.844357
smr100_aj_p95,VOM + other op,2035,18.83227
smr100_aj_p95,VOM + other op,2038,19.884153
smr100_aj_p95,VOM + other op,2041,19.50895
smr100_aj_p95,VOM + other op,2044,11.494332
smr100_aj_p95,VOM + other op,2047,11.881973
smr100_aj_p95,VOM + other op,2050,12.01404
smr100_aj_p95,converter + H2 capex,2010,0.96946925
smr100_aj_p95,converter + H2 capex,2023,2.0361817
smr100_aj_p95,converter + H2 capex,2029,0.30869892
smr100_aj_p95,converter + H2 capex,2031,1.5029291
smr100_aj_p95,converter + H2 capex,2032,0.00461732
smr100_aj_p95,converter + H2 capex,2033,4.964871
smr100_aj_p95,converter + H2 capex,2034,2.051264
smr100_aj_p95,converter + H2 capex,2035,0.64270824
smr100_aj_p95,converter + H2 capex,2038,0.91902465
smr100_aj_p95,converter + H2 capex,2041,5.7230935
smr100_aj_p95,converter + H2 capex,2044,0.48532325
smr100_aj_p95,converter + H2 capex,2047,0.25436515
smr100_aj_p95,converter + H2 capex,2050,0.09535577
smr100_aj_p95,fuel,2010,159.90926
smr100_aj_p95,fuel,2015,87.87588
smr100_aj_p95,fuel,2020,53.633945
smr100_aj_p95,fuel,2023,52.695786
smr100_aj_p95,fuel,2026,60.476
smr100_aj_p95,fuel,2029,55.8874
smr100_aj_p95,fuel,2031,67.18398
smr100_aj_p95,fuel,2032,71.91419
smr100_aj_p95,fuel,2033,70.816055
smr100_aj_p95,fuel,2034,70.824715
smr100_aj_p95,fuel,2035,68.16376
smr100_aj_p95,fuel,2038,71.10915
smr100_aj_p95,fuel,2041,71.44491
smr100_aj_p95,fuel,2044,65.62972
smr100_aj_p95,fuel,2047,62.241768
smr100_aj_p95,fuel,2050,61.416454
smr100_aj_p95,generation capex,2010,105.247925
smr100_aj_p95,generation capex,2015,381.4723
smr100_aj_p95,generation capex,2020,289.35855
smr100_aj_p95,generation capex,2023,218.52766
smr100_aj_p95,generation capex,2026,570.9603
smr100_aj_p95,generation capex,2029,503.45935
smr100_aj_p95,generation capex,2031,260.51437
smr100_aj_p95,generation capex,2032,360.69016
smr100_aj_p95,generation capex,2033,83.39126
smr100_aj_p95,generation capex,2034,100.61988
smr100_aj_p95,generation capex,2035,142.29425
smr100_aj_p95,generation capex,2038,303.2648
smr100_aj_p95,generation capex,2041,374.58966
smr100_aj_p95,generation capex,2044,279.48184
smr100_aj_p95,generation capex,2047,328.70792
smr100_aj_p95,generation capex,2050,347.41956
smr100_aj_p95,policy credits (neg.),2010,-0.7221878
smr100_aj_p95,policy credits (neg.),2015,-16.97388
smr100_aj_p95,policy credits (neg.),2020,-18.319025
smr100_aj_p95,policy credits (neg.),2023,-19.357693
smr100_aj_p95,policy credits (neg.),2026,-101.05191
smr100_aj_p95,policy credits (neg.),2029,-84.16498
smr100_aj_p95,policy credits (neg.),2031,-48.83071
smr100_aj_p95,policy credits (neg.),2032,-53.048164
smr100_aj_p95,policy credits (neg.),2033,-45.911972
smr100_aj_p95,policy credits (neg.),2034,-46.37714
smr100_aj_p95,policy credits (neg.),2035,-46.171516
smr100_aj_p95,policy credits (neg.),2038,-39.948967
smr100_aj_p95,policy credits (neg.),2041,-26.427643
smr100_aj_p95,policy credits (neg.),2044,-1.8007936
smr100_aj_p95,policy credits (neg.),2047,-1.6463515
smr100_aj_p95,policy credits (neg.),2050,-0.4627638
smr100_aj_p95,transmission capex,2010,4.231005
smr100_aj_p95,transmission capex,2015,16.194809
smr100_aj_p95,transmission capex,2020,15.90399
smr100_aj_p95,transmission capex,2023,9.9209585
smr100_aj_p95,transmission capex,2026,30.337795
smr100_aj_p95,transmission capex,2029,23.95772
smr100_aj_p95,transmission capex,2031,9.987577
smr100_aj_p95,transmission capex,2032,8.1861515
smr100_aj_p95,transmission capex,2033,32.033596
smr100_aj_p95,transmission capex,2034,20.167957
smr100_aj_p95,transmission capex,2035,18.946146
smr100_aj_p95,transmission capex,2038,28.357086
smr100_aj_p95,transmission capex,2041,62.20193
smr100_aj_p95,transmission capex,2044,29.630299
smr100_aj_p95,transmission capex,2047,25.949276
smr100_aj_p95,transmission capex,2050,20.364283
smr100_cop28_p05,FOM,2010,56.87815
smr100_cop28_p05,FOM,2015,63.04602
smr100_cop28_p05,FOM,2020,67.71823
smr100_cop28_p05,FOM,2023,68.81928
smr100_cop28_p05,FOM,2026,78.03588
smr100_cop28_p05,FOM,2029,84.72423
smr100_cop28_p05,FOM,2031,88.325134
smr100_cop28_p05,FOM,2032,88.73042
smr100_cop28_p05,FOM,2033,91.102974
smr100_cop28_p05,FOM,2034,93.84384
smr100_cop28_p05,FOM,2035,96.870224
smr100_cop28_p05,FOM,2038,101.569176
smr100_cop28_p05,FOM,2041,105.47842
smr100_cop28_p05,FOM,2044,112.161804
smr100_cop28_p05,FOM,2047,117.53295
smr100_cop28_p05,FOM,2050,121.7826
smr100_cop28_p05,VOM + other op,2010,14.101312
smr100_cop28_p05,VOM + other op,2015,12.542799
smr100_cop28_p05,VOM + other op,2020,10.091411
smr100_cop28_p05,VOM + other op,2023,9.515403
smr100_cop28_p05,VOM + other op,2026,9.162918
smr100_cop28_p05,VOM + other op,2029,9.279206
smr100_cop28_p05,VOM + other op,2031,14.345732
smr100_cop28_p05,VOM + other op,2032,18.683512
smr100_cop28_p05,VOM + other op,2033,18.430761
smr100_cop28_p05,VOM + other op,2034,18.50433
smr100_cop28_p05,VOM + other op,2035,18.488867
smr100_cop28_p05,VOM + other op,2038,19.45198
smr100_cop28_p05,VOM + other op,2041,19.105501
smr100_cop28_p05,VOM + other op,2044,11.368673
smr100_cop28_p05,VOM + other op,2047,11.705036
smr100_cop28_p05,VOM + other op,2050,11.899193
smr100_cop28_p05,converter + H2 capex,2010,1.0145994
smr100_cop28_p05,converter + H2 capex,2023,1.9366467
smr100_cop28_p05,converter + H2 capex,2029,0.30869892
smr100_cop28_p05,converter + H2 capex,2031,1.2452391
smr100_cop28_p05,converter + H2 capex,2032,0.0040261117
smr100_cop28_p05,converter + H2 capex,2033,4.5462155
smr100_cop28_p05,converter + H2 capex,2034,1.4746034
smr100_cop28_p05,converter + H2 capex,2035,0.9241408
smr100_cop28_p05,converter + H2 capex,2038,1.0981113
smr100_cop28_p05,converter + H2 capex,2041,4.8855886
smr100_cop28_p05,converter + H2 capex,2044,0.55156934
smr100_cop28_p05,converter + H2 capex,2047,0.19942896
smr100_cop28_p05,fuel,2010,159.90926
smr100_cop28_p05,fuel,2015,87.87588
smr100_cop28_p05,fuel,2020,53.633945
smr100_cop28_p05,fuel,2023,52.695786
smr100_cop28_p05,fuel,2026,60.476
smr100_cop28_p05,fuel,2029,55.8874
smr100_cop28_p05,fuel,2031,66.21704
smr100_cop28_p05,fuel,2032,69.70956
smr100_cop28_p05,fuel,2033,68.71313
smr100_cop28_p05,fuel,2034,67.838806
smr100_cop28_p05,fuel,2035,64.79207
smr100_cop28_p05,fuel,2038,67.605835
smr100_cop28_p05,fuel,2041,66.36091
smr100_cop28_p05,fuel,2044,57.698334
smr100_cop28_p05,fuel,2047,51.411926
smr100_cop28_p05,fuel,2050,48.155914
smr100_cop28_p05,generation capex,2010,105.247925
smr100_cop28_p05,generation capex,2015,381.4723
smr100_cop28_p05,generation capex,2020,289.35855
smr100_cop28_p05,generation capex,2023,218.52766
smr100_cop28_p05,generation capex,2026,570.9603
smr100_cop28_p05,generation capex,2029,503.45935
smr100_cop28_p05,generation capex,2031,300.41827
smr100_cop28_p05,generation capex,2032,370.25253
smr100_cop28_p05,generation capex,2033,93.02876
smr100_cop28_p05,generation capex,2034,112.44405
smr100_cop28_p05,generation capex,2035,146.00096
smr100_cop28_p05,generation capex,2038,272.67065
smr100_cop28_p05,generation capex,2041,361.9722
smr100_cop28_p05,generation capex,2044,235.951
smr100_cop28_p05,generation capex,2047,254.84471
smr100_cop28_p05,generation capex,2050,228.26337
smr100_cop28_p05,policy credits (neg.),2010,-0.7221878
smr100_cop28_p05,policy credits (neg.),2015,-16.97388
smr100_cop28_p05,policy credits (neg.),2020,-18.319025
smr100_cop28_p05,policy credits (neg.),2023,-19.357693
smr100_cop28_p05,policy credits (neg.),2026,-101.05191
smr100_cop28_p05,policy credits (neg.),2029,-84.16498
smr100_cop28_p05,policy credits (neg.),2031,-48.76175
smr100_cop28_p05,policy credits (neg.),2032,-50.989693
smr100_cop28_p05,policy credits (neg.),2033,-44.92675
smr100_cop28_p05,policy credits (neg.),2034,-45.14906
smr100_cop28_p05,policy credits (neg.),2035,-44.984867
smr100_cop28_p05,policy credits (neg.),2038,-38.5533
smr100_cop28_p05,policy credits (neg.),2041,-24.936872
smr100_cop28_p05,policy credits (neg.),2044,-1.1555431
smr100_cop28_p05,policy credits (neg.),2047,-0.9583663
smr100_cop28_p05,policy credits (neg.),2050,1.3978246e-05
smr100_cop28_p05,transmission capex,2010,4.231005
smr100_cop28_p05,transmission capex,2015,16.194809
smr100_cop28_p05,transmission capex,2020,15.90399
smr100_cop28_p05,transmission capex,2023,9.9209585
smr100_cop28_p05,transmission capex,2026,30.337795
smr100_cop28_p05,transmission capex,2029,23.95772
smr100_cop28_p05,transmission capex,2031,9.571673
smr100_cop28_p05,transmission capex,2032,7.595268
smr100_cop28_p05,transmission capex,2033,27.712896
smr100_cop28_p05,transmission capex,2034,17.294838
smr100_cop28_p05,transmission capex,2035,17.589949
smr100_cop28_p05,transmission capex,2038,22.932953
smr100_cop28_p05,transmission capex,2041,43.620285
smr100_cop28_p05,transmission capex,2044,16.10836
smr100_cop28_p05,transmission capex,2047,12.820061
smr100_cop28_p05,transmission capex,2050,19.051878
smr100_cop28_p50,FOM,2010,56.87815
smr100_cop28_p50,FOM,2015,63.04602
smr100_cop28_p50,FOM,2020,67.71823
smr100_cop28_p50,FOM,2023,68.81928
smr100_cop28_p50,FOM,2026,78.053764
smr100_cop28_p50,FOM,2029,84.761284
smr100_cop28_p50,FOM,2031,88.811874
smr100_cop28_p50,FOM,2032,89.617966
smr100_cop28_p50,FOM,2033,92.38681
smr100_cop28_p50,FOM,2034,95.56807
smr100_cop28_p50,FOM,2035,99.041824
smr100_cop28_p50,FOM,2038,104.28283
smr100_cop28_p50,FOM,2041,109.523254
smr100_cop28_p50,FOM,2044,118.89079
smr100_cop28_p50,FOM,2047,126.950226
smr100_cop28_p50,FOM,2050,134.14798
smr100_cop28_p50,VOM + other op,2010,14.101312
smr100_cop28_p50,VOM + other op,2015,12.542799
smr100_cop28_p50,VOM + other op,2020,10.091411
smr100_cop28_p50,VOM + other op,2023,9.515403
smr100_cop28_p50,VOM + other op,2026,9.165657
smr100_cop28_p50,VOM + other op,2029,9.283958
smr100_cop28_p50,VOM + other op,2031,14.324517
smr100_cop28_p50,VOM + other op,2032,18.732862
smr100_cop28_p50,VOM + other op,2033,18.502777
smr100_cop28_p50,VOM + other op,2034,18.618797
smr100_cop28_p50,VOM + other op,2035,18.607567
smr100_cop28_p50,VOM + other op,2038,19.657276
smr100_cop28_p50,VOM + other op,2041,19.328297
smr100_cop28_p50,VOM + other op,2044,11.712726
smr100_cop28_p50,VOM + other op,2047,12.237029
smr100_cop28_p50,VOM + other op,2050,12.554878
smr100_cop28_p50,converter + H2 capex,2010,1.0145994
smr100_cop28_p50,converter + H2 capex,2023,2.074321
smr100_cop28_p50,converter + H2 capex,2029,0.30869892
smr100_cop28_p50,converter + H2 capex,2031,1.5158912
smr100_cop28_p50,converter + H2 capex,2032,0.004901417
smr100_cop28_p50,converter + H2 capex,2033,4.300951
smr100_cop28_p50,converter + H2 capex,2034,1.4807317
smr100_cop28_p50,converter + H2 capex,2035,1.4927484
smr100_cop28_p50,converter + H2 capex,2038,0.6886207
smr100_cop28_p50,converter + H2 capex,2041,4.9550486
smr100_cop28_p50,converter + H2 capex,2044,0.51130444
smr100_cop28_p50,converter + H2 capex,2047,0.36261716
smr100_cop28_p50,fuel,2010,159.90926
smr100_cop28_p50,fuel,2015,87.87588
smr100_cop28_p50,fuel,2020,53.633945
smr100_cop28_p50,fuel,2023,52.695786
smr100_cop28_p50,fuel,2026,60.476
smr100_cop28_p50,fuel,2029,55.8874
smr100_cop28_p50,fuel,2031,66.17197
smr100_cop28_p50,fuel,2032,69.69682
smr100_cop28_p50,fuel,2033,68.890854
smr100_cop28_p50,fuel,2034,68.049675
smr100_cop28_p50,fuel,2035,64.787445
smr100_cop28_p50,fuel,2038,67.67287
smr100_cop28_p50,fuel,2041,66.53245
smr100_cop28_p50,fuel,2044,57.77212
smr100_cop28_p50,fuel,2047,51.31846
smr100_cop28_p50,fuel,2050,48.1374
smr100_cop28_p50,generation capex,2010,105.247925
smr100_cop28_p50,generation capex,2015,381.4723
smr100_cop28_p50,generation capex,2020,289.35855
smr100_cop28_p50,generation capex,2023,218.52766
smr100_cop28_p50,generation capex,2026,570.9603
smr100_cop28_p50,generation capex,2029,503.45935
smr100_cop28_p50,generation capex,2031,326.55237
smr100_cop28_p50,generation capex,2032,389.0781
smr100_cop28_p50,generation capex,2033,108.800735
smr100_cop28_p50,generation capex,2034,131.28485
smr100_cop28_p50,generation capex,2035,164.34514
smr100_cop28_p50,generation capex,2038,296.75424
smr100_cop28_p50,generation capex,2041,412.56088
smr100_cop28_p50,generation capex,2044,349.92444
smr100_cop28_p50,generation capex,2047,362.25418
smr100_cop28_p50,generation capex,2050,336.8744
smr100_cop28_p50,policy credits (neg.),2010,-0.7221878
smr100_cop28_p50,policy credits (neg.),2015,-16.97388
smr100_cop28_p50,policy credits (neg.),2020,-18.319025
smr100_cop28_p50,policy credits (neg.),2023,-19.357693
smr100_cop28_p50,policy credits (neg.),2026,-101.05191
smr100_cop28_p50,policy credits (neg.),2029,-84.16498
smr100_cop28_p50,policy credits (neg.),2031,-49.067818
smr100_cop28_p50,policy credits (neg.),2032,-50.549595
smr100_cop28_p50,policy credits (neg.),2033,-44.937767
smr100_cop28_p50,policy credits (neg.),2034,-45.274017
smr100_cop28_p50,policy credits (neg.),2035,-44.979183
smr100_cop28_p50,policy credits (neg.),2038,-38.74257
smr100_cop28_p50,policy credits (neg.),2041,-25.093037
smr100_cop28_p50,policy credits (neg.),2044,-1.3119291
smr100_cop28_p50,policy credits (neg.),2047,-1.1238915
smr100_cop28_p50,policy credits (neg.),2050,1.3978246e-05
smr100_cop28_p50,transmission capex,2010,4.231005
smr100_cop28_p50,transmission capex,2015,16.194809
smr100_cop28_p50,transmission capex,2020,15.90399
smr100_cop28_p50,transmission capex,2023,9.9209585
smr100_cop28_p50,transmission capex,2026,30.337795
smr100_cop28_p50,transmission capex,2029,23.95772
smr100_cop28_p50,transmission capex,2031,9.641734
smr100_cop28_p50,transmission capex,2032,7.578865
smr100_cop28_p50,transmission capex,2033,27.91152
smr100_cop28_p50,transmission capex,2034,16.7197
smr100_cop28_p50,transmission capex,2035,18.951387
smr100_cop28_p50,transmission capex,2038,23.658642
smr100_cop28_p50,transmission capex,2041,46.95719
smr100_cop28_p50,transmission capex,2044,13.7236595
smr100_cop28_p50,transmission capex,2047,12.738598
smr100_cop28_p50,transmission capex,2050,19.911434
smr100_cop28_p95,FOM,2010,56.87815
smr100_cop28_p95,FOM,2015,63.04602
smr100_cop28_p95,FOM,2020,67.71823
smr100_cop28_p95,FOM,2023,68.81928
smr100_cop28_p95,FOM,2026,78.06387
smr100_cop28_p95,FOM,2029,84.77333
smr100_cop28_p95,FOM,2031,89.08021
smr100_cop28_p95,FOM,2032,90.16496
smr100_cop28_p95,FOM,2033,93.215256
smr100_cop28_p95,FOM,2034,96.59575
smr100_cop28_p95,FOM,2035,100.314224
smr100_cop28_p95,FOM,2038,105.923004
smr100_cop28_p95,FOM,2041,111.84018
smr100_cop28_p95,FOM,2044,122.97017
smr100_cop28_p95,FOM,2047,132.77815
smr100_cop28_p95,FOM,2050,141.71413
smr100_cop28_p95,VOM + other op,2010,14.101312
smr100_cop28_p95,VOM + other op,2015,12.542799
smr100_cop28_p95,VOM + other op,2020,10.091411
smr100_cop28_p95,VOM + other op,2023,9.515403
smr100_cop28_p95,VOM + other op,2026,9.1671505
smr100_cop28_p95,VOM + other op,2029,9.286552
smr100_cop28_p95,VOM + other op,2031,14.373009
smr100_cop28_p95,VOM + other op,2032,18.784302
smr100_cop28_p95,VOM + other op,2033,18.578304
smr100_cop28_p95,VOM + other op,2034,18.734158
smr100_cop28_p95,VOM + other op,2035,18.747105
smr100_cop28_p95,VOM + other op,2038,19.967058
smr100_cop28_p95,VOM + other op,2041,19.73539
smr100_cop28_p95,VOM + other op,2044,11.984461
smr100_cop28_p95,VOM + other op,2047,12.615728
smr100_cop28_p95,VOM + other op,2050,13.015522
smr100_cop28_p95,converter + H2 capex,2010,1.0145994
smr100_cop28_p95,converter + H2 capex,2023,2.074321
smr100_cop28_p95,converter + H2 capex,2029,0.30869892
smr100_cop28_p95,converter + H2 capex,2031,1.6446346
smr100_cop28_p95,converter + H2 capex,2032,0.0052711223
smr100_cop28_p95,converter + H2 capex,2033,4.1300306
smr100_cop28_p95,converter + H2 capex,2034,1.7034653
smr100_cop28_p95,converter + H2 capex,2035,1.5699173
smr100_cop28_p95,converter + H2 capex,2038,0.9243735
smr100_cop28_p95,converter + H2 capex,2041,5.0089245
smr100_cop28_p95,converter + H2 capex,2044,0.49007618
smr100_cop28_p95,converter + H2 capex,2047,0.15449883
smr100_cop28_p95,fuel,2010,159.90926
smr100_cop28_p95,fuel,2015,87.87588
smr100_cop28_p95,fuel,2020,53.633945
smr100_cop28_p95,fuel,2023,52.695786
smr100_cop28_p95,fuel,2026,60.476
smr100_cop28_p95,fuel,2029,55.8874
smr100_cop28_p95,fuel,2031,66.195595
smr100_cop28_p95,fuel,2032,69.815956
smr100_cop28_p95,fuel,2033,68.76419
smr100_cop28_p95,fuel,2034,67.92956
smr100_cop28_p95,fuel,2035,64.788704
smr100_cop28_p95,fuel,2038,67.780106
smr100_cop28_p95,fuel,2041,67.140594
smr100_cop28_p95,fuel,2044,57.74495
smr100_cop28_p95,fuel,2047,51.183006
smr100_cop28_p95,fuel,2050,48.146637
smr100_cop28_p95,generation capex,2010,105.247925
smr100_cop28_p95,generation capex,2015,381.4723
smr100_cop28_p95,generation capex,2020,289.35855
smr100_cop28_p95,generation capex,2023,218.52766
smr100_cop28_p95,generation capex,2026,570.9603
smr100_cop28_p95,generation capex,2029,503.45935
smr100_cop28_p95,generation capex,2031,340.0369
smr100_cop28_p95,generation capex,2032,419.4523
smr100_cop28_p95,generation capex,2033,141.85005
smr100_cop28_p95,generation capex,2034,162.93549
smr100_cop28_p95,generation capex,2035,193.16747
smr100_cop28_p95,generation capex,2038,337.8
smr100_cop28_p95,generation capex,2041,499.19696
smr100_cop28_p95,generation capex,2044,550.80505
smr100_cop28_p95,generation capex,2047,553.0628
smr100_cop28_p95,generation capex,2050,532.0576
smr100_cop28_p95,policy credits (neg.),2010,-0.7221878
smr100_cop28_p95,policy credits (neg.),2015,-16.97388
smr100_cop28_p95,policy credits (neg.),2020,-18.319025
smr100_cop28_p95,policy credits (neg.),2023,-19.357693
smr100_cop28_p95,policy credits (neg.),2026,-101.05191
smr100_cop28_p95,policy credits (neg.),2029,-84.16498
smr100_cop28_p95,policy credits (neg.),2031,-49.159218
smr100_cop28_p95,policy credits (neg.),2032,-50.629005
smr100_cop28_p95,policy credits (neg.),2033,-45.101135
smr100_cop28_p95,policy credits (neg.),2034,-45.555603
smr100_cop28_p95,policy credits (neg.),2035,-45.151855
smr100_cop28_p95,policy credits (neg.),2038,-39.27822
smr100_cop28_p95,policy credits (neg.),2041,-25.578606
smr100_cop28_p95,policy credits (neg.),2044,-1.6256545
smr100_cop28_p95,policy credits (neg.),2047,-1.6232579
smr100_cop28_p95,policy credits (neg.),2050,-0.24904928
smr100_cop28_p95,transmission capex,2010,4.231005
smr100_cop28_p95,transmission capex,2015,16.194809
smr100_cop28_p95,transmission capex,2020,15.90399
smr100_cop28_p95,transmission capex,2023,9.9209585
smr100_cop28_p95,transmission capex,2026,30.337795
smr100_cop28_p95,transmission capex,2029,23.95772
smr100_cop28_p95,transmission capex,2031,9.659421
smr100_cop28_p95,transmission capex,2032,7.6247516
smr100_cop28_p95,transmission capex,2033,28.296957
smr100_cop28_p95,transmission capex,2034,16.476166
smr100_cop28_p95,transmission capex,2035,19.90143
smr100_cop28_p95,transmission capex,2038,24.724285
smr100_cop28_p95,transmission capex,2041,48.612625
smr100_cop28_p95,transmission capex,2044,17.441076
smr100_cop28_p95,transmission capex,2047,15.549739
smr100_cop28_p95,transmission capex,2050,19.2681
smr100_eia_p05,FOM,2010,56.87815
smr100_eia_p05,FOM,2015,63.04602
smr100_eia_p05,FOM,2020,67.71823
smr100_eia_p05,FOM,2023,68.81928
smr100_eia_p05,FOM,2026,78.03907
smr100_eia_p05,FOM,2029,84.7242
smr100_eia_p05,FOM,2031,87.76787
smr100_eia_p05,FOM,2032,87.91665
smr100_eia_p05,FOM,2033,89.95789
smr100_eia_p05,FOM,2034,92.18616
smr100_eia_p05,FOM,2035,94.778946
smr100_eia_p05,FOM,2038,99.645004
smr100_eia_p05,FOM,2041,102.88159
smr100_eia_p05,FOM,2044,106.54005
smr100_eia_p05,FOM,2047,108.77761
smr100_eia_p05,FOM,2050,109.86946
smr100_eia_p05,VOM + other op,2010,14.101312
smr100_eia_p05,VOM + other op,2015,12.542799
smr100_eia_p05,VOM + other op,2020,10.091411
smr100_eia_p05,VOM + other op,2023,9.515403
smr100_eia_p05,VOM + other op,2026,9.163416
smr100_eia_p05,VOM + other op,2029,9.28007
smr100_eia_p05,VOM + other op,2031,14.312984
smr100_eia_p05,VOM + other op,2032,18.949486
smr100_eia_p05,VOM + other op,2033,18.80203
smr100_eia_p05,VOM + other op,2034,18.882236
smr100_eia_p05,VOM + other op,2035,18.871689
smr100_eia_p05,VOM + other op,2038,19.853933
smr100_eia_p05,VOM + other op,2041,19.401146
smr100_eia_p05,VOM + other op,2044,11.427151
smr100_eia_p05,VOM + other op,2047,11.781242
smr100_eia_p05,VOM + other op,2050,11.838783
smr100_eia_p05,converter + H2 capex,2010,1.0036664
smr100_eia_p05,converter + H2 capex,2023,2.063145
smr100_eia_p05,converter + H2 capex,2029,1.3674948
smr100_eia_p05,converter + H2 capex,2031,0.26884568
smr100_eia_p05,converter + H2 capex,2032,0.004623076
smr100_eia_p05,converter + H2 capex,2033,5.101078
smr100_eia_p05,converter + H2 capex,2034,1.8790208
smr100_eia_p05,converter + H2 capex,2035,0.67016107
smr100_eia_p05,converter + H2 capex,2038,0.89894813
smr100_eia_p05,converter + H2 capex,2041,5.599028
smr100_eia_p05,converter + H2 capex,2044,0.7038694
smr100_eia_p05,converter + H2 capex,2047,0.8835112
smr100_eia_p05,converter + H2 capex,2050,0.30040333
smr100_eia_p05,fuel,2010,159.90926
smr100_eia_p05,fuel,2015,87.87588
smr100_eia_p05,fuel,2020,53.633945
smr100_eia_p05,fuel,2023,52.695786
smr100_eia_p05,fuel,2026,60.476
smr100_eia_p05,fuel,2029,55.8874
smr100_eia_p05,fuel,2031,67.243515
smr100_eia_p05,fuel,2032,72.08668
smr100_eia_p05,fuel,2033,71.10486
smr100_eia_p05,fuel,2034,71.12981
smr100_eia_p05,fuel,2035,68.53647
smr100_eia_p05,fuel,2038,71.31228
smr100_eia_p05,fuel,2041,71.003235
smr100_eia_p05,fuel,2044,65.99467
smr100_eia_p05,fuel,2047,63.157345
smr100_eia_p05,fuel,2050,62.006393
smr100_eia_p05,generation capex,2010,105.247925
smr100_eia_p05,generation capex,2015,381.4723
smr100_eia_p05,generation capex,2020,289.35855
smr100_eia_p05,generation capex,2023,218.52766
smr100_eia_p05,generation capex,2026,570.9603
smr100_eia_p05,generation capex,2029,503.45935
smr100_eia_p05,generation capex,2031,255.98257
smr100_eia_p05,generation capex,2032,356.1794
smr100_eia_p05,generation capex,2033,77.545654
smr100_eia_p05,generation capex,2034,97.65983
smr100_eia_p05,generation capex,2035,137.98392
smr100_eia_p05,generation capex,2038,295.5117
smr100_eia_p05,generation capex,2041,358.33563
smr100_eia_p05,generation capex,2044,229.37416
smr100_eia_p05,generation capex,2047,254.71332
smr100_eia_p05,generation capex,2050,248.93573
smr100_eia_p05,policy credits (neg.),2010,-0.7221878
smr100_eia_p05,policy credits (neg.),2015,-16.97388
smr100_eia_p05,policy credits (neg.),2020,-18.319025
smr100_eia_p05,policy credits (neg.),2023,-19.357693
smr100_eia_p05,policy credits (neg.),2026,-101.05191
smr100_eia_p05,policy credits (neg.),2029,-84.16498
smr100_eia_p05,policy credits (neg.),2031,-48.83954
smr100_eia_p05,policy credits (neg.),2032,-53.1525
smr100_eia_p05,policy credits (neg.),2033,-46.00458
smr100_eia_p05,policy credits (neg.),2034,-46.404552
smr100_eia_p05,policy credits (neg.),2035,-46.354233
smr100_eia_p05,policy credits (neg.),2038,-39.715492
smr100_eia_p05,policy credits (neg.),2041,-26.069443
smr100_eia_p05,policy credits (neg.),2044,-1.4763137
smr100_eia_p05,policy credits (neg.),2047,-1.2180588
smr100_eia_p05,policy credits (neg.),2050,-0.35059226
smr100_eia_p05,transmission capex,2010,4.231005
smr100_eia_p05,transmission capex,2015,16.194809
smr100_eia_p05,transmission capex,2020,15.90399
smr100_eia_p05,transmission capex,2023,9.9209585
smr100_eia_p05,transmission capex,2026,30.337795
smr100_eia_p05,transmission capex,2029,23.95772
smr100_eia_p05,transmission capex,2031,9.997607
smr100_eia_p05,transmission capex,2032,8.275506
smr100_eia_p05,transmission capex,2033,32.29772
smr100_eia_p05,transmission capex,2034,19.566124
smr100_eia_p05,transmission capex,2035,19.313301
smr100_eia_p05,transmission capex,2038,23.604542
smr100_eia_p05,transmission capex,2041,53.692726
smr100_eia_p05,transmission capex,2044,28.32108
smr100_eia_p05,transmission capex,2047,29.469315
smr100_eia_p05,transmission capex,2050,26.21334
smr100_eia_p50,FOM,2010,56.87815
smr100_eia_p50,FOM,2015,63.04602
smr100_eia_p50,FOM,2020,67.71823
smr100_eia_p50,FOM,2023,68.81928
smr100_eia_p50,FOM,2026,78.0471
smr100_eia_p50,FOM,2029,84.73794
smr100_eia_p50,FOM,2031,87.76406
smr100_eia_p50,FOM,2032,87.91278
smr100_eia_p50,FOM,2033,89.95405
smr100_eia_p50,FOM,2034,92.18235
smr100_eia_p50,FOM,2035,94.77504
smr100_eia_p50,FOM,2038,99.97998
smr100_eia_p50,FOM,2041,103.37196
smr100_eia_p50,FOM,2044,107.10368
smr100_eia_p50,FOM,2047,109.29008
smr100_eia_p50,FOM,2050,110.4917
smr100_eia_p50,VOM + other op,2010,14.101312
smr100_eia_p50,VOM + other op,2015,12.542799
smr100_eia_p50,VOM + other op,2020,10.091411
smr100_eia_p50,VOM + other op,2023,9.515403
smr100_eia_p50,VOM + other op,2026,9.16466
smr100_eia_p50,VOM + other op,2029,9.28223
smr100_eia_p50,VOM + other op,2031,14.315048
smr100_eia_p50,VOM + other op,2032,18.951506
smr100_eia_p50,VOM + other op,2033,18.804073
smr100_eia_p50,VOM + other op,2034,18.884287
smr100_eia_p50,VOM + other op,2035,18.873577
smr100_eia_p50,VOM + other op,2038,19.928383
smr100_eia_p50,VOM + other op,2041,19.489288
smr100_eia_p50,VOM + other op,2044,11.509045
smr100_eia_p50,VOM + other op,2047,11.916061
smr100_eia_p50,VOM + other op,2050,11.955926
smr100_eia_p50,converter + H2 capex,2010,1.0059102
smr100_eia_p50,converter + H2 capex,2023,2.0654387
smr100_eia_p50,converter + H2 capex,2029,1.3674948
smr100_eia_p50,converter + H2 capex,2031,0.26884127
smr100_eia_p50,converter + H2 capex,2032,0.0046227556
smr100_eia_p50,converter + H2 capex,2033,5.100965
smr100_eia_p50,converter + H2 capex,2034,1.8788955
smr100_eia_p50,converter + H2 capex,2035,0.67034453
smr100_eia_p50,converter + H2 capex,2038,0.96073693
smr100_eia_p50,converter + H2 capex,2041,5.4742885
smr100_eia_p50,converter + H2 capex,2044,0.53290683
smr100_eia_p50,converter + H2 capex,2047,0.4933715
smr100_eia_p50,converter + H2 capex,2050,0.42185143
smr100_eia_p50,fuel,2010,159.90926
smr100_eia_p50,fuel,2015,87.87588
smr100_eia_p50,fuel,2020,53.633945
smr100_eia_p50,fuel,2023,52.695786
smr100_eia_p50,fuel,2026,60.476
smr100_eia_p50,fuel,2029,55.8874
smr100_eia_p50,fuel,2031,67.24348
smr100_eia_p50,fuel,2032,72.086685
smr100_eia_p50,fuel,2033,71.10503
smr100_eia_p50,fuel,2034,71.12964
smr100_eia_p50,fuel,2035,68.53656
smr100_eia_p50,fuel,2038,71.26391
smr100_eia_p50,fuel,2041,71.142204
smr100_eia_p50,fuel,2044,65.97073
smr100_eia_p50,fuel,2047,63.20817
smr100_eia_p50,fuel,2050,62.072605
smr100_eia_p50,generation capex,2010,105.247925
smr100_eia_p50,generation capex,2015,381.4723
smr100_eia_p50,generation capex,2020,289.35855
smr100_eia_p50,generation capex,2023,218.52766
smr100_eia_p50,generation capex,2026,570.9603
smr100_eia_p50,generation capex,2029,503.45935
smr100_eia_p50,generation capex,2031,255.9806
smr100_eia_p50,generation capex,2032,356.1775
smr100_eia_p50,generation capex,2033,77.5448
smr100_eia_p50,generation capex,2034,97.66468
smr100_eia_p50,generation capex,2035,137.97672
smr100_eia_p50,generation capex,2038,327.11923
smr100_eia_p50,generation capex,2041,379.38907
smr100_eia_p50,generation capex,2044,230.75797
smr100_eia_p50,generation capex,2047,255.8901
smr100_eia_p50,generation capex,2050,262.67432
smr100_eia_p50,policy credits (neg.),2010,-0.7221878
smr100_eia_p50,policy credits (neg.),2015,-16.97388
smr100_eia_p50,policy credits (neg.),2020,-18.319025
smr100_eia_p50,policy credits (neg.),2023,-19.357693
smr100_eia_p50,policy credits (neg.),2026,-101.05191
smr100_eia_p50,policy credits (neg.),2029,-84.16498
smr100_eia_p50,policy credits (neg.),2031,-48.83923
smr100_eia_p50,policy credits (neg.),2032,-53.152084
smr100_eia_p50,policy credits (neg.),2033,-46.004242
smr100_eia_p50,policy credits (neg.),2034,-46.404278
smr100_eia_p50,policy credits (neg.),2035,-46.353428
smr100_eia_p50,policy credits (neg.),2038,-39.934933
smr100_eia_p50,policy credits (neg.),2041,-26.255161
smr100_eia_p50,policy credits (neg.),2044,-1.6393616
smr100_eia_p50,policy credits (neg.),2047,-1.4606937
smr100_eia_p50,policy credits (neg.),2050,-0.43654972
smr100_eia_p50,transmission capex,2010,4.231005
smr100_eia_p50,transmission capex,2015,16.194809
smr100_eia_p50,transmission capex,2020,15.90399
smr100_eia_p50,transmission capex,2023,9.9209585
smr100_eia_p50,transmission capex,2026,30.337795
smr100_eia_p50,transmission capex,2029,23.95772
smr100_eia_p50,transmission capex,2031,9.997618
smr100_eia_p50,transmission capex,2032,8.275535
smr100_eia_p50,transmission capex,2033,32.29736
smr100_eia_p50,transmission capex,2034,19.565638
smr100_eia_p50,transmission capex,2035,19.313362
smr100_eia_p50,transmission capex,2038,24.482676
smr100_eia_p50,transmission capex,2041,54.424572
smr100_eia_p50,transmission capex,2044,29.344234
smr100_eia_p50,transmission capex,2047,29.583763
smr100_eia_p50,transmission capex,2050,26.552404
smr100_eia_p50_eq,FOM,2010,56.87815
smr100_eia_p50_eq,FOM,2015,63.04602
smr100_eia_p50_eq,FOM,2020,67.71823
smr100_eia_p50_eq,FOM,2023,68.81928
smr100_eia_p50_eq,FOM,2026,78.0471
smr100_eia_p50_eq,FOM,2029,84.73794
smr100_eia_p50_eq,FOM,2031,87.76406
smr100_eia_p50_eq,FOM,2032,87.91278
smr100_eia_p50_eq,FOM,2033,89.95405
smr100_eia_p50_eq,FOM,2034,92.18235
smr100_eia_p50_eq,FOM,2035,94.77504
smr100_eia_p50_eq,FOM,2038,99.97998
smr100_eia_p50_eq,FOM,2041,103.37195
smr100_eia_p50_eq,FOM,2044,107.10369
smr100_eia_p50_eq,FOM,2047,109.29008
smr100_eia_p50_eq,FOM,2050,110.491745
smr100_eia_p50_eq,VOM + other op,2010,14.101312
smr100_eia_p50_eq,VOM + other op,2015,12.542799
smr100_eia_p50_eq,VOM + other op,2020,10.091411
smr100_eia_p50_eq,VOM + other op,2023,9.515403
smr100_eia_p50_eq,VOM + other op,2026,9.16466
smr100_eia_p50_eq,VOM + other op,2029,9.28223
smr100_eia_p50_eq,VOM + other op,2031,14.315048
smr100_eia_p50_eq,VOM + other op,2032,18.951506
smr100_eia_p50_eq,VOM + other op,2033,18.804073
smr100_eia_p50_eq,VOM + other op,2034,18.884287
smr100_eia_p50_eq,VOM + other op,2035,18.873577
smr100_eia_p50_eq,VOM + other op,2038,19.928383
smr100_eia_p50_eq,VOM + other op,2041,19.489294
smr100_eia_p50_eq,VOM + other op,2044,11.5090475
smr100_eia_p50_eq,VOM + other op,2047,11.916047
smr100_eia_p50_eq,VOM + other op,2050,11.955942
smr100_eia_p50_eq,converter + H2 capex,2010,1.00591
smr100_eia_p50_eq,converter + H2 capex,2023,2.0654385
smr100_eia_p50_eq,converter + H2 capex,2029,1.3674948
smr100_eia_p50_eq,converter + H2 capex,2031,0.26884127
smr100_eia_p50_eq,converter + H2 capex,2032,0.0046227556
smr100_eia_p50_eq,converter + H2 capex,2033,5.100965
smr100_eia_p50_eq,converter + H2 capex,2034,1.8788955
smr100_eia_p50_eq,converter + H2 capex,2035,0.67034453
smr100_eia_p50_eq,converter + H2 capex,2038,0.96073693
smr100_eia_p50_eq,converter + H2 capex,2041,5.4742775
smr100_eia_p50_eq,converter + H2 capex,2044,0.53291285
smr100_eia_p50_eq,converter + H2 capex,2047,0.49342838
smr100_eia_p50_eq,converter + H2 capex,2050,0.42175964
smr100_eia_p50_eq,fuel,2010,159.90926
smr100_eia_p50_eq,fuel,2015,87.87588
smr100_eia_p50_eq,fuel,2020,53.633945
smr100_eia_p50_eq,fuel,2023,52.695786
smr100_eia_p50_eq,fuel,2026,60.476
smr100_eia_p50_eq,fuel,2029,55.8874
smr100_eia_p50_eq,fuel,2031,67.24348
smr100_eia_p50_eq,fuel,2032,72.086685
smr100_eia_p50_eq,fuel,2033,71.10503
smr100_eia_p50_eq,fuel,2034,71.12964
smr100_eia_p50_eq,fuel,2035,68.53656
smr100_eia_p50_eq,fuel,2038,71.26391
smr100_eia_p50_eq,fuel,2041,71.14222
smr100_eia_p50_eq,fuel,2044,65.97076
smr100_eia_p50_eq,fuel,2047,63.20814
smr100_eia_p50_eq,fuel,2050,62.07242
smr100_eia_p50_eq,generation capex,2010,105.247925
smr100_eia_p50_eq,generation capex,2015,381.4723
smr100_eia_p50_eq,generation capex,2020,289.35855
smr100_eia_p50_eq,generation capex,2023,218.52766
smr100_eia_p50_eq,generation capex,2026,570.9603
smr100_eia_p50_eq,generation capex,2029,503.45935
smr100_eia_p50_eq,generation capex,2031,255.9806
smr100_eia_p50_eq,generation capex,2032,356.1775
smr100_eia_p50_eq,generation capex,2033,77.5448
smr100_eia_p50_eq,generation capex,2034,97.66468
smr100_eia_p50_eq,generation capex,2035,137.97672
smr100_eia_p50_eq,generation capex,2038,327.11923
smr100_eia_p50_eq,generation capex,2041,379.38885
smr100_eia_p50_eq,generation capex,2044,230.75862
smr100_eia_p50_eq,generation capex,2047,255.8897
smr100_eia_p50_eq,generation capex,2050,262.67667
smr100_eia_p50_eq,policy credits (neg.),2010,-0.7221878
smr100_eia_p50_eq,policy credits (neg.),2015,-16.97388
smr100_eia_p50_eq,policy credits (neg.),2020,-18.319025
smr100_eia_p50_eq,policy credits (neg.),2023,-19.357693
smr100_eia_p50_eq,policy credits (neg.),2026,-101.05191
smr100_eia_p50_eq,policy credits (neg.),2029,-84.16498
smr100_eia_p50_eq,policy credits (neg.),2031,-48.83923
smr100_eia_p50_eq,policy credits (neg.),2032,-53.152084
smr100_eia_p50_eq,policy credits (neg.),2033,-46.004242
smr100_eia_p50_eq,policy credits (neg.),2034,-46.404278
smr100_eia_p50_eq,policy credits (neg.),2035,-46.353428
smr100_eia_p50_eq,policy credits (neg.),2038,-39.934933
smr100_eia_p50_eq,policy credits (neg.),2041,-26.255161
smr100_eia_p50_eq,policy credits (neg.),2044,-1.6393842
smr100_eia_p50_eq,policy credits (neg.),2047,-1.460706
smr100_eia_p50_eq,policy credits (neg.),2050,-0.43654972
smr100_eia_p50_eq,transmission capex,2010,4.231005
smr100_eia_p50_eq,transmission capex,2015,16.194809
smr100_eia_p50_eq,transmission capex,2020,15.90399
smr100_eia_p50_eq,transmission capex,2023,9.9209585
smr100_eia_p50_eq,transmission capex,2026,30.337795
smr100_eia_p50_eq,transmission capex,2029,23.95772
smr100_eia_p50_eq,transmission capex,2031,9.997618
smr100_eia_p50_eq,transmission capex,2032,8.275535
smr100_eia_p50_eq,transmission capex,2033,32.29736
smr100_eia_p50_eq,transmission capex,2034,19.565638
smr100_eia_p50_eq,transmission capex,2035,19.313362
smr100_eia_p50_eq,transmission capex,2038,24.482676
smr100_eia_p50_eq,transmission capex,2041,54.424606
smr100_eia_p50_eq,transmission capex,2044,29.343853
smr100_eia_p50_eq,transmission capex,2047,29.58455
smr100_eia_p50_eq,transmission capex,2050,26.551825
smr100_eia_p95,FOM,2010,56.87815
smr100_eia_p95,FOM,2015,63.04602
smr100_eia_p95,FOM,2020,67.71823
smr100_eia_p95,FOM,2023,68.81928
smr100_eia_p95,FOM,2026,78.06225
smr100_eia_p95,FOM,2029,84.748276
smr100_eia_p95,FOM,2031,87.79051
smr100_eia_p95,FOM,2032,87.93925
smr100_eia_p95,FOM,2033,89.98052
smr100_eia_p95,FOM,2034,92.2088
smr100_eia_p95,FOM,2035,94.801575
smr100_eia_p95,FOM,2038,100.59973
smr100_eia_p95,FOM,2041,104.32401
smr100_eia_p95,FOM,2044,108.1095
smr100_eia_p95,FOM,2047,110.295425
smr100_eia_p95,FOM,2050,111.67466
smr100_eia_p95,VOM + other op,2010,14.101312
smr100_eia_p95,VOM + other op,2015,12.542799
smr100_eia_p95,VOM + other op,2020,10.091411
smr100_eia_p95,VOM + other op,2023,9.515403
smr100_eia_p95,VOM + other op,2026,9.166902
smr100_eia_p95,VOM + other op,2029,9.286119
smr100_eia_p95,VOM + other op,2031,14.31889
smr100_eia_p95,VOM + other op,2032,18.95539
smr100_eia_p95,VOM + other op,2033,18.807907
smr100_eia_p95,VOM + other op,2034,18.888168
smr100_eia_p95,VOM + other op,2035,18.876823
smr100_eia_p95,VOM + other op,2038,19.985567
smr100_eia_p95,VOM + other op,2041,19.628168
smr100_eia_p95,VOM + other op,2044,11.595936
smr100_eia_p95,VOM + other op,2047,12.016941
smr100_eia_p95,VOM + other op,2050,12.086439
smr100_eia_p95,converter + H2 capex,2010,1.0145994
smr100_eia_p95,converter + H2 capex,2023,2.0940773
smr100_eia_p95,converter + H2 capex,2029,1.3876635
smr100_eia_p95,converter + H2 capex,2031,0.26884487
smr100_eia_p95,converter + H2 capex,2032,0.0046230163
smr100_eia_p95,converter + H2 capex,2033,5.1009927
smr100_eia_p95,converter + H2 capex,2034,1.8787977
smr100_eia_p95,converter + H2 capex,2035,0.6703508
smr100_eia_p95,converter + H2 capex,2038,0.9497932
smr100_eia_p95,converter + H2 capex,2041,5.6826415
smr100_eia_p95,converter + H2 capex,2044,0.39282814
smr100_eia_p95,converter + H2 capex,2047,0.4273375
smr100_eia_p95,converter + H2 capex,2050,0.33592775
smr100_eia_p95,fuel,2010,159.90926
smr100_eia_p95,fuel,2015,87.87588
smr100_eia_p95,fuel,2020,53.633945
smr100_eia_p95,fuel,2023,52.695786
smr100_eia_p95,fuel,2026,60.476
smr100_eia_p95,fuel,2029,55.8874
smr100_eia_p95,fuel,2031,67.24349
smr100_eia_p95,fuel,2032,72.08661
smr100_eia_p95,fuel,2033,71.10479
smr100_eia_p95,fuel,2034,71.12967
smr100_eia_p95,fuel,2035,68.53554
smr100_eia_p95,fuel,2038,71.23107
smr100_eia_p95,fuel,2041,71.10871
smr100_eia_p95,fuel,2044,65.8385
smr100_eia_p95,fuel,2047,63.20535
smr100_eia_p95,fuel,2050,62.040825
smr100_eia_p95,generation capex,2010,105.247925
smr100_eia_p95,generation capex,2015,381.4723
smr100_eia_p95,generation capex,2020,289.35855
smr100_eia_p95,generation capex,2023,218.52766
smr100_eia_p95,generation capex,2026,570.9603
smr100_eia_p95,generation capex,2029,503.45935
smr100_eia_p95,generation capex,2031,255.97998
smr100_eia_p95,generation capex,2032,356.1784
smr100_eia_p95,generation capex,2033,77.546486
smr100_eia_p95,generation capex,2034,97.66009
smr100_eia_p95,generation capex,2035,137.98212
smr100_eia_p95,generation capex,2038,360.32193
smr100_eia_p95,generation capex,2041,396.83615
smr100_eia_p95,generation capex,2044,235.62468
smr100_eia_p95,generation capex,2047,256.1097
smr100_eia_p95,generation capex,2050,274.76608
smr100_eia_p95,policy credits (neg.),2010,-0.7221878
smr100_eia_p95,policy credits (neg.),2015,-16.97388
smr100_eia_p95,policy credits (neg.),2020,-18.319025
smr100_eia_p95,policy credits (neg.),2023,-19.357693
smr100_eia_p95,policy credits (neg.),2026,-101.05191
smr100_eia_p95,policy credits (neg.),2029,-84.16498
smr100_eia_p95,policy credits (neg.),2031,-48.839138
smr100_eia_p95,policy credits (neg.),2032,-53.15203
smr100_eia_p95,policy credits (neg.),2033,-46.004128
smr100_eia_p95,policy credits (neg.),2034,-46.4042
smr100_eia_p95,policy credits (neg.),2035,-46.351833
smr100_eia_p95,policy credits (neg.),2038,-40.04029
smr100_eia_p95,policy credits (neg.),2041,-26.554852
smr100_eia_p95,policy credits (neg.),2044,-1.8279148
smr100_eia_p95,policy credits (neg.),2047,-1.6436919
smr100_eia_p95,policy credits (neg.),2050,-0.48505506
smr100_eia_p95,transmission capex,2010,4.231005
smr100_eia_p95,transmission capex,2015,16.194809
smr100_eia_p95,transmission capex,2020,15.90399
smr100_eia_p95,transmission capex,2023,9.9209585
smr100_eia_p95,transmission capex,2026,30.337795
smr100_eia_p95,transmission capex,2029,23.95772
smr100_eia_p95,transmission capex,2031,9.997618
smr100_eia_p95,transmission capex,2032,8.275774
smr100_eia_p95,transmission capex,2033,32.297558
smr100_eia_p95,transmission capex,2034,19.566624
smr100_eia_p95,transmission capex,2035,19.312082
smr100_eia_p95,transmission capex,2038,25.911312
smr100_eia_p95,transmission capex,2041,59.977615
smr100_eia_p95,transmission capex,2044,29.199066
smr100_eia_p95,transmission capex,2047,29.275528
smr100_eia_p95,transmission capex,2050,26.106941
smr100_eo_p05,FOM,2010,56.87815
smr100_eo_p05,FOM,2015,63.04602
smr100_eo_p05,FOM,2020,67.71823
smr100_eo_p05,FOM,2023,68.81928
smr100_eo_p05,FOM,2026,78.03496
smr100_eo_p05,FOM,2029,84.7226
smr100_eo_p05,FOM,2031,88.551575
smr100_eo_p05,FOM,2032,89.080574
smr100_eo_p05,FOM,2033,91.584694
smr100_eo_p05,FOM,2034,94.45464
smr100_eo_p05,FOM,2035,97.72387
smr100_eo_p05,FOM,2038,103.89779
smr100_eo_p05,FOM,2041,109.017365
smr100_eo_p05,FOM,2044,116.62495
smr100_eo_p05,FOM,2047,123.424164
smr100_eo_p05,FOM,2050,129.02554
smr100_eo_p05,VOM + other op,2010,14.101312
smr100_eo_p05,VOM + other op,2015,12.542799
smr100_eo_p05,VOM + other op,2020,10.091411
smr100_eo_p05,VOM + other op,2023,9.515403
smr100_eo_p05,VOM + other op,2026,9.162918
smr100_eo_p05,VOM + other op,2029,9.279206
smr100_eo_p05,VOM + other op,2031,14.353277
smr100_eo_p05,VOM + other op,2032,18.501534
smr100_eo_p05,VOM + other op,2033,18.270496
smr100_eo_p05,VOM + other op,2034,18.373257
smr100_eo_p05,VOM + other op,2035,18.379524
smr100_eo_p05,VOM + other op,2038,19.4011
smr100_eo_p05,VOM + other op,2041,19.122765
smr100_eo_p05,VOM + other op,2044,11.349444
smr100_eo_p05,VOM + other op,2047,11.735887
smr100_eo_p05,VOM + other op,2050,12.076618
smr100_eo_p05,converter + H2 capex,2010,1.0145994
smr100_eo_p05,converter + H2 capex,2023,1.9366467
smr100_eo_p05,converter + H2 capex,2029,1.2269487
smr100_eo_p05,converter + H2 capex,2031,0.36607814
smr100_eo_p05,converter + H2 capex,2032,0.0032488713
smr100_eo_p05,converter + H2 capex,2033,4.2640257
smr100_eo_p05,converter + H2 capex,2034,1.3265947
smr100_eo_p05,converter + H2 capex,2035,1.1523705
smr100_eo_p05,converter + H2 capex,2038,1.0659647
smr100_eo_p05,converter + H2 capex,2041,3.572514
smr100_eo_p05,converter + H2 capex,2044,0.45573917
smr100_eo_p05,converter + H2 capex,2047,0.19089532
smr100_eo_p05,converter + H2 capex,2050,0.11902156
smr100_eo_p05,fuel,2010,159.90926
smr100_eo_p05,fuel,2015,87.87588
smr100_eo_p05,fuel,2020,53.633945
smr100_eo_p05,fuel,2023,52.695786
smr100_eo_p05,fuel,2026,60.476
smr100_eo_p05,fuel,2029,55.8874
smr100_eo_p05,fuel,2031,65.83401
smr100_eo_p05,fuel,2032,68.76035
smr100_eo_p05,fuel,2033,67.50304
smr100_eo_p05,fuel,2034,66.62515
smr100_eo_p05,fuel,2035,63.06231
smr100_eo_p05,fuel,2038,63.661404
smr100_eo_p05,fuel,2041,60.493404
smr100_eo_p05,fuel,2044,51.0071
smr100_eo_p05,fuel,2047,43.605217
smr100_eo_p05,fuel,2050,39.272232
smr100_eo_p05,generation capex,2010,105.247925
smr100_eo_p05,generation capex,2015,381.4723
smr100_eo_p05,generation capex,2020,289.35855
smr100_eo_p05,generation capex,2023,218.52766
smr100_eo_p05,generation capex,2026,570.9603
smr100_eo_p05,generation capex,2029,503.45935
smr100_eo_p05,generation capex,2031,314.95895
smr100_eo_p05,generation capex,2032,372.37158
smr100_eo_p05,generation capex,2033,97.838905
smr100_eo_p05,generation capex,2034,113.590996
smr100_eo_p05,generation capex,2035,150.23685
smr100_eo_p05,generation capex,2038,290.96948
smr100_eo_p05,generation capex,2041,359.306
smr100_eo_p05,generation capex,2044,235.5075
smr100_eo_p05,generation capex,2047,260.32544
smr100_eo_p05,generation capex,2050,230.534
smr100_eo_p05,policy credits (neg.),2010,-0.7221878
smr100_eo_p05,policy credits (neg.),2015,-16.97388
smr100_eo_p05,policy credits (neg.),2020,-18.319025
smr100_eo_p05,policy credits (neg.),2023,-19.357693
smr100_eo_p05,policy credits (neg.),2026,-101.05191
smr100_eo_p05,policy credits (neg.),2029,-84.16498
smr100_eo_p05,policy credits (neg.),2031,-48.881767
smr100_eo_p05,policy credits (neg.),2032,-50.086
smr100_eo_p05,policy credits (neg.),2033,-44.369038
smr100_eo_p05,policy credits (neg.),2034,-44.60245
smr100_eo_p05,policy credits (neg.),2035,-44.447903
smr100_eo_p05,policy credits (neg.),2038,-38.199234
smr100_eo_p05,policy credits (neg.),2041,-24.52539
smr100_eo_p05,policy credits (neg.),2044,-1.2617261
smr100_eo_p05,policy credits (neg.),2047,-1.071994
smr100_eo_p05,policy credits (neg.),2050,-0.01500591
smr100_eo_p05,transmission capex,2010,4.231005
smr100_eo_p05,transmission capex,2015,16.194809
smr100_eo_p05,transmission capex,2020,15.90399
smr100_eo_p05,transmission capex,2023,9.9209585
smr100_eo_p05,transmission capex,2026,30.337795
smr100_eo_p05,transmission capex,2029,23.95772
smr100_eo_p05,transmission capex,2031,9.321463
smr100_eo_p05,transmission capex,2032,7.5387716
smr100_eo_p05,transmission capex,2033,26.526518
smr100_eo_p05,transmission capex,2034,15.095096
smr100_eo_p05,transmission capex,2035,17.232363
smr100_eo_p05,transmission capex,2038,17.449867
smr100_eo_p05,transmission capex,2041,33.6269
smr100_eo_p05,transmission capex,2044,11.747589
smr100_eo_p05,transmission capex,2047,12.276701
smr100_eo_p05,transmission capex,2050,19.861563
smr100_eo_p50,FOM,2010,56.87815
smr100_eo_p50,FOM,2015,63.04602
smr100_eo_p50,FOM,2020,67.71823
smr100_eo_p50,FOM,2023,68.81928
smr100_eo_p50,FOM,2026,78.03893
smr100_eo_p50,FOM,2029,84.723946
smr100_eo_p50,FOM,2031,88.70197
smr100_eo_p50,FOM,2032,89.35603
smr100_eo_p50,FOM,2033,91.988945
smr100_eo_p50,FOM,2034,95.03636
smr100_eo_p50,FOM,2035,98.49905
smr100_eo_p50,FOM,2038,105.06884
smr100_eo_p50,FOM,2041,110.931305
smr100_eo_p50,FOM,2044,119.3396
smr100_eo_p50,FOM,2047,126.85422
smr100_eo_p50,FOM,2050,133.52472
smr100_eo_p50,VOM + other op,2010,14.101312
smr100_eo_p50,VOM + other op,2015,12.542799
smr100_eo_p50,VOM + other op,2020,10.091411
smr100_eo_p50,VOM + other op,2023,9.515403
smr100_eo_p50,VOM + other op,2026,9.163416
smr100_eo_p50,VOM + other op,2029,9.28007
smr100_eo_p50,VOM + other op,2031,14.354206
smr100_eo_p50,VOM + other op,2032,18.508907
smr100_eo_p50,VOM + other op,2033,18.282694
smr100_eo_p50,VOM + other op,2034,18.38734
smr100_eo_p50,VOM + other op,2035,18.371809
smr100_eo_p50,VOM + other op,2038,19.468271
smr100_eo_p50,VOM + other op,2041,19.234425
smr100_eo_p50,VOM + other op,2044,11.478583
smr100_eo_p50,VOM + other op,2047,12.065462
smr100_eo_p50,VOM + other op,2050,12.418147
smr100_eo_p50,converter + H2 capex,2010,1.0145994
smr100_eo_p50,converter + H2 capex,2023,2.0917535
smr100_eo_p50,converter + H2 capex,2029,0.30869892
smr100_eo_p50,converter + H2 capex,2031,1.4731967
smr100_eo_p50,converter + H2 capex,2032,0.0032481623
smr100_eo_p50,converter + H2 capex,2033,4.0429645
smr100_eo_p50,converter + H2 capex,2034,1.3044057
smr100_eo_p50,converter + H2 capex,2035,1.698158
smr100_eo_p50,converter + H2 capex,2038,0.87280756
smr100_eo_p50,converter + H2 capex,2041,4.3759212
smr100_eo_p50,converter + H2 capex,2044,0.31897017
smr100_eo_p50,converter + H2 capex,2047,0.08077304
smr100_eo_p50,fuel,2010,159.90926
smr100_eo_p50,fuel,2015,87.87588
smr100_eo_p50,fuel,2020,53.633945
smr100_eo_p50,fuel,2023,52.695786
smr100_eo_p50,fuel,2026,60.476
smr100_eo_p50,fuel,2029,55.8874
smr100_eo_p50,fuel,2031,65.80625
smr100_eo_p50,fuel,2032,68.78085
smr100_eo_p50,fuel,2033,67.69973
smr100_eo_p50,fuel,2034,66.59603
smr100_eo_p50,fuel,2035,62.833332
smr100_eo_p50,fuel,2038,63.78173
smr100_eo_p50,fuel,2041,61.025623
smr100_eo_p50,fuel,2044,51.144928
smr100_eo_p50,fuel,2047,43.788815
smr100_eo_p50,fuel,2050,39.332634
smr100_eo_p50,generation capex,2010,105.247925
smr100_eo_p50,generation capex,2015,381.4723
smr100_eo_p50,generation capex,2020,289.35855
smr100_eo_p50,generation capex,2023,218.52766
smr100_eo_p50,generation capex,2026,570.9603
smr100_eo_p50,generation capex,2029,503.45935
smr100_eo_p50,generation capex,2031,326.59158
smr100_eo_p50,generation capex,2032,393.30988
smr100_eo_p50,generation capex,2033,121.46154
smr100_eo_p50,generation capex,2034,145.3447
smr100_eo_p50,generation capex,2035,180.23097
smr100_eo_p50,generation capex,2038,387.35117
smr100_eo_p50,generation capex,2041,493.02502
smr100_eo_p50,generation capex,2044,453.39212
smr100_eo_p50,generation capex,2047,481.17126
smr100_eo_p50,generation capex,2050,471.49194
smr100_eo_p50,policy credits (neg.),2010,-0.7221878
smr100_eo_p50,policy credits (neg.),2015,-16.97388
smr100_eo_p50,policy credits (neg.),2020,-18.319025
smr100_eo_p50,policy credits (neg.),2023,-19.357693
smr100_eo_p50,policy credits (neg.),2026,-101.05191
smr100_eo_p50,policy credits (neg.),2029,-84.16498
smr100_eo_p50,policy credits (neg.),2031,-48.88671
smr100_eo_p50,policy credits (neg.),2032,-49.998062
smr100_eo_p50,policy credits (neg.),2033,-44.43477
smr100_eo_p50,policy credits (neg.),2034,-44.593178
smr100_eo_p50,policy credits (neg.),2035,-44.537727
smr100_eo_p50,policy credits (neg.),2038,-38.28061
smr100_eo_p50,policy credits (neg.),2041,-24.677555
smr100_eo_p50,policy credits (neg.),2044,-1.3815542
smr100_eo_p50,policy credits (neg.),2047,-1.2015537
smr100_eo_p50,policy credits (neg.),2050,-0.021230623
smr100_eo_p50,transmission capex,2010,4.231005
smr100_eo_p50,transmission capex,2015,16.194809
smr100_eo_p50,transmission capex,2020,15.90399
smr100_eo_p50,transmission capex,2023,9.9209585
smr100_eo_p50,transmission capex,2026,30.337795
smr100_eo_p50,transmission capex,2029,23.95772
smr100_eo_p50,transmission capex,2031,9.368324
smr100_eo_p50,transmission capex,2032,7.482915
smr100_eo_p50,transmission capex,2033,26.36072
smr100_eo_p50,transmission capex,2034,14.660016
smr100_eo_p50,transmission capex,2035,19.094467
smr100_eo_p50,transmission capex,2038,17.464718
smr100_eo_p50,transmission capex,2041,42.01027
smr100_eo_p50,transmission capex,2044,13.03201
smr100_eo_p50,transmission capex,2047,11.750858
smr100_eo_p50,transmission capex,2050,18.35793
smr100_eo_p95,FOM,2010,56.87815
smr100_eo_p95,FOM,2015,63.04602
smr100_eo_p95,FOM,2020,67.71823
smr100_eo_p95,FOM,2023,68.81928
smr100_eo_p95,FOM,2026,78.063416
smr100_eo_p95,FOM,2029,84.77252
smr100_eo_p95,FOM,2031,89.659
smr100_eo_p95,FOM,2032,91.09279
smr100_eo_p95,FOM,2033,94.61278
smr100_eo_p95,FOM,2034,98.47914
smr100_eo_p95,FOM,2035,102.75774
smr100_eo_p95,FOM,2038,111.75364
smr100_eo_p95,FOM,2041,120.84569
smr100_eo_p95,FOM,2044,134.09903
smr100_eo_p95,FOM,2047,146.50737
smr100_eo_p95,FOM,2050,158.32735
smr100_eo_p95,VOM + other op,2010,14.101312
smr100_eo_p95,VOM + other op,2015,12.542799
smr100_eo_p95,VOM + other op,2020,10.091411
smr100_eo_p95,VOM + other op,2023,9.515403
smr100_eo_p95,VOM + other op,2026,9.1671505
smr100_eo_p95,VOM + other op,2029,9.286552
smr100_eo_p95,VOM + other op,2031,14.468642
smr100_eo_p95,VOM + other op,2032,18.744213
smr100_eo_p95,VOM + other op,2033,18.549526
smr100_eo_p95,VOM + other op,2034,18.715935
smr100_eo_p95,VOM + other op,2035,18.72173
smr100_eo_p95,VOM + other op,2038,20.030302
smr100_eo_p95,VOM + other op,2041,19.999231
smr100_eo_p95,VOM + other op,2044,12.284511
smr100_eo_p95,VOM + other op,2047,13.121172
smr100_eo_p95,VOM + other op,2050,13.760414
smr100_eo_p95,converter + H2 capex,2010,1.0145994
smr100_eo_p95,converter + H2 capex,2023,2.074321
smr100_eo_p95,converter + H2 capex,2029,0.30869892
smr100_eo_p95,converter + H2 capex,2031,1.6539446
smr100_eo_p95,converter + H2 capex,2032,0.0023830514
smr100_eo_p95,converter + H2 capex,2033,4.0959134
smr100_eo_p95,converter + H2 capex,2034,0.9341329
smr100_eo_p95,converter + H2 capex,2035,2.2012622
smr100_eo_p95,converter + H2 capex,2038,0.6550814
smr100_eo_p95,converter + H2 capex,2041,4.0472283
smr100_eo_p95,converter + H2 capex,2044,0.6129068
smr100_eo_p95,converter + H2 capex,2047,0.16118988
smr100_eo_p95,fuel,2010,159.90926
smr100_eo_p95,fuel,2015,87.87588
smr100_eo_p95,fuel,2020,53.633945
smr100_eo_p95,fuel,2023,52.695786
smr100_eo_p95,fuel,2026,60.476
smr100_eo_p95,fuel,2029,55.8874
smr100_eo_p95,fuel,2031,65.74659
smr100_eo_p95,fuel,2032,69.09927
smr100_eo_p95,fuel,2033,67.7747
smr100_eo_p95,fuel,2034,66.79379
smr100_eo_p95,fuel,2035,62.872868
smr100_eo_p95,fuel,2038,64.188126
smr100_eo_p95,fuel,2041,61.68015
smr100_eo_p95,fuel,2044,51.509087
smr100_eo_p95,fuel,2047,44.11722
smr100_eo_p95,fuel,2050,39.817776
smr100_eo_p95,generation capex,2010,105.247925
smr100_eo_p95,generation capex,2015,381.4723
smr100_eo_p95,generation capex,2020,289.35855
smr100_eo_p95,generation capex,2023,218.52766
smr100_eo_p95,generation capex,2026,570.9603
smr100_eo_p95,generation capex,2029,503.45935
smr100_eo_p95,generation capex,2031,385.8636
smr100_eo_p95,generation capex,2032,430.94632
smr100_eo_p95,generation capex,2033,161.7747
smr100_eo_p95,generation capex,2034,180.9516
smr100_eo_p95,generation capex,2035,215.46188
smr100_eo_p95,generation capex,2038,484.94186
smr100_eo_p95,generation capex,2041,622.21545
smr100_eo_p95,generation capex,2044,643.81464
smr100_eo_p95,generation capex,2047,662.15704
smr100_eo_p95,generation capex,2050,654.92865
smr100_eo_p95,policy credits (neg.),2010,-0.7221878
smr100_eo_p95,policy credits (neg.),2015,-16.97388
smr100_eo_p95,policy credits (neg.),2020,-18.319025
smr100_eo_p95,policy credits (neg.),2023,-19.357693
smr100_eo_p95,policy credits (neg.),2026,-101.05191
smr100_eo_p95,policy credits (neg.),2029,-84.16498
smr100_eo_p95,policy credits (neg.),2031,-49.572845
smr100_eo_p95,policy credits (neg.),2032,-49.64995
smr100_eo_p95,policy credits (neg.),2033,-44.833054
smr100_eo_p95,policy credits (neg.),2034,-45.119415
smr100_eo_p95,policy credits (neg.),2035,-44.937748
smr100_eo_p95,policy credits (neg.),2038,-38.856937
smr100_eo_p95,policy credits (neg.),2041,-25.239838
smr100_eo_p95,policy credits (neg.),2044,-1.5044347
smr100_eo_p95,policy credits (neg.),2047,-1.3365518
smr100_eo_p95,policy credits (neg.),2050,-0.0043940144
smr100_eo_p95,transmission capex,2010,4.231005
smr100_eo_p95,transmission capex,2015,16.194809
smr100_eo_p95,transmission capex,2020,15.90399
smr100_eo_p95,transmission capex,2023,9.9209585
smr100_eo_p95,transmission capex,2026,30.337795
smr100_eo_p95,transmission capex,2029,23.95772
smr100_eo_p95,transmission capex,2031,9.62399
smr100_eo_p95,transmission capex,2032,7.206323
smr100_eo_p95,transmission capex,2033,26.673473
smr100_eo_p95,transmission capex,2034,14.387568
smr100_eo_p95,transmission capex,2035,20.169128
smr100_eo_p95,transmission capex,2038,18.048908
smr100_eo_p95,transmission capex,2041,40.364193
smr100_eo_p95,transmission capex,2044,13.089371
smr100_eo_p95,transmission capex,2047,13.7437525
smr100_eo_p95,transmission capex,2050,17.055138
smr100_iaea_p05,FOM,2010,56.87815
smr100_iaea_p05,FOM,2015,63.04602
smr100_iaea_p05,FOM,2020,67.71823
smr100_iaea_p05,FOM,2023,68.81928
smr100_iaea_p05,FOM,2026,78.033005
smr100_iaea_p05,FOM,2029,84.71944
smr100_iaea_p05,FOM,2031,87.94155
smr100_iaea_p05,FOM,2032,88.14756
smr100_iaea_p05,FOM,2033,90.415565
smr100_iaea_p05,FOM,2034,92.87331
smr100_iaea_p05,FOM,2035,95.55427
smr100_iaea_p05,FOM,2038,100.30567
smr100_iaea_p05,FOM,2041,103.363
smr100_iaea_p05,FOM,2044,107.46111
smr100_iaea_p05,FOM,2047,110.174126
smr100_iaea_p05,FOM,2050,111.56429
smr100_iaea_p05,VOM + other op,2010,14.101312
smr100_iaea_p05,VOM + other op,2015,12.542799
smr100_iaea_p05,VOM + other op,2020,10.091411
smr100_iaea_p05,VOM + other op,2023,9.515403
smr100_iaea_p05,VOM + other op,2026,9.162419
smr100_iaea_p05,VOM + other op,2029,9.278343
smr100_iaea_p05,VOM + other op,2031,14.371012
smr100_iaea_p05,VOM + other op,2032,18.775444
smr100_iaea_p05,VOM + other op,2033,18.542551
smr100_iaea_p05,VOM + other op,2034,18.607224
smr100_iaea_p05,VOM + other op,2035,18.585556
smr100_iaea_p05,VOM + other op,2038,19.571869
smr100_iaea_p05,VOM + other op,2041,19.17765
smr100_iaea_p05,VOM + other op,2044,11.372786
smr100_iaea_p05,VOM + other op,2047,11.695613
smr100_iaea_p05,VOM + other op,2050,11.813764
smr100_iaea_p05,converter + H2 capex,2010,1.0145994
smr100_iaea_p05,converter + H2 capex,2023,2.0919337
smr100_iaea_p05,converter + H2 capex,2029,0.30869892
smr100_iaea_p05,converter + H2 capex,2031,1.3511314
smr100_iaea_p05,converter + H2 capex,2032,0.0047289305
smr100_iaea_p05,converter + H2 capex,2033,4.7324758
smr100_iaea_p05,converter + H2 capex,2034,2.0253062
smr100_iaea_p05,converter + H2 capex,2035,0.74918884
smr100_iaea_p05,converter + H2 capex,2038,1.0391668
smr100_iaea_p05,converter + H2 capex,2041,5.079359
smr100_iaea_p05,converter + H2 capex,2044,0.56159234
smr100_iaea_p05,converter + H2 capex,2047,0.36002955
smr100_iaea_p05,converter + H2 capex,2050,0.15353788
smr100_iaea_p05,fuel,2010,159.90926
smr100_iaea_p05,fuel,2015,87.87588
smr100_iaea_p05,fuel,2020,53.633945
smr100_iaea_p05,fuel,2023,52.695786
smr100_iaea_p05,fuel,2026,60.476
smr100_iaea_p05,fuel,2029,55.8874
smr100_iaea_p05,fuel,2031,66.78303
smr100_iaea_p05,fuel,2032,70.975945
smr100_iaea_p05,fuel,2033,69.67992
smr100_iaea_p05,fuel,2034,69.15143
smr100_iaea_p05,fuel,2035,66.591
smr100_iaea_p05,fuel,2038,69.11631
smr100_iaea_p05,fuel,2041,69.34368
smr100_iaea_p05,fuel,2044,63.829308
smr100_iaea_p05,fuel,2047,60.497704
smr100_iaea_p05,fuel,2050,59.75383
smr100_iaea_p05,generation capex,2010,105.247925
smr100_iaea_p05,generation capex,2015,381.4723
smr100_iaea_p05,generation capex,2020,289.35855
smr100_iaea_p05,generation capex,2023,218.52766
smr100_iaea_p05,generation capex,2026,570.9603
smr100_iaea_p05,generation capex,2029,503.45935
smr100_iaea_p05,generation capex,2031,274.31955
smr100_iaea_p05,generation capex,2032,362.52197
smr100_iaea_p05,generation capex,2033,91.653015
smr100_iaea_p05,generation capex,2034,106.49135
smr100_iaea_p05,generation capex,2035,141.27289
smr100_iaea_p05,generation capex,2038,284.32898
smr100_iaea_p05,generation capex,2041,352.51056
smr100_iaea_p05,generation capex,2044,237.01707
smr100_iaea_p05,generation capex,2047,259.51608
smr100_iaea_p05,generation capex,2050,248.5573
smr100_iaea_p05,policy credits (neg.),2010,-0.7221878
smr100_iaea_p05,policy credits (neg.),2015,-16.97388
smr100_iaea_p05,policy credits (neg.),2020,-18.319025
smr100_iaea_p05,policy credits (neg.),2023,-19.357693
smr100_iaea_p05,policy credits (neg.),2026,-101.05191
smr100_iaea_p05,policy credits (neg.),2029,-84.16498
smr100_iaea_p05,policy credits (neg.),2031,-48.736374
smr100_iaea_p05,policy credits (neg.),2032,-52.0709
smr100_iaea_p05,policy credits (neg.),2033,-45.348873
smr100_iaea_p05,policy credits (neg.),2034,-45.58981
smr100_iaea_p05,policy credits (neg.),2035,-45.340622
smr100_iaea_p05,policy credits (neg.),2038,-38.924904
smr100_iaea_p05,policy credits (neg.),2041,-25.287817
smr100_iaea_p05,policy credits (neg.),2044,-1.1946325
smr100_iaea_p05,policy credits (neg.),2047,-1.0697292
smr100_iaea_p05,policy credits (neg.),2050,-0.25199813
smr100_iaea_p05,transmission capex,2010,4.231005
smr100_iaea_p05,transmission capex,2015,16.194809
smr100_iaea_p05,transmission capex,2020,15.90399
smr100_iaea_p05,transmission capex,2023,9.9209585
smr100_iaea_p05,transmission capex,2026,30.337795
smr100_iaea_p05,transmission capex,2029,23.95772
smr100_iaea_p05,transmission capex,2031,9.72313
smr100_iaea_p05,transmission capex,2032,7.8352337
smr100_iaea_p05,transmission capex,2033,29.529713
smr100_iaea_p05,transmission capex,2034,20.142645
smr100_iaea_p05,transmission capex,2035,18.247456
smr100_iaea_p05,transmission capex,2038,23.98986
smr100_iaea_p05,transmission capex,2041,49.086426
smr100_iaea_p05,transmission capex,2044,19.756252
smr100_iaea_p05,transmission capex,2047,22.843966
smr100_iaea_p05,transmission capex,2050,19.559452
smr100_iaea_p50,FOM,2010,56.87815
smr100_iaea_p50,FOM,2015,63.04602
smr100_iaea_p50,FOM,2020,67.71823
smr100_iaea_p50,FOM,2023,68.81928
smr100_iaea_p50,FOM,2026,78.05897
smr100_iaea_p50,FOM,2029,84.764755
smr100_iaea_p50,FOM,2031,88.316925
smr100_iaea_p50,FOM,2032,88.81935
smr100_iaea_p50,FOM,2033,91.35166
smr100_iaea_p50,FOM,2034,94.08248
smr100_iaea_p50,FOM,2035,97.11285
smr100_iaea_p50,FOM,2038,102.76992
smr100_iaea_p50,FOM,2041,106.65849
smr100_iaea_p50,FOM,2044,111.83603
smr100_iaea_p50,FOM,2047,115.50487
smr100_iaea_p50,FOM,2050,118.183
smr100_iaea_p50,VOM + other op,2010,14.101312
smr100_iaea_p50,VOM + other op,2015,12.542799
smr100_iaea_p50,VOM + other op,2020,10.091411
smr100_iaea_p50,VOM + other op,2023,9.515403
smr100_iaea_p50,VOM + other op,2026,9.166404
smr100_iaea_p50,VOM + other op,2029,9.285255
smr100_iaea_p50,VOM + other op,2031,14.376957
smr100_iaea_p50,VOM + other op,2032,18.861965
smr100_iaea_p50,VOM + other op,2033,18.649132
smr100_iaea_p50,VOM + other op,2034,18.730263
smr100_iaea_p50,VOM + other op,2035,18.711273
smr100_iaea_p50,VOM + other op,2038,19.764473
smr100_iaea_p50,VOM + other op,2041,19.44951
smr100_iaea_p50,VOM + other op,2044,11.6309595
smr100_iaea_p50,VOM + other op,2047,11.969827
smr100_iaea_p50,VOM + other op,2050,12.159271
smr100_iaea_p50,converter + H2 capex,2010,1.0145994
smr100_iaea_p50,converter + H2 capex,2023,2.074321
smr100_iaea_p50,converter + H2 capex,2029,0.30869892
smr100_iaea_p50,converter + H2 capex,2031,1.6309935
smr100_iaea_p50,converter + H2 capex,2032,0.0043617757
smr100_iaea_p50,converter + H2 capex,2033,4.6667776
smr100_iaea_p50,converter + H2 capex,2034,1.9019945
smr100_iaea_p50,converter + H2 capex,2035,0.800716
smr100_iaea_p50,converter + H2 capex,2038,1.156067
smr100_iaea_p50,converter + H2 capex,2041,5.146789
smr100_iaea_p50,converter + H2 capex,2044,0.63122267
smr100_iaea_p50,converter + H2 capex,2047,0.38364175
smr100_iaea_p50,converter + H2 capex,2050,0.1541996
smr100_iaea_p50,fuel,2010,159.90926
smr100_iaea_p50,fuel,2015,87.87588
smr100_iaea_p50,fuel,2020,53.633945
smr100_iaea_p50,fuel,2023,52.695786
smr100_iaea_p50,fuel,2026,60.476
smr100_iaea_p50,fuel,2029,55.8874
smr100_iaea_p50,fuel,2031,66.76899
smr100_iaea_p50,fuel,2032,70.91836
smr100_iaea_p50,fuel,2033,69.66153
smr100_iaea_p50,fuel,2034,69.24114
smr100_iaea_p50,fuel,2035,66.52041
smr100_iaea_p50,fuel,2038,69.10742
smr100_iaea_p50,fuel,2041,69.73934
smr100_iaea_p50,fuel,2044,63.89955
smr100_iaea_p50,fuel,2047,60.697414
smr100_iaea_p50,fuel,2050,59.788837
smr100_iaea_p50,generation capex,2010,105.247925
smr100_iaea_p50,generation capex,2015,381.4723
smr100_iaea_p50,generation capex,2020,289.35855
smr100_iaea_p50,generation capex,2023,218.52766
smr100_iaea_p50,generation capex,2026,570.9603
smr100_iaea_p50,generation capex,2029,503.45935
smr100_iaea_p50,generation capex,2031,293.1678
smr100_iaea_p50,generation capex,2032,376.19943
smr100_iaea_p50,generation capex,2033,100.126625
smr100_iaea_p50,generation capex,2034,114.68193
smr100_iaea_p50,generation capex,2035,150.3381
smr100_iaea_p50,generation capex,2038,304.50577
smr100_iaea_p50,generation capex,2041,365.9022
smr100_iaea_p50,generation capex,2044,258.22797
smr100_iaea_p50,generation capex,2047,274.52536
smr100_iaea_p50,generation capex,2050,269.9449
smr100_iaea_p50,policy credits (neg.),2010,-0.7221878
smr100_iaea_p50,policy credits (neg.),2015,-16.97388
smr100_iaea_p50,policy credits (neg.),2020,-18.319025
smr100_iaea_p50,policy credits (neg.),2023,-19.357693
smr100_iaea_p50,policy credits (neg.),2026,-101.05191
smr100_iaea_p50,policy credits (neg.),2029,-84.16498
smr100_iaea_p50,policy credits (neg.),2031,-49.14814
smr100_iaea_p50,policy credits (neg.),2032,-51.508755
smr100_iaea_p50,policy credits (neg.),2033,-45.39996
smr100_iaea_p50,policy credits (neg.),2034,-45.84739
smr100_iaea_p50,policy credits (neg.),2035,-45.49581
smr100_iaea_p50,policy credits (neg.),2038,-39.179108
smr100_iaea_p50,policy credits (neg.),2041,-25.509506
smr100_iaea_p50,policy credits (neg.),2044,-1.2743219
smr100_iaea_p50,policy credits (neg.),2047,-1.1057553
smr100_iaea_p50,policy credits (neg.),2050,-0.23946626
smr100_iaea_p50,transmission capex,2010,4.231005
smr100_iaea_p50,transmission capex,2015,16.194809
smr100_iaea_p50,transmission capex,2020,15.90399
smr100_iaea_p50,transmission capex,2023,9.9209585
smr100_iaea_p50,transmission capex,2026,30.337795
smr100_iaea_p50,transmission capex,2029,23.95772
smr100_iaea_p50,transmission capex,2031,9.776828
smr100_iaea_p50,transmission capex,2032,7.9311514
smr100_iaea_p50,transmission capex,2033,29.77092
smr100_iaea_p50,transmission capex,2034,19.757982
smr100_iaea_p50,transmission capex,2035,18.994638
smr100_iaea_p50,transmission capex,2038,24.146326
smr100_iaea_p50,transmission capex,2041,49.227367
smr100_iaea_p50,transmission capex,2044,21.015236
smr100_iaea_p50,transmission capex,2047,20.854086
smr100_iaea_p50,transmission capex,2050,18.550861
smr100_iaea_p95,FOM,2010,56.87815
smr100_iaea_p95,FOM,2015,63.04602
smr100_iaea_p95,FOM,2020,67.71823
smr100_iaea_p95,FOM,2023,68.81928
smr100_iaea_p95,FOM,2026,78.05809
smr100_iaea_p95,FOM,2029,84.76322
smr100_iaea_p95,FOM,2031,88.30834
smr100_iaea_p95,FOM,2032,88.84896
smr100_iaea_p95,FOM,2033,91.39476
smr100_iaea_p95,FOM,2034,94.14984
smr100_iaea_p95,FOM,2035,97.11921
smr100_iaea_p95,FOM,2038,102.856125
smr100_iaea_p95,FOM,2041,106.85767
smr100_iaea_p95,FOM,2044,112.13352
smr100_iaea_p95,FOM,2047,115.703384
smr100_iaea_p95,FOM,2050,118.40329
smr100_iaea_p95,VOM + other op,2010,14.101312
smr100_iaea_p95,VOM + other op,2015,12.542799
smr100_iaea_p95,VOM + other op,2020,10.091411
smr100_iaea_p95,VOM + other op,2023,9.515403
smr100_iaea_p95,VOM + other op,2026,9.166404
smr100_iaea_p95,VOM + other op,2029,9.285255
smr100_iaea_p95,VOM + other op,2031,14.36991
smr100_iaea_p95,VOM + other op,2032,18.932594
smr100_iaea_p95,VOM + other op,2033,18.718227
smr100_iaea_p95,VOM + other op,2034,18.786102
smr100_iaea_p95,VOM + other op,2035,18.811512
smr100_iaea_p95,VOM + other op,2038,19.963123
smr100_iaea_p95,VOM + other op,2041,19.706535
smr100_iaea_p95,VOM + other op,2044,11.819911
smr100_iaea_p95,VOM + other op,2047,12.280756
smr100_iaea_p95,VOM + other op,2050,12.319718
smr100_iaea_p95,converter + H2 capex,2010,0.9912806
smr100_iaea_p95,converter + H2 capex,2023,2.050484
smr100_iaea_p95,converter + H2 capex,2029,0.30869892
smr100_iaea_p95,converter + H2 capex,2031,1.6501621
smr100_iaea_p95,converter + H2 capex,2032,0.004890771
smr100_iaea_p95,converter + H2 capex,2033,4.475928
smr100_iaea_p95,converter + H2 capex,2034,1.74219
smr100_iaea_p95,converter + H2 capex,2035,1.2269189
smr100_iaea_p95,converter + H2 capex,2038,1.1990066
smr100_iaea_p95,converter + H2 capex,2041,5.3661523
smr100_iaea_p95,converter + H2 capex,2044,0.30023408
smr100_iaea_p95,converter + H2 capex,2047,0.12031672
smr100_iaea_p95,converter + H2 capex,2050,0.06415172
smr100_iaea_p95,fuel,2010,159.90926
smr100_iaea_p95,fuel,2015,87.87588
smr100_iaea_p95,fuel,2020,53.633945
smr100_iaea_p95,fuel,2023,52.695786
smr100_iaea_p95,fuel,2026,60.476
smr100_iaea_p95,fuel,2029,55.8874
smr100_iaea_p95,fuel,2031,66.77906
smr100_iaea_p95,fuel,2032,70.87892
smr100_iaea_p95,fuel,2033,69.55984
smr100_iaea_p95,fuel,2034,69.05488
smr100_iaea_p95,fuel,2035,66.59919
smr100_iaea_p95,fuel,2038,69.096634
smr100_iaea_p95,fuel,2041,69.581985
smr100_iaea_p95,fuel,2044,63.536953
smr100_iaea_p95,fuel,2047,60.385044
smr100_iaea_p95,fuel,2050,59.547535
smr100_iaea_p95,generation capex,2010,105.247925
smr100_iaea_p95,generation capex,2015,381.4723
smr100_iaea_p95,generation capex,2020,289.35855
smr100_iaea_p95,generation capex,2023,218.52766
smr100_iaea_p95,generation capex,2026,570.9603
smr100_iaea_p95,generation capex,2029,503.45935
smr100_iaea_p95,generation capex,2031,293.60052
smr100_iaea_p95,generation capex,2032,389.13272
smr100_iaea_p95,generation capex,2033,112.00444
smr100_iaea_p95,generation capex,2034,128.8683
smr100_iaea_p95,generation capex,2035,161.81436
smr100_iaea_p95,generation capex,2038,355.45752
smr100_iaea_p95,generation capex,2041,419.05154
smr100_iaea_p95,generation capex,2044,323.6648
smr100_iaea_p95,generation capex,2047,344.3911
smr100_iaea_p95,generation capex,2050,358.93195
smr100_iaea_p95,policy credits (neg.),2010,-0.7221878
smr100_iaea_p95,policy credits (neg.),2015,-16.97388
smr100_iaea_p95,policy credits (neg.),2020,-18.319025
smr100_iaea_p95,policy credits (neg.),2023,-19.357693
smr100_iaea_p95,policy credits (neg.),2026,-101.05191
smr100_iaea_p95,policy credits (neg.),2029,-84.16498
smr100_iaea_p95,policy credits (neg.),2031,-49.06484
smr100_iaea_p95,policy credits (neg.),2032,-52.031567
smr100_iaea_p95,policy credits (neg.),2033,-45.632053
smr100_iaea_p95,policy credits (neg.),2034,-46.08117
smr100_iaea_p95,policy credits (neg.),2035,-45.81659
smr100_iaea_p95,policy credits (neg.),2038,-39.73352
smr100_iaea_p95,policy credits (neg.),2041,-26.172647
smr100_iaea_p95,policy credits (neg.),2044,-1.8269601
smr100_iaea_p95,policy credits (neg.),2047,-1.6661828
smr100_iaea_p95,policy credits (neg.),2050,-0.42125565
smr100_iaea_p95,transmission capex,2010,4.231005
smr100_iaea_p95,transmission capex,2015,16.194809
smr100_iaea_p95,transmission capex,2020,15.90399
smr100_iaea_p95,transmission capex,2023,9.9209585
smr100_iaea_p95,transmission capex,2026,30.337795
smr100_iaea_p95,transmission capex,2029,23.95772
smr100_iaea_p95,transmission capex,2031,9.795696
smr100_iaea_p95,transmission capex,2032,8.051251
smr100_iaea_p95,transmission capex,2033,30.050032
smr100_iaea_p95,transmission capex,2034,19.864532
smr100_iaea_p95,transmission capex,2035,18.668507
smr100_iaea_p95,transmission capex,2038,25.604664
smr100_iaea_p95,transmission capex,2041,55.84608
smr100_iaea_p95,transmission capex,2044,25.232735
smr100_iaea_p95,transmission capex,2047,21.097397
smr100_iaea_p95,transmission capex,2050,18.358416
smr100_mck_p05,FOM,2010,56.87815
smr100_mck_p05,FOM,2015,63.04602
smr100_mck_p05,FOM,2020,67.71823
smr100_mck_p05,FOM,2023,68.81928
smr100_mck_p05,FOM,2026,78.034615
smr100_mck_p05,FOM,2029,84.727844
smr100_mck_p05,FOM,2031,87.97144
smr100_mck_p05,FOM,2032,88.20217
smr100_mck_p05,FOM,2033,90.49038
smr100_mck_p05,FOM,2034,92.97094
smr100_mck_p05,FOM,2035,95.68111
smr100_mck_p05,FOM,2038,100.51063
smr100_mck_p05,FOM,2041,103.814735
smr100_mck_p05,FOM,2044,108.58563
smr100_mck_p05,FOM,2047,111.77818
smr100_mck_p05,FOM,2050,113.80478
smr100_mck_p05,VOM + other op,2010,14.101312
smr100_mck_p05,VOM + other op,2015,12.542799
smr100_mck_p05,VOM + other op,2020,10.091411
smr100_mck_p05,VOM + other op,2023,9.515403
smr100_mck_p05,VOM + other op,2026,9.162669
smr100_mck_p05,VOM + other op,2029,9.278774
smr100_mck_p05,VOM + other op,2031,14.372301
smr100_mck_p05,VOM + other op,2032,18.779228
smr100_mck_p05,VOM + other op,2033,18.545534
smr100_mck_p05,VOM + other op,2034,18.609123
smr100_mck_p05,VOM + other op,2035,18.589865
smr100_mck_p05,VOM + other op,2038,19.577047
smr100_mck_p05,VOM + other op,2041,19.182728
smr100_mck_p05,VOM + other op,2044,11.381064
smr100_mck_p05,VOM + other op,2047,11.732633
smr100_mck_p05,VOM + other op,2050,11.855696
smr100_mck_p05,converter + H2 capex,2010,1.0145994
smr100_mck_p05,converter + H2 capex,2023,2.006388
smr100_mck_p05,converter + H2 capex,2029,0.30869892
smr100_mck_p05,converter + H2 capex,2031,1.2656116
smr100_mck_p05,converter + H2 capex,2032,0.004733494
smr100_mck_p05,converter + H2 capex,2033,4.7317905
smr100_mck_p05,converter + H2 capex,2034,2.038615
smr100_mck_p05,converter + H2 capex,2035,0.7072198
smr100_mck_p05,converter + H2 capex,2038,1.0609064
smr100_mck_p05,converter + H2 capex,2041,4.9729
smr100_mck_p05,converter + H2 capex,2044,0.5536465
smr100_mck_p05,converter + H2 capex,2047,0.32700196
smr100_mck_p05,converter + H2 capex,2050,0.09571349
smr100_mck_p05,fuel,2010,159.90926
smr100_mck_p05,fuel,2015,87.87588
smr100_mck_p05,fuel,2020,53.633945
smr100_mck_p05,fuel,2023,52.695786
smr100_mck_p05,fuel,2026,60.476
smr100_mck_p05,fuel,2029,55.8874
smr100_mck_p05,fuel,2031,66.76599
smr100_mck_p05,fuel,2032,70.93269
smr100_mck_p05,fuel,2033,69.63032
smr100_mck_p05,fuel,2034,69.1007
smr100_mck_p05,fuel,2035,66.530815
smr100_mck_p05,fuel,2038,69.02841
smr100_mck_p05,fuel,2041,68.93772
smr100_mck_p05,fuel,2044,62.426228
smr100_mck_p05,fuel,2047,58.779816
smr100_mck_p05,fuel,2050,57.315937
smr100_mck_p05,generation capex,2010,105.247925
smr100_mck_p05,generation capex,2015,381.4723
smr100_mck_p05,generation capex,2020,289.35855
smr100_mck_p05,generation capex,2023,218.52766
smr100_mck_p05,generation capex,2026,570.9603
smr100_mck_p05,generation capex,2029,503.45935
smr100_mck_p05,generation capex,2031,275.31894
smr100_mck_p05,generation capex,2032,364.2118
smr100_mck_p05,generation capex,2033,92.78562
smr100_mck_p05,generation capex,2034,107.000336
smr100_mck_p05,generation capex,2035,141.611
smr100_mck_p05,generation capex,2038,284.05472
smr100_mck_p05,generation capex,2041,356.68134
smr100_mck_p05,generation capex,2044,241.99048
smr100_mck_p05,generation capex,2047,256.1968
smr100_mck_p05,generation capex,2050,246.20558
smr100_mck_p05,policy credits (neg.),2010,-0.7221878
smr100_mck_p05,policy credits (neg.),2015,-16.97388
smr100_mck_p05,policy credits (neg.),2020,-18.319025
smr100_mck_p05,policy credits (neg.),2023,-19.357693
smr100_mck_p05,policy credits (neg.),2026,-101.05191
smr100_mck_p05,policy credits (neg.),2029,-84.16498
smr100_mck_p05,policy credits (neg.),2031,-48.7601
smr100_mck_p05,policy credits (neg.),2032,-52.027836
smr100_mck_p05,policy credits (neg.),2033,-45.351143
smr100_mck_p05,policy credits (neg.),2034,-45.59192
smr100_mck_p05,policy credits (neg.),2035,-45.337112
smr100_mck_p05,policy credits (neg.),2038,-38.94128
smr100_mck_p05,policy credits (neg.),2041,-25.308474
smr100_mck_p05,policy credits (neg.),2044,-1.2083302
smr100_mck_p05,policy credits (neg.),2047,-1.039503
smr100_mck_p05,policy credits (neg.),2050,-0.25274646
smr100_mck_p05,transmission capex,2010,4.231005
smr100_mck_p05,transmission capex,2015,16.194809
smr100_mck_p05,transmission capex,2020,15.90399
smr100_mck_p05,transmission capex,2023,9.9209585
smr100_mck_p05,transmission capex,2026,30.337795
smr100_mck_p05,transmission capex,2029,23.95772
smr100_mck_p05,transmission capex,2031,9.719648
smr100_mck_p05,transmission capex,2032,7.8281064
smr100_mck_p05,transmission capex,2033,29.440628
smr100_mck_p05,transmission capex,2034,20.191242
smr100_mck_p05,transmission capex,2035,18.282745
smr100_mck_p05,transmission capex,2038,23.751507
smr100_mck_p05,transmission capex,2041,46.90448
smr100_mck_p05,transmission capex,2044,18.611067
smr100_mck_p05,transmission capex,2047,19.566969
smr100_mck_p05,transmission capex,2050,18.564642
smr100_mck_p50,FOM,2010,56.87815
smr100_mck_p50,FOM,2015,63.04602
smr100_mck_p50,FOM,2020,67.71823
smr100_mck_p50,FOM,2023,68.81928
smr100_mck_p50,FOM,2026,78.048096
smr100_mck_p50,FOM,2029,84.73548
smr100_mck_p50,FOM,2031,88.17508
smr100_mck_p50,FOM,2032,88.567314
smr100_mck_p50,FOM,2033,91.02254
smr100_mck_p50,FOM,2034,93.639366
smr100_mck_p50,FOM,2035,96.5581
smr100_mck_p50,FOM,2038,101.84838
smr100_mck_p50,FOM,2041,105.743484
smr100_mck_p50,FOM,2044,111.48103
smr100_mck_p50,FOM,2047,115.60749
smr100_mck_p50,FOM,2050,118.551025
smr100_mck_p50,VOM + other op,2010,14.101312
smr100_mck_p50,VOM + other op,2015,12.542799
smr100_mck_p50,VOM + other op,2020,10.091411
smr100_mck_p50,VOM + other op,2023,9.515403
smr100_mck_p50,VOM + other op,2026,9.164909
smr100_mck_p50,VOM + other op,2029,9.282663
smr100_mck_p50,VOM + other op,2031,14.338517
smr100_mck_p50,VOM + other op,2032,18.794952
smr100_mck_p50,VOM + other op,2033,18.572895
smr100_mck_p50,VOM + other op,2034,18.652657
smr100_mck_p50,VOM + other op,2035,18.620325
smr100_mck_p50,VOM + other op,2038,19.673502
smr100_mck_p50,VOM + other op,2041,19.343285
smr100_mck_p50,VOM + other op,2044,11.562075
smr100_mck_p50,VOM + other op,2047,11.914782
smr100_mck_p50,VOM + other op,2050,12.18078
smr100_mck_p50,converter + H2 capex,2010,1.0145994
smr100_mck_p50,converter + H2 capex,2023,2.074321
smr100_mck_p50,converter + H2 capex,2029,0.30869892
smr100_mck_p50,converter + H2 capex,2031,1.4881859
smr100_mck_p50,converter + H2 capex,2032,0.004969732
smr100_mck_p50,converter + H2 capex,2033,4.623599
smr100_mck_p50,converter + H2 capex,2034,1.9489356
smr100_mck_p50,converter + H2 capex,2035,0.8435391
smr100_mck_p50,converter + H2 capex,2038,1.1820551
smr100_mck_p50,converter + H2 capex,2041,5.1377726
smr100_mck_p50,converter + H2 capex,2044,0.38741276
smr100_mck_p50,converter + H2 capex,2047,0.49814373
smr100_mck_p50,converter + H2 capex,2050,0.03852739
smr100_mck_p50,fuel,2010,159.90926
smr100_mck_p50,fuel,2015,87.87588
smr100_mck_p50,fuel,2020,53.633945
smr100_mck_p50,fuel,2023,52.695786
smr100_mck_p50,fuel,2026,60.476
smr100_mck_p50,fuel,2029,55.8874
smr100_mck_p50,fuel,2031,66.77205
smr100_mck_p50,fuel,2032,70.83902
smr100_mck_p50,fuel,2033,69.53808
smr100_mck_p50,fuel,2034,69.09992
smr100_mck_p50,fuel,2035,66.3888
smr100_mck_p50,fuel,2038,68.976555
smr100_mck_p50,fuel,2041,69.09772
smr100_mck_p50,fuel,2044,62.408806
smr100_mck_p50,fuel,2047,58.62891
smr100_mck_p50,fuel,2050,57.553387
smr100_mck_p50,generation capex,2010,105.247925
smr100_mck_p50,generation capex,2015,381.4723
smr100_mck_p50,generation capex,2020,289.35855
smr100_mck_p50,generation capex,2023,218.52766
smr100_mck_p50,generation capex,2026,570.9603
smr100_mck_p50,generation capex,2029,503.45935
smr100_mck_p50,generation capex,2031,287.2728
smr100_mck_p50,generation capex,2032,375.3653
smr100_mck_p50,generation capex,2033,101.97353
smr100_mck_p50,generation capex,2034,116.891396
smr100_mck_p50,generation capex,2035,152.61412
smr100_mck_p50,generation capex,2038,314.33456
smr100_mck_p50,generation capex,2041,392.20532
smr100_mck_p50,generation capex,2044,302.63876
smr100_mck_p50,generation capex,2047,313.459
smr100_mck_p50,generation capex,2050,306.6409
smr100_mck_p50,policy credits (neg.),2010,-0.7221878
smr100_mck_p50,policy credits (neg.),2015,-16.97388
smr100_mck_p50,policy credits (neg.),2020,-18.319025
smr100_mck_p50,policy credits (neg.),2023,-19.357693
smr100_mck_p50,policy credits (neg.),2026,-101.05191
smr100_mck_p50,policy credits (neg.),2029,-84.16498
smr100_mck_p50,policy credits (neg.),2031,-48.924446
smr100_mck_p50,policy credits (neg.),2032,-51.459106
smr100_mck_p50,policy credits (neg.),2033,-45.25464
smr100_mck_p50,policy credits (neg.),2034,-45.687286
smr100_mck_p50,policy credits (neg.),2035,-45.346764
smr100_mck_p50,policy credits (neg.),2038,-39.038254
smr100_mck_p50,policy credits (neg.),2041,-25.385313
smr100_mck_p50,policy credits (neg.),2044,-1.2729466
smr100_mck_p50,policy credits (neg.),2047,-1.1011107
smr100_mck_p50,policy credits (neg.),2050,-0.21834956
smr100_mck_p50,transmission capex,2010,4.231005
smr100_mck_p50,transmission capex,2015,16.194809
smr100_mck_p50,transmission capex,2020,15.90399
smr100_mck_p50,transmission capex,2023,9.9209585
smr100_mck_p50,transmission capex,2026,30.337795
smr100_mck_p50,transmission capex,2029,23.95772
smr100_mck_p50,transmission capex,2031,9.746307
smr100_mck_p50,transmission capex,2032,7.9830594
smr100_mck_p50,transmission capex,2033,29.531654
smr100_mck_p50,transmission capex,2034,19.626692
smr100_mck_p50,transmission capex,2035,19.177889
smr100_mck_p50,transmission capex,2038,24.126858
smr100_mck_p50,transmission capex,2041,49.190697
smr100_mck_p50,transmission capex,2044,19.487856
smr100_mck_p50,transmission capex,2047,18.738207
smr100_mck_p50,transmission capex,2050,16.962078
smr100_mck_p95,FOM,2010,56.87815
smr100_mck_p95,FOM,2015,63.04602
smr100_mck_p95,FOM,2020,67.71823
smr100_mck_p95,FOM,2023,68.81928
smr100_mck_p95,FOM,2026,78.06086
smr100_mck_p95,FOM,2029,84.74588
smr100_mck_p95,FOM,2031,88.366776
smr100_mck_p95,FOM,2032,88.947975
smr100_mck_p95,FOM,2033,91.530235
smr100_mck_p95,FOM,2034,94.32497
smr100_mck_p95,FOM,2035,97.35707
smr100_mck_p95,FOM,2038,103.20665
smr100_mck_p95,FOM,2041,107.778885
smr100_mck_p95,FOM,2044,114.48497
smr100_mck_p95,FOM,2047,119.41675
smr100_mck_p95,FOM,2050,123.44217
smr100_mck_p95,VOM + other op,2010,14.101312
smr100_mck_p95,VOM + other op,2015,12.542799
smr100_mck_p95,VOM + other op,2020,10.091411
smr100_mck_p95,VOM + other op,2023,9.515403
smr100_mck_p95,VOM + other op,2026,9.166902
smr100_mck_p95,VOM + other op,2029,9.286119
smr100_mck_p95,VOM + other op,2031,14.373422
smr100_mck_p95,VOM + other op,2032,18.939331
smr100_mck_p95,VOM + other op,2033,18.732853
smr100_mck_p95,VOM + other op,2034,18.80192
smr100_mck_p95,VOM + other op,2035,18.832306
smr100_mck_p95,VOM + other op,2038,19.984493
smr100_mck_p95,VOM + other op,2041,19.68618
smr100_mck_p95,VOM + other op,2044,11.816564
smr100_mck_p95,VOM + other op,2047,12.242571
smr100_mck_p95,VOM + other op,2050,12.458285
smr100_mck_p95,converter + H2 capex,2010,1.0145994
smr100_mck_p95,converter + H2 capex,2023,2.074321
smr100_mck_p95,converter + H2 capex,2029,0.30869892
smr100_mck_p95,converter + H2 capex,2031,1.6311135
smr100_mck_p95,converter + H2 capex,2032,0.004425459
smr100_mck_p95,converter + H2 capex,2033,4.4017377
smr100_mck_p95,converter + H2 capex,2034,1.7251081
smr100_mck_p95,converter + H2 capex,2035,1.2377273
smr100_mck_p95,converter + H2 capex,2038,1.2159477
smr100_mck_p95,converter + H2 capex,2041,5.3915935
smr100_mck_p95,converter + H2 capex,2044,0.1920622
smr100_mck_p95,converter + H2 capex,2047,0.12943329
smr100_mck_p95,converter + H2 capex,2050,0.08595979
smr100_mck_p95,fuel,2010,159.90926
smr100_mck_p95,fuel,2015,87.87588
smr100_mck_p95,fuel,2020,53.633945
smr100_mck_p95,fuel,2023,52.695786
smr100_mck_p95,fuel,2026,60.476
smr100_mck_p95,fuel,2029,55.8874
smr100_mck_p95,fuel,2031,66.736176
smr100_mck_p95,fuel,2032,70.84867
smr100_mck_p95,fuel,2033,69.56331
smr100_mck_p95,fuel,2034,69.0479
smr100_mck_p95,fuel,2035,66.521164
smr100_mck_p95,fuel,2038,69.08684
smr100_mck_p95,fuel,2041,69.129105
smr100_mck_p95,fuel,2044,62.09918
smr100_mck_p95,fuel,2047,58.47607
smr100_mck_p95,fuel,2050,57.290577
smr100_mck_p95,generation capex,2010,105.247925
smr100_mck_p95,generation capex,2015,381.4723
smr100_mck_p95,generation capex,2020,289.35855
smr100_mck_p95,generation capex,2023,218.52766
smr100_mck_p95,generation capex,2026,570.9603
smr100_mck_p95,generation capex,2029,503.45935
smr100_mck_p95,generation capex,2031,295.35223
smr100_mck_p95,generation capex,2032,389.6372
smr100_mck_p95,generation capex,2033,113.2106
smr100_mck_p95,generation capex,2034,129.60791
smr100_mck_p95,generation capex,2035,163.02136
smr100_mck_p95,generation capex,2038,354.49496
smr100_mck_p95,generation capex,2041,444.01465
smr100_mck_p95,generation capex,2044,383.93976
smr100_mck_p95,generation capex,2047,400.49976
smr100_mck_p95,generation capex,2050,408.95367
smr100_mck_p95,policy credits (neg.),2010,-0.7221878
smr100_mck_p95,policy credits (neg.),2015,-16.97388
smr100_mck_p95,policy credits (neg.),2020,-18.319025
smr100_mck_p95,policy credits (neg.),2023,-19.357693
smr100_mck_p95,policy credits (neg.),2026,-101.05191
smr100_mck_p95,policy credits (neg.),2029,-84.16498
smr100_mck_p95,policy credits (neg.),2031,-49.18691
smr100_mck_p95,policy credits (neg.),2032,-52.038292
smr100_mck_p95,policy credits (neg.),2033,-45.633553
smr100_mck_p95,policy credits (neg.),2034,-46.19662
smr100_mck_p95,policy credits (neg.),2035,-45.806297
smr100_mck_p95,policy credits (neg.),2038,-39.722546
smr100_mck_p95,policy credits (neg.),2041,-26.034079
smr100_mck_p95,policy credits (neg.),2044,-1.6946117
smr100_mck_p95,policy credits (neg.),2047,-1.5876404
smr100_mck_p95,policy credits (neg.),2050,-0.4107438
smr100_mck_p95,transmission capex,2010,4.231005
smr100_mck_p95,transmission capex,2015,16.194809
smr100_mck_p95,transmission capex,2020,15.90399
smr100_mck_p95,transmission capex,2023,9.9209585
smr100_mck_p95,transmission capex,2026,30.337795
smr100_mck_p95,transmission capex,2029,23.95772
smr100_mck_p95,transmission capex,2031,9.777538
smr100_mck_p95,transmission capex,2032,7.9996495
smr100_mck_p95,transmission capex,2033,30.320484
smr100_mck_p95,transmission capex,2034,19.701923
smr100_mck_p95,transmission capex,2035,18.574661
smr100_mck_p95,transmission capex,2038,25.497091
smr100_mck_p95,transmission capex,2041,52.801033
smr100_mck_p95,transmission capex,2044,24.322634
smr100_mck_p95,transmission capex,2047,18.928925
smr100_mck_p95,transmission capex,2050,17.338121
