cell,schedule,strategy,E_cost,P95,CVaR95,E_regret_pct,max_regret_pct,rank_E
k100,EIA 2026 AEO high,pure_large,159600.69497265626,191731.259375,196195.995594748,7.662238823071567,31.213189974888184,26.0
k100,EIA 2026 AEO high,pure_smr,149220.22502480468,195056.953125,200763.60177301647,0.6598593233282639,12.542869197644418,1.0
k100,EIA 2026 AEO high,const_0.1,160580.3682533203,193799.6173828125,198134.88267215568,8.32309947113771,29.928719625093635,35.0
k100,EIA 2026 AEO high,const_0.2,160961.2935794922,195283.56933593747,199577.53491454592,8.580061218372576,28.66576576630801,46.0
k100,EIA 2026 AEO high,const_0.3,160732.1542873047,196206.1291015625,200495.65488554141,8.425490154609559,25.834015839204817,36.0
k100,EIA 2026 AEO high,const_0.4,159988.2421267578,196529.05839843748,200929.7101656063,7.923667473286608,23.24142821164877,32.0
k100,EIA 2026 AEO high,const_0.5,158828.56403242188,196659.321484375,201081.23442957836,7.141380529162268,19.80014801787894,24.0
k100,EIA 2026 AEO high,const_0.6,157441.51419804688,196608.4142578125,201250.0612291043,6.20571486333564,16.489962819631693,22.0
k100,EIA 2026 AEO high,const_0.7,155734.13396503907,196465.20625,201219.22687437624,5.053963121656996,12.621263217087327,20.0
k100,EIA 2026 AEO high,const_0.8,153709.50249609374,196025.778515625,201046.1636882485,3.688202422584593,11.06503106146715,18.0
k100,EIA 2026 AEO high,const_0.9,151616.7188703125,195726.8236328125,201001.12342502494,2.2764681531161752,11.823550940084216,8.0
k100,EIA 2026 AEO high,large_then_smr_2032,149220.22502480468,195056.953125,200763.60177301647,0.6598593233282639,12.542869197644418,2.0
k100,EIA 2026 AEO high,smr_then_large_2032,159600.69497265626,191731.259375,196195.995594748,7.662238823071567,31.213189974888184,27.0
k100,EIA 2026 AEO high,large_then_smr_2033,149220.22502480468,195056.953125,200763.60177301647,0.6598593233282639,12.542869197644418,3.0
k100,EIA 2026 AEO high,smr_then_large_2033,159600.69497265626,191731.259375,196195.995594748,7.662238823071567,31.213189974888184,28.0
k100,EIA 2026 AEO high,large_then_smr_2034,149220.22502480468,195056.953125,200763.60177301647,0.6598593233282639,12.542869197644418,4.0
k100,EIA 2026 AEO high,smr_then_large_2034,159600.69497265626,191731.259375,196195.995594748,7.662238823071567,31.213189974888184,29.0
k100,EIA 2026 AEO high,large_then_smr_2035,149220.22502480468,195056.953125,200763.60177301647,0.6598593233282639,12.542869197644418,5.0
k100,EIA 2026 AEO high,smr_then_large_2035,159600.69497265626,191731.259375,196195.995594748,7.662238823071567,31.213189974888184,30.0
k100,EIA 2026 AEO high,large_then_smr_2036,149220.22502480468,195056.953125,200763.60177301647,0.6598593233282639,12.542869197644418,6.0
k100,EIA 2026 AEO high,smr_then_large_2036,159600.69497265626,191731.259375,196195.995594748,7.662238823071567,31.213189974888184,31.0
k100,EIA 2026 AEO high,large_then_smr_2037,153982.22539160156,196263.03828125,201242.89272236777,3.8721737863290433,11.451824605306271,19.0
k100,EIA 2026 AEO high,smr_then_large_2037,162216.30214785156,196384.5064453125,200670.41112306635,9.426655478095926,30.21632334432881,49.0
k100,EIA 2026 AEO high,large_then_smr_2038,157675.6437142578,196887.7349609375,201561.79686720308,6.363652194962865,16.080013784427564,23.0
k100,EIA 2026 AEO high,smr_then_large_2038,161770.38039570313,198193.11406249998,202323.4202220559,9.125848929700679,25.645897070039634,48.0
k100,EIA 2026 AEO high,large_then_smr_2039,160320.38839140625,197332.21015625,201626.74585204592,8.147724207343423,22.78289019402359,33.0
k100,EIA 2026 AEO high,smr_then_large_2039,159592.79617128905,198096.484765625,202427.4859967565,7.656910508935116,19.539723509532454,25.0
k100,EIA 2026 AEO high,large_then_smr_2040,161518.75142695312,196670.613671875,200900.10265406687,8.956106948733696,27.313917218595602,47.0
k100,EIA 2026 AEO high,smr_then_large_2040,156460.14197617187,197339.353125,202038.74124407436,5.5437081562599815,13.067508732041922,21.0
k100,EIA 2026 AEO high,large_then_smr_2041,160884.48336914062,194396.63359375,198800.7832538049,8.528247163224902,29.890195211579396,45.0
k100,EIA 2026 AEO high,smr_then_large_2041,152694.80668222657,196314.0845703125,201419.92140718564,3.003716536955733,11.946681500596753,17.0
k100,EIA 2026 AEO high,large_then_smr_2042,160862.74451972658,194341.087890625,198739.12227887975,8.513582733362886,29.955367873648317,44.0
k100,EIA 2026 AEO high,smr_then_large_2042,152599.77303652343,196259.655078125,201402.2840179017,2.9396094535769923,11.965635406643806,16.0
k100,EIA 2026 AEO high,large_then_smr_2043,160843.78289179687,194280.548046875,198682.28864926397,8.500791740723473,30.01928361743774,43.0
k100,EIA 2026 AEO high,smr_then_large_2043,152509.73552890625,196232.2783203125,201385.69259917663,2.8788726275263508,11.983738191927173,15.0
k100,EIA 2026 AEO high,large_then_smr_2044,160827.45488007812,194207.83554687497,198629.8688404441,8.48977731313924,30.08209264072949,42.0
k100,EIA 2026 AEO high,smr_then_large_2044,152424.43067421875,196194.2833984375,201369.88165076097,2.8213283189648712,12.001042557422933,14.0
k100,EIA 2026 AEO high,large_then_smr_2045,160813.62900488282,194181.063671875,198581.65809786678,8.480450758029496,30.143950411403,41.0
k100,EIA 2026 AEO high,smr_then_large_2045,152343.60959453124,196151.627734375,201354.87516373504,2.7668086416868687,12.017564313423907,13.0
k100,EIA 2026 AEO high,large_then_smr_2046,160802.18289726562,194125.74999999997,198537.37193581587,8.47272952866964,30.20501239733771,40.0
k100,EIA 2026 AEO high,smr_then_large_2046,152267.0365013672,196116.3837890625,201340.82506081587,2.715154539271695,12.033353525857377,12.0
k100,EIA 2026 AEO high,large_then_smr_2047,160793.04761386718,194061.47246093748,198496.85279441118,8.466567117765806,30.26542879631544,39.0
k100,EIA 2026 AEO high,smr_then_large_2047,152194.50504941406,196071.566015625,201327.60833021457,2.666226816847307,12.048433910162574,11.0
k100,EIA 2026 AEO high,large_then_smr_2048,160786.14986308594,194013.7990234375,198459.97892496258,8.46191408481955,30.325362981362044,38.0
k100,EIA 2026 AEO high,smr_then_large_2048,152125.81367714843,196033.003125,201315.07265936877,2.619889506554183,12.062863437413187,10.0
k100,EIA 2026 AEO high,large_then_smr_2049,160781.39375214843,193976.29824218748,198426.68792882984,8.45870574320356,30.384965150259347,37.0
k100,EIA 2026 AEO high,smr_then_large_2049,152060.7593826172,196023.747265625,201303.2489864022,2.5760056688585524,12.076636837511609,9.0
k100,EIA 2026 AEO high,large_then_smr_2050,160568.18458300782,193353.24375,197808.73426584332,8.314880702271127,31.039571879291323,34.0
k100,EIA 2026 AEO high,smr_then_large_2050,151072.5154300781,195717.905078125,201123.98772766965,1.9093634812919806,12.269973003308678,7.0
k100,Abou-Jaoude mod,pure_large,217791.88827070312,263363.316796875,269948.6688264097,9.894273316830722,33.038566942127325,29.0
k100,Abou-Jaoude mod,pure_smr,199327.43454335938,265937.9806640625,274662.6519539047,0.5774078418568184,13.274292792305506,1.0
k100,Abou-Jaoude mod,const_0.1,219679.76020546874,266589.94765625,273139.0051381612,10.846863039219457,33.22010084365222,40.0
k100,Abou-Jaoude mod,const_0.2,220024.44610664062,268331.10898437497,274874.9323228543,11.020785984342,31.478379826274647,45.0
k100,Abou-Jaoude mod,const_0.3,219614.83669882812,269554.5140625,276081.9665434756,10.814103685140191,29.145138688757953,39.0
k100,Abou-Jaoude mod,const_0.4,218454.918571875,270187.83046875,276808.49200817116,10.228827710535953,26.515452557992045,31.0
k100,Abou-Jaoude mod,const_0.5,216622.21588710937,270288.25742187497,277161.79255551397,9.304075501685135,23.119273966871727,25.0
k100,Abou-Jaoude mod,const_0.6,214182.50684414062,270126.432421875,277130.56090943114,8.073037676950793,19.250203711298745,21.0
k100,Abou-Jaoude mod,const_0.7,211256.4727,269505.06152343744,276904.49600798404,6.5966080517533,15.33296343564599,16.0
k100,Abou-Jaoude mod,const_0.8,207662.5456515625,268488.784375,276260.9828390095,4.783170441759129,12.134587633719399,12.0
k100,Abou-Jaoude mod,const_0.9,203720.666046875,267386.437890625,275567.24932166917,2.7941615851889625,12.541290115132712,7.0
k100,Abou-Jaoude mod,large_then_smr_2032,200028.53375234376,266078.437890625,274648.4834705589,0.931171192301615,12.969082625387367,2.0
k100,Abou-Jaoude mod,smr_then_large_2032,218374.16891875,264359.3939453125,270903.5553580339,10.188082738254302,33.20060932073521,30.0
k100,Abou-Jaoude mod,large_then_smr_2033,200742.23236328125,266215.1859375,274694.454286739,1.2912919977134412,12.841261282362973,3.0
k100,Abou-Jaoude mod,smr_then_large_2033,218731.72884960938,265046.834375,271522.52625998005,10.368501711068237,33.08863309377208,33.0
k100,Abou-Jaoude mod,large_then_smr_2034,201383.61248476562,266359.11093749997,274681.95784992515,1.6149220600175904,12.575097234262309,4.0
k100,Abou-Jaoude mod,smr_then_large_2034,218982.5841171875,265544.11523437494,271983.62670752243,10.49507923219213,33.4192813833282,35.0
k100,Abou-Jaoude mod,large_then_smr_2035,202025.0610609375,266438.58671875,274700.77965943114,1.9385866634527142,12.383879658746988,5.0
k100,Abou-Jaoude mod,smr_then_large_2035,219190.071596875,265980.46171875,272407.4884215943,10.599774067172655,33.29804131192074,37.0
k100,Abou-Jaoude mod,large_then_smr_2036,202706.75275234375,266580.6984375,274803.8332631612,2.28255729361731,12.30400955139102,6.0
k100,Abou-Jaoude mod,smr_then_large_2036,219277.976128125,266277.478125,272698.66637818114,10.644129275530865,33.13790886209297,38.0
k100,Abou-Jaoude mod,large_then_smr_2037,204329.27578789063,266674.040234375,274969.48629303894,3.101256242173272,12.069157297512184,8.0
k100,Abou-Jaoude mod,smr_then_large_2037,220007.1064703125,267713.0296875,274148.3222773204,11.012036683580675,32.99221027032176,44.0
k100,Abou-Jaoude mod,large_then_smr_2038,205837.45675429687,266968.98359375,275101.81625810877,3.862260027252192,11.845169365032739,10.0
k100,Abou-Jaoude mod,smr_then_large_2038,220182.74686445313,268778.004296875,275086.34456087823,11.10066199296398,32.15663712484293,47.0
k100,Abou-Jaoude mod,large_then_smr_2039,207286.7585828125,267407.269140625,275280.36576846306,4.593554349212957,11.650364513583657,11.0
k100,Abou-Jaoude mod,smr_then_large_2039,219990.67026484376,269052.86328125,275426.56911957334,11.003743239456485,31.555052921781954,43.0
k100,Abou-Jaoude mod,large_then_smr_2040,208643.63203515625,267939.61874999997,275475.8722243014,5.278210803648382,12.102018321890021,13.0
k100,Abou-Jaoude mod,smr_then_large_2040,219917.45336289064,269481.4072265625,275926.0701409681,10.966799171894854,31.195404857053628,42.0
k100,Abou-Jaoude mod,large_then_smr_2041,209940.98672734376,268420.146484375,275653.614528755,5.9328350518890565,13.8665619041231,15.0
k100,Abou-Jaoude mod,smr_then_large_2041,219808.59733867188,270079.754296875,276567.602225237,10.911872178182351,30.02146880773036,41.0
k100,Abou-Jaoude mod,large_then_smr_2042,211742.86970703126,268699.244140625,275929.75071731536,6.842036134753078,16.37332864529718,18.0
k100,Abou-Jaoude mod,smr_then_large_2042,219121.00490664062,270452.432421875,276773.64675336826,10.564924129491454,28.16650616165918,36.0
k100,Abou-Jaoude mod,large_then_smr_2043,213328.6073609375,268885.3029296875,276124.5552176896,7.6421737731694535,18.84981247029197,19.0
k100,Abou-Jaoude mod,smr_then_large_2043,218604.2047796875,270671.141015625,277341.70818519214,10.304155122654207,26.89547910946716,32.0
k100,Abou-Jaoude mod,large_then_smr_2044,214828.8309457031,269239.001171875,276416.1330152196,8.39916239184413,20.656808112448864,22.0
k100,Abou-Jaoude mod,smr_then_large_2044,217732.85134765625,270708.42109375,277438.2614614521,9.864484237868176,24.942132464366484,28.0
k100,Abou-Jaoude mod,large_then_smr_2045,216079.55959609375,269556.403515625,276457.0489801647,9.030259891583782,22.70746651586037,24.0
k100,Abou-Jaoude mod,smr_then_large_2045,216799.41904648437,270759.051171875,277514.2569314496,9.393489357194564,23.60191237829827,26.0
k100,Abou-Jaoude mod,large_then_smr_2046,217318.38524140624,269812.7640625,276638.4241516966,9.655351326984979,24.469331467327525,27.0
k100,Abou-Jaoude mod,smr_then_large_2046,215953.33638828126,270923.5265625,277750.3322963448,8.966569697204122,21.656512929112388,23.0
k100,Abou-Jaoude mod,large_then_smr_2047,218832.75983945312,269739.248828125,276325.6792118887,10.419480318671651,27.374687927418567,34.0
k100,Abou-Jaoude mod,smr_then_large_2047,214025.54080117188,270784.55624999997,277945.3606303019,7.993835143906822,18.586920333207814,20.0
k100,Abou-Jaoude mod,large_then_smr_2048,220054.908165625,269584.18671875,276102.0647766966,11.036156647879574,30.024232192817795,46.0
k100,Abou-Jaoude mod,smr_then_large_2048,211630.83910234374,270320.95820312493,277657.84994074353,6.785507298949628,15.59760387699017,17.0
k100,Abou-Jaoude mod,large_then_smr_2049,220868.58645976562,269147.314453125,275691.5706711577,11.44672558852405,32.599502107111576,49.0
k100,Abou-Jaoude mod,smr_then_large_2049,208778.90818203124,269456.74609375,276986.5342829965,5.346468965033397,12.403227296420503,14.0
k100,Abou-Jaoude mod,large_then_smr_2050,220852.39983203125,267794.828125,274354.89789171657,11.438558077298342,34.56438322406081,48.0
k100,Abou-Jaoude mod,smr_then_large_2050,204731.19423671876,267915.82890624995,276031.6499423029,3.3040578075451448,12.726255581163477,9.0
k100,IAEA high,pure_large,530530.1962992188,648612.4359375,664076.615862026,11.760910389991789,40.33994274713144,29.0
k100,IAEA high,pure_smr,477515.4466242188,651187.69765625,675272.6158932135,0.5928812578029811,14.86539251959681,1.0
k100,IAEA high,const_0.1,536080.0183617187,657243.9156249999,672595.9339134231,12.930029830382018,40.57593667735817,40.0
k100,IAEA high,const_0.2,536889.9547,660969.6140625,676792.9617327844,13.100650132780784,38.34458817905987,46.0
k100,IAEA high,const_0.3,535643.214946875,663951.509375,680023.7002245509,12.83801330117232,35.568745658334315,39.0
k100,IAEA high,const_0.4,531896.2257554687,665231.63203125,681841.9048465568,12.048676659876152,31.8470841512803,32.0
k100,IAEA high,const_0.5,527017.7662421875,665946.9601562499,683391.0120696108,11.020985719175155,27.75207581618749,26.0
k100,IAEA high,const_0.6,520538.95818359376,665737.78359375,684038.1139595809,9.656167105793017,23.198384047130137,20.0
k100,IAEA high,const_0.7,512500.3569625,664287.3656249999,683736.3477732036,7.9627641722777325,18.17692417881645,15.0
k100,IAEA high,const_0.8,502729.5791,661235.1617187498,682294.0666791417,5.904462803668177,13.814115710339438,10.0
k100,IAEA high,const_0.9,490927.53948125,656734.3953125,679212.8062000998,3.4182580570747665,14.22613161368548,5.0
k100,IAEA high,large_then_smr_2032,486786.9658289063,654455.18828125,677444.1228480539,2.5460093440877345,14.281752147779953,3.0
k100,IAEA high,smr_then_large_2032,536464.3173171876,656663.39296875,671971.7334081837,13.010985827655523,42.026227785649056,43.0
k100,IAEA high,large_then_smr_2033,494909.59159296873,657044.5132812499,679334.426022954,4.257112795844575,14.054921879934508,7.0
k100,IAEA high,smr_then_large_2033,538614.3816679687,661144.2437499999,676714.0142527445,13.463916030152145,41.56060577399063,48.0
k100,IAEA high,large_then_smr_2034,502130.0206507812,659894.17265625,681030.1487337825,5.7781604770822135,13.860325716147955,9.0
k100,IAEA high,smr_then_large_2034,538668.7081242187,663662.40546875,679283.2089258982,13.47536038195552,40.143483568650986,49.0
k100,IAEA high,large_then_smr_2035,508124.7766195313,661556.153125,681967.6992889221,7.041009207101474,15.478271689162586,13.0
k100,IAEA high,smr_then_large_2035,537302.5911609374,664643.7125,680538.5066429641,13.18757567793575,38.3369715430145,47.0
k100,IAEA high,large_then_smr_2036,513282.8512328125,662561.36484375,682523.5050523952,8.127603558678565,18.547367863816344,16.0
k100,IAEA high,smr_then_large_2036,535461.6478851562,665722.8046875,681615.1875935629,12.79976458270903,36.16000924928733,37.0
k100,IAEA high,large_then_smr_2037,517399.76019296877,663411.58984375,682302.1320484031,8.994867093514715,21.179488346389395,18.0
k100,IAEA high,smr_then_large_2037,533191.4555414063,666171.05390625,682459.7922904191,12.321528348715681,34.051125988976885,34.0
k100,IAEA high,large_then_smr_2038,520988.63565390627,663890.9953124999,681974.9201908683,9.750895669434755,23.640507716209527,21.0
k100,IAEA high,smr_then_large_2038,530596.1619132813,666074.84921875,683083.6694111776,11.774806634038756,31.881066065944243,30.0
k100,IAEA high,large_then_smr_2039,524216.2796734375,664194.95234375,681666.8016467065,10.43082762534208,25.943983848761125,23.0
k100,IAEA high,smr_then_large_2039,527866.4353984375,666599.38203125,683638.2960953094,11.199765434607059,29.713313516233896,27.0
k100,IAEA high,large_then_smr_2040,526985.650553125,663966.1343749999,681244.8547592316,11.014220263273748,28.123872326344966,25.0
k100,IAEA high,smr_then_large_2040,525026.4433984375,666980.1640624999,684129.8436876248,10.601495828778098,27.54794733693534,24.0
k100,IAEA high,large_then_smr_2041,529348.3717992187,663201.9546875,680626.4470122255,11.511948534545011,30.228700402728055,28.0
k100,IAEA high,smr_then_large_2041,522060.592775,666526.0554687498,684449.1892776946,9.976712983111097,25.441848724029562,22.0
k100,IAEA high,large_then_smr_2042,531430.0365039062,662668.76328125,679734.0296906187,11.950469742471459,32.105151184929774,31.0
k100,IAEA high,smr_then_large_2042,518470.0302875,666211.0984375,684461.5374251497,9.220329020022161,23.070599671783018,19.0
k100,IAEA high,large_then_smr_2043,533136.505365625,661901.26171875,678815.503493014,12.309952604838628,33.82443067449266,33.0
k100,IAEA high,smr_then_large_2043,514757.5433265625,665433.27734375,684307.4552145709,8.438260580827535,20.5573961412614,17.0
k100,IAEA high,large_then_smr_2044,534486.3067742188,661766.95390625,677886.1720309381,12.594300291968295,35.390923209883624,35.0
k100,IAEA high,smr_then_large_2044,510777.06477734377,664077.7101562499,683801.3208894711,7.599737327011424,18.099289789116355,14.0
k100,IAEA high,large_then_smr_2045,535502.426109375,661096.88515625,676912.806356038,12.80835487878372,36.80756155805012,38.0
k100,IAEA high,smr_then_large_2045,506935.05177265627,663094.3007812498,683406.7030938123,6.790383073230384,15.744136393854188,12.0
k100,IAEA high,large_then_smr_2046,536145.2743476563,660067.7234375,675813.4908932135,12.943776584944994,38.07590920305505,41.0
k100,IAEA high,smr_then_large_2046,502911.9598117187,661728.3640625,682707.7781312375,5.94288292474978,13.936126715062713,11.0
k100,IAEA high,large_then_smr_2047,536500.0576148437,658963.3875,674744.6614895209,13.018514839635491,39.197233389875706,44.0
k100,IAEA high,smr_then_large_2047,499056.97062421875,660667.81796875,682145.7511851297,5.130795122502265,14.18639278612467,8.0
k100,IAEA high,large_then_smr_2048,536583.5459351563,657836.9226562498,673666.0872005988,13.036102397799276,40.2050980069108,45.0
k100,IAEA high,smr_then_large_2048,494882.03313203127,659110.07578125,681071.2437936626,4.2513073606312615,14.232349342937727,6.0
k100,IAEA high,large_then_smr_2049,536337.716990625,657020.85234375,672289.5116017964,12.984316341449093,41.0721437288323,42.0
k100,IAEA high,smr_then_large_2049,490602.63650625,657167.05546875,679781.2461639221,3.3498143520270385,14.430408212480428,4.0
k100,IAEA high,large_then_smr_2050,535124.0135773438,654645.175,669913.1785491518,12.728638909027794,41.748829505891344,36.0
k100,IAEA high,smr_then_large_2050,484770.551346875,654193.76796875,677792.2953156187,2.121233676637742,14.602654783031008,2.0
k100,McKinsey GEP 2025,pure_large,670576.2650015625,824839.1921875,844404.1819797904,12.518840219730333,43.43580898029425,30.0
k100,McKinsey GEP 2025,pure_smr,599494.8449609375,825894.8429687499,858597.6564059381,0.5917867858841658,14.881116050843827,1.0
k100,McKinsey GEP 2025,const_0.1,678281.3734515625,835757.640625,856126.5737275449,13.811713099087648,43.61094947038127,41.0
k100,McKinsey GEP 2025,const_0.2,679080.0303546875,839982.19765625,861561.7379303892,13.945723133685124,41.46495017711202,43.0
k100,McKinsey GEP 2025,const_0.3,677093.5495625,843594.7171875,865728.1904004491,13.61240308267618,38.26245537458575,37.0
k100,McKinsey GEP 2025,const_0.4,672215.5602765625,844480.69140625,868303.4991267466,12.793904537910835,34.11667374460774,31.0
k100,McKinsey GEP 2025,const_0.5,665687.0592875,845472.1390625,870530.5850798403,11.698459622840714,29.552769822496572,25.0
k100,McKinsey GEP 2025,const_0.6,657003.41433125,845170.9078124999,871301.7473178643,10.241393946120285,24.836996375090045,20.0
k100,McKinsey GEP 2025,const_0.7,646238.8211671875,842376.2062499998,870647.5210828343,8.435157129410513,19.468212284192823,15.0
k100,McKinsey GEP 2025,const_0.8,633566.5817765625,839472.5726562499,868892.3566928643,6.308828248359847,14.13015813677499,10.0
k100,McKinsey GEP 2025,const_0.9,618060.291859375,833083.2148437499,864841.4485092316,3.7069619899577995,14.8508685158279,4.0
k100,McKinsey GEP 2025,large_then_smr_2032,609623.0496140625,828897.496875,861319.9641030439,2.2912412708636567,14.743632260543036,2.0
k100,McKinsey GEP 2025,smr_then_large_2032,677307.387990625,833649.02890625,853103.2291042914,13.648283940951082,44.49751922016987,38.0
k100,McKinsey GEP 2025,large_then_smr_2033,618581.8363578125,832487.31875,863746.7163485528,3.7944741569549887,14.608943293188155,5.0
k100,McKinsey GEP 2025,smr_then_large_2033,679945.713565625,838693.28984375,858386.5140656187,14.090979797208924,44.248966124727815,48.0
k100,McKinsey GEP 2025,large_then_smr_2034,626639.27088125,835707.9406249999,865957.155501497,5.146465324911836,14.477510582961626,7.0
k100,McKinsey GEP 2025,smr_then_large_2034,680379.379478125,841041.90859375,861537.3460578843,14.163746442949387,43.01792002703744,49.0
k100,McKinsey GEP 2025,large_then_smr_2035,633468.2628671875,838131.8515625,867457.4106474551,6.29233090088138,14.025318193096657,9.0
k100,McKinsey GEP 2025,smr_then_large_2035,679922.3803078125,842629.39375,863784.2596993513,14.08706461075716,41.80734744940769,47.0
k100,McKinsey GEP 2025,large_then_smr_2036,639253.386028125,839278.56875,868214.183507984,7.263041292182617,15.91406792965594,12.0
k100,McKinsey GEP 2025,smr_then_large_2036,678446.885634375,843438.7578125,865162.3635541417,13.839485091363954,40.355625697535935,42.0
k100,McKinsey GEP 2025,large_then_smr_2037,644260.327034375,840207.0796874998,868438.6487025948,8.103177193906705,18.461205591002418,14.0
k100,McKinsey GEP 2025,smr_then_large_2037,676965.921590625,845222.72421875,866694.740862026,13.590987843091254,38.617903893246094,36.0
k100,McKinsey GEP 2025,large_then_smr_2038,648812.9923625,841582.2437499999,868588.33311502,8.867088249762537,20.7060094785865,17.0
k100,McKinsey GEP 2025,smr_then_large_2038,674929.6387984375,845622.21640625,867614.8081649202,13.249311302935457,36.88581892698036,34.0
k100,McKinsey GEP 2025,large_then_smr_2039,652992.4746796875,842248.49609375,868709.7022517466,9.568381342872106,22.932833163766208,19.0
k100,McKinsey GEP 2025,smr_then_large_2039,673134.897071875,846182.9562499999,869043.8527944111,12.948163964285918,35.44748138818448,32.0
k100,McKinsey GEP 2025,large_then_smr_2040,657108.8348890624,842762.8007812499,869014.9176022954,10.259082909359016,25.01005516778584,21.0
k100,McKinsey GEP 2025,smr_then_large_2040,670253.621684375,845427.0890625,869075.5871694111,12.464702526899076,33.79148586988895,28.0
k100,McKinsey GEP 2025,large_then_smr_2041,661249.0135671875,843907.4367187499,869124.2257984031,10.953781077902152,27.380914484299957,23.0
k100,McKinsey GEP 2025,smr_then_large_2041,668286.2788796875,846070.1398437498,870304.4931387226,12.134593720113987,32.23627963724978,27.0
k100,McKinsey GEP 2025,large_then_smr_2042,666361.5030625,844229.26484375,868361.5697043414,11.811627408992885,30.344202855363704,26.0
k100,McKinsey GEP 2025,smr_then_large_2042,663365.6224625,846054.121875,871138.2407372755,11.308935876139415,29.15105203990617,24.0
k100,McKinsey GEP 2025,large_then_smr_2043,670522.3491765625,842728.4359375,867293.0550773453,12.509793454410543,33.05860778605933,29.0
k100,McKinsey GEP 2025,smr_then_large_2043,658039.8776765625,845611.9218749999,871634.5119760479,10.415306533892165,26.05512493745724,22.0
k100,McKinsey GEP 2025,large_then_smr_2044,673749.9170578124,841986.2828124999,865809.5721681637,13.051360780429539,35.533761714945264,33.0
k100,McKinsey GEP 2025,smr_then_large_2044,652206.7450875,844902.25,871501.2085516467,9.436540436694115,22.979293818010575,18.0
k100,McKinsey GEP 2025,large_then_smr_2045,676303.2767328125,842086.3414062499,864345.7104540918,13.479799847377663,37.776305623749444,35.0
k100,McKinsey GEP 2025,smr_then_large_2045,646297.7444078125,843309.6328124999,871220.9497879242,8.445044110270322,19.974182730593004,16.0
k100,McKinsey GEP 2025,large_then_smr_2046,678102.286815625,841318.3742187498,862762.308008982,13.78166339165505,39.789383032839744,40.0
k100,McKinsey GEP 2025,smr_then_large_2046,640208.4433,841900.41875,870713.5526447105,7.423294409066412,17.079147291753372,13.0
k100,McKinsey GEP 2025,large_then_smr_2047,679233.0281875,840126.1054687499,861023.788391966,13.971395290011973,41.57239093163683,44.0
k100,McKinsey GEP 2025,smr_then_large_2047,633680.122496875,839660.03125,869572.8381362276,6.327879728160203,14.229028275718012,11.0
k100,McKinsey GEP 2025,large_then_smr_2048,679686.72143125,838758.21328125,859101.8314308883,14.047522406742175,42.97445345140868,46.0
k100,McKinsey GEP 2025,smr_then_large_2048,626981.6607671875,837356.1203124999,868128.5622816866,5.2039163784002325,14.512188934843023,8.0
k100,McKinsey GEP 2025,large_then_smr_2049,679658.0537125,836569.5304687499,857055.9196606786,14.042712128428064,44.27304197755362,45.0
k100,McKinsey GEP 2025,smr_then_large_2049,620128.8281671875,835037.0171875,866419.394367515,4.054050484518403,14.935465656536831,6.0
k100,McKinsey GEP 2025,large_then_smr_2050,677896.7259796875,833279.75390625,853375.4599862774,13.747171465737821,45.02965508214246,39.0
k100,McKinsey GEP 2025,smr_then_large_2050,610703.1609953125,830705.6789062499,862840.7978418163,2.4724777480093216,14.920455936681915,3.0
k100,COP28 tripling pledge,pure_large,1222090.3658375,1522182.73125,1561619.7244261478,14.646612474916347,48.69297296228919,30.0
k100,COP28 tripling pledge,pure_smr,1072546.476746875,1517181.4171874996,1583336.2659680638,0.6176169277536219,17.455933936678864,1.0
k100,COP28 tripling pledge,const_0.1,1235207.451378125,1541680.2703124997,1581579.3064496007,15.877151119859997,48.01463087961395,41.0
k100,COP28 tripling pledge,const_0.2,1235133.884196875,1549142.2249999999,1590879.3171157686,15.870249643213574,44.88969804123491,40.0
k100,COP28 tripling pledge,const_0.3,1229769.359296875,1554990.0296874999,1597928.9359406189,15.366993399227999,41.07735854587412,36.0
k100,COP28 tripling pledge,const_0.4,1218966.417884375,1556459.225,1601864.7611651698,14.35354899910023,36.54153585685121,28.0
k100,COP28 tripling pledge,const_0.5,1205188.555478125,1555932.3546875,1605553.364271457,13.061021624547555,31.692284696667052,25.0
k100,COP28 tripling pledge,const_0.6,1187280.674025,1554650.11875,1606579.142028443,11.381049338867856,26.52329914703792,21.0
k100,COP28 tripling pledge,const_0.7,1166333.11536875,1550884.8734374999,1606365.1462075848,9.415919176080854,20.843795130758696,16.0
k100,COP28 tripling pledge,const_0.8,1141609.46355625,1546020.8062499997,1603988.273265968,7.096546560480553,16.24662825759495,9.0
k100,COP28 tripling pledge,const_0.9,1111130.600325,1534791.9343749997,1596962.9140469062,4.237266658413369,17.153762892858158,4.0
k100,COP28 tripling pledge,large_then_smr_2032,1096535.326753125,1527150.171875,1591236.6817614771,2.8680563938242796,17.20522164861558,2.0
k100,COP28 tripling pledge,smr_then_large_2032,1237768.961809375,1540695.45625,1580749.6473927146,16.1174512662086,50.55891206533567,43.0
k100,COP28 tripling pledge,large_then_smr_2033,1116909.1086875,1535581.246875,1597821.1451472056,4.779359475309605,16.952252011840784,6.0
k100,COP28 tripling pledge,smr_then_large_2033,1240809.21756875,1548756.7546875,1588924.2228043913,16.402663418773795,49.55575216118199,48.0
k100,COP28 tripling pledge,large_then_smr_2034,1132665.99201875,1540969.7062499998,1601115.9860903195,6.257542552100584,16.438077812926718,7.0
k100,COP28 tripling pledge,smr_then_large_2034,1240130.248828125,1552508.68125,1593902.8066991018,16.33896807490643,48.00966471244861,46.0
k100,COP28 tripling pledge,large_then_smr_2035,1145296.7242375,1544946.5828125,1602323.0933757485,7.442455470520578,15.952164447232128,10.0
k100,COP28 tripling pledge,smr_then_large_2035,1236456.9652,1554915.2140625,1596229.6468313374,15.99437037869965,45.75227495823018,42.0
k100,COP28 tripling pledge,large_then_smr_2036,1154064.564709375,1545659.0890624998,1601465.9832210578,8.264983195900422,17.63291300728331,12.0
k100,COP28 tripling pledge,smr_then_large_2036,1232538.55931875,1555643.6078124999,1599253.2045908184,15.626777299542002,44.095627260201546,38.0
k100,COP28 tripling pledge,large_then_smr_2037,1158743.406696875,1545994.7499999998,1601649.7859281437,8.703914226835009,18.88506140593875,13.0
k100,COP28 tripling pledge,smr_then_large_2037,1230566.7269875,1555741.0640625,1599801.6868762474,15.44179597290221,43.049099876191455,37.0
k100,COP28 tripling pledge,large_then_smr_2038,1163507.9801625,1547089.3234374993,1602090.9096806387,9.150887890151171,20.0649541244738,15.0
k100,COP28 tripling pledge,smr_then_large_2038,1229204.01901875,1557607.9734375,1601015.1378493013,15.313957756697391,42.03866955021368,35.0
k100,COP28 tripling pledge,large_then_smr_2039,1168531.293515625,1549149.6984374998,1602879.5401072854,9.622134432497594,21.30680666770737,17.0
k100,COP28 tripling pledge,smr_then_large_2039,1227251.085290625,1556384.7968749998,1601254.6647954092,15.130749343820243,41.3813941010981,33.0
k100,COP28 tripling pledge,large_then_smr_2040,1174894.83494375,1552218.6359375,1605148.0087949103,10.219110309627887,22.89792675742461,18.0
k100,COP28 tripling pledge,smr_then_large_2040,1224954.9459625,1556869.18125,1601104.5057385229,14.915344163402544,40.35788581070206,32.0
k100,COP28 tripling pledge,large_then_smr_2041,1182659.766421875,1554774.8156249998,1607221.8541042914,10.947553242288441,25.536629614965115,20.0
k100,COP28 tripling pledge,smr_then_large_2041,1223749.334503125,1558087.5999999999,1602277.2756362276,14.802243468362237,40.01269321838593,31.0
k100,COP28 tripling pledge,large_then_smr_2042,1197869.539940625,1556645.9406249998,1606830.6828218563,12.37441091106679,29.697427529219464,23.0
k100,COP28 tripling pledge,smr_then_large_2042,1214045.3618125,1557188.0890625,1604851.2693987025,13.89189540603475,36.23243152770228,27.0
k100,COP28 tripling pledge,large_then_smr_2043,1210147.76381875,1556225.509375,1605234.0173403195,13.526254354224115,33.460524574830494,26.0
k100,COP28 tripling pledge,smr_then_large_2043,1202697.454084375,1556627.6828125,1606449.6430264472,12.827326683397061,32.340648015804696,24.0
k100,COP28 tripling pledge,large_then_smr_2044,1220002.370515625,1555846.3984375,1602834.3249750498,14.450733678054716,36.918952834929634,29.0
k100,COP28 tripling pledge,smr_then_large_2044,1190231.604178125,1555961.703125,1607253.4168537925,11.657881687082973,28.484879476531738,22.0
k100,COP28 tripling pledge,large_then_smr_2045,1227894.12006875,1556131.4531249998,1600413.5988023952,15.191073654588433,40.12386910823888,34.0
k100,COP28 tripling pledge,smr_then_large_2045,1176955.796375,1553792.234375,1607319.2858657686,10.412453005994161,24.668831479716324,19.0
k100,COP28 tripling pledge,large_then_smr_2046,1233884.909528125,1554963.9765625,1597659.3156811376,15.753080963350005,42.98669444499404,39.0
k100,COP28 tripling pledge,smr_then_large_2046,1163040.518221875,1550548.9953125,1606752.6707834331,9.10703439989239,20.885286372725016,14.0
k100,COP28 tripling pledge,large_then_smr_2047,1238073.688425,1552157.3984375,1594619.0539545908,16.14603824732633,45.51072691961131,44.0
k100,COP28 tripling pledge,smr_then_large_2047,1148554.67100625,1547824.9249999996,1605486.5754116767,7.7480896290918375,17.147688572688992,11.0
k100,COP28 tripling pledge,large_then_smr_2048,1240471.975540625,1550698.5265625,1591188.375,16.37102610520885,47.68884562297344,47.0
k100,COP28 tripling pledge,smr_then_large_2048,1133331.31364375,1543913.0953125,1603308.5053018962,6.319957634196648,16.814026048531808,8.0
k100,COP28 tripling pledge,large_then_smr_2049,1241326.019128125,1547490.65625,1587284.0777195608,16.451145552141647,49.62804302076282,49.0
k100,COP28 tripling pledge,smr_then_large_2049,1116560.409165625,1537785.7078125,1598959.6294286428,4.746647312549697,17.076728669361447,5.0
k100,COP28 tripling pledge,large_then_smr_2050,1238505.650815625,1540977.940625,1580702.434006986,16.186561457545555,50.95435265364577,45.0
k100,COP28 tripling pledge,smr_then_large_2050,1097495.200953125,1529425.6375,1593505.02376497,2.9581040110122734,17.543478023981784,3.0
k100,2025 EO,pure_large,1829562.75648125,2299783.5468749995,2359574.779316367,16.053685685177115,51.10750188358019,32.0
k100,2025 EO,pure_smr,1585679.18526875,2270654.271875,2381720.776696607,0.583548234571412,18.109887089295462,1.0
k100,2025 EO,const_0.1,1849707.4879,2328441.59375,2390037.1025449103,17.331515767803133,50.368263836222425,41.0
k100,2025 EO,const_0.2,1846383.150546875,2332942.15,2400999.9441117765,17.120644836524963,46.9637242054727,38.0
k100,2025 EO,const_0.3,1836347.587809375,2338506.5593749997,2410315.141467066,16.484064298641872,43.37360098851626,35.0
k100,2025 EO,const_0.4,1818241.79179375,2338132.56875,2415811.6346057886,15.335568925944987,38.64653795644814,29.0
k100,2025 EO,const_0.5,1794964.0266625,2338858.2843749993,2419532.8783682636,13.859002774592447,33.47712066188246,25.0
k100,2025 EO,const_0.6,1766186.781659375,2333813.26875,2420195.712824351,12.033591028180876,27.77759424633111,20.0
k100,2025 EO,const_0.7,1734470.5381375,2329842.66875,2421321.0368013973,10.021751344757622,21.98497671570595,16.0
k100,2025 EO,const_0.8,1695360.815890625,2318251.328125,2416750.6388473054,7.54092503978691,18.067791716021166,10.0
k100,2025 EO,const_0.9,1647684.89448125,2300165.9,2405473.8960828343,4.51672355864383,18.64170095792738,5.0
k100,2025 EO,large_then_smr_2032,1623924.910528125,2288762.9437499996,2396427.311252495,3.0095690760700142,18.590709180657274,3.0
k100,2025 EO,smr_then_large_2032,1855145.663515625,2330324.084375,2389595.4688123753,17.676472682432482,53.246440826278835,45.0
k100,2025 EO,large_then_smr_2033,1654418.056003125,2301830.6625,2406886.601297405,4.943824628644879,18.809424339142517,6.0
k100,2025 EO,smr_then_large_2033,1859111.94968125,2340499.565625,2400869.4709331337,17.92806401285954,52.20371805259339,49.0
k100,2025 EO,large_then_smr_2034,1678198.604525,2309727.484375,2412172.7853043913,6.452283572620473,18.648075921218496,8.0
k100,2025 EO,smr_then_large_2034,1857542.861121875,2343187.471875,2407376.517964072,17.82853284901352,50.57316657424358,48.0
k100,2025 EO,large_then_smr_2035,1698311.69046875,2314803.1125,2415203.6956087826,7.72810630458525,18.20115055631131,11.0
k100,2025 EO,smr_then_large_2035,1852698.09756875,2343975.071875,2411073.958208583,17.52121752756768,48.865164049342006,43.0
k100,2025 EO,large_then_smr_2036,1715590.566359375,2319766.0437499993,2416692.6806387226,8.824148090798955,18.443557742550098,13.0
k100,2025 EO,smr_then_large_2036,1846395.387403125,2344607.86875,2413626.6616766467,17.121421050548765,46.790624922377745,39.0
k100,2025 EO,large_then_smr_2037,1730718.388309375,2324538.0375,2417081.7069610776,9.78374321125451,21.166444115620813,14.0
k100,2025 EO,smr_then_large_2037,1839014.7723625,2342520.971875,2415363.527819361,16.6532504042817,44.94036715319022,36.0
k100,2025 EO,large_then_smr_2038,1744418.83954375,2327589.490625,2417125.689246507,10.652796680815312,23.772630600981778,17.0
k100,2025 EO,smr_then_large_2038,1831224.415478125,2341889.74375,2416715.585454092,16.15908882057443,42.81885231724808,34.0
k100,2025 EO,large_then_smr_2039,1757159.958278125,2328684.159375,2417005.687999002,11.46099731981418,26.107694813588065,19.0
k100,2025 EO,smr_then_large_2039,1823127.094296875,2341706.4281249996,2417988.1813872256,15.645455733143168,41.136191064334575,31.0
k100,2025 EO,large_then_smr_2040,1769812.340228125,2331233.790625,2417347.7015968063,12.263569165350738,28.46756112218267,21.0
k100,2025 EO,smr_then_large_2040,1816336.666984375,2343263.1875,2420855.628493014,15.214722152564297,38.936959558370205,28.0
k100,2025 EO,large_then_smr_2041,1787996.844084375,2338434.7218749993,2422056.650948104,13.417057170830782,32.081693529245456,23.0
k100,2025 EO,smr_then_large_2041,1807983.35673125,2342124.3031249996,2420656.192240519,14.68485104586806,37.691474892544946,27.0
k100,2025 EO,large_then_smr_2042,1804967.968675,2340195.765625,2419735.2398952097,14.493577531767938,35.69179400989837,26.0
k100,2025 EO,smr_then_large_2042,1790036.64266875,2341218.865625,2421627.255988024,13.546446634479144,33.9761002979416,24.0
k100,2025 EO,large_then_smr_2043,1819133.9094375,2339395.7875,2416742.585204591,15.392158152116753,38.952591697833434,30.0
k100,2025 EO,smr_then_large_2043,1771088.076409375,2336430.025,2421554.8781187623,12.344492263108119,30.25825580151589,22.0
k100,2025 EO,large_then_smr_2044,1830843.39215625,2338295.9875,2413495.8348303395,16.134919569927543,41.88876578862724,33.0
k100,2025 EO,smr_then_large_2044,1751501.9355375,2332677.3593749995,2420837.687749501,11.102094958900928,26.567187736724627,18.0
k100,2025 EO,large_then_smr_2045,1840333.651940625,2339016.596875,2410400.6482035927,16.736910194291138,44.51820027444784,37.0
k100,2025 EO,smr_then_large_2045,1731462.97174375,2326940.703125,2419581.4341317364,9.830973978033748,22.91924185832482,15.0
k100,2025 EO,large_then_smr_2046,1847673.827725,2336902.7249999996,2407192.0883233533,17.20251567862673,46.85135754840797,40.0
k100,2025 EO,smr_then_large_2046,1711071.079415625,2322785.2406249996,2417749.4943862273,8.537465868300622,19.333467730131034,12.0
k100,2025 EO,large_then_smr_2047,1852854.004959375,2336985.70625,2403675.820733533,17.53110711853333,48.89181361603534,44.0
k100,2025 EO,smr_then_large_2047,1690241.728034375,2317148.2812499995,2415073.8118762476,7.2162086500596505,18.188214296846812,9.0
k100,2025 EO,large_then_smr_2048,1855756.158709375,2337347.9125,2399469.7971556885,17.715197900836053,50.709221294532455,46.0
k100,2025 EO,smr_then_large_2048,1668825.962709375,2308656.0125,2411369.451971058,5.857753746596744,18.700039008194025,7.0
k100,2025 EO,large_then_smr_2049,1856525.99218125,2334880.0,2394512.8816117765,17.764030339875607,52.31300427030663,47.0
k100,2025 EO,smr_then_large_2049,1646473.891365625,2300875.453125,2406256.0399201596,4.439906639165859,18.93760946855274,4.0
k100,2025 EO,large_then_smr_2050,1852495.745709375,2326069.646875,2385769.306012974,17.508381849205442,53.390186733622905,42.0
k100,2025 EO,smr_then_large_2050,1620050.547725,2288575.459375,2397390.1545658684,2.763808671628366,18.812877444258536,2.0
k075,EIA 2026 AEO high,pure_large,158992.3056951172,191704.77890624997,195943.8937983408,9.47763111980909,43.27029816693526,26.0
k075,EIA 2026 AEO high,pure_smr,147729.72275234375,191496.44921874997,197135.5234530938,1.722533189286587,37.860490142048306,1.0
k075,EIA 2026 AEO high,const_0.1,159999.8224515625,192759.19511718748,197023.57392246756,10.171378828711797,40.957358318722854,35.0
k075,EIA 2026 AEO high,const_0.2,160360.86359414062,193440.43359375,197781.3209518463,10.419981607654051,38.81577603865089,46.0
k075,EIA 2026 AEO high,const_0.3,160086.55816914063,193836.03984374998,198194.67996818863,10.23110260498144,34.8766876201479,36.0
k075,EIA 2026 AEO high,const_0.4,159266.20426738283,193743.959375,198251.58548527944,9.666229975128786,31.28710322632263,32.0
k075,EIA 2026 AEO high,const_0.5,158015.94263242188,193250.146484375,198100.80789202845,8.805334968435979,26.61073722434756,24.0
k075,EIA 2026 AEO high,const_0.6,156518.37059003906,193081.2978515625,198004.76263878492,7.774148969122806,25.551716359915623,22.0
k075,EIA 2026 AEO high,const_0.7,154688.9314263672,192609.583984375,197793.4250483408,6.514448601605258,28.96902329660215,20.0
k075,EIA 2026 AEO high,const_0.8,152528.43572597657,192194.45058593748,197445.44812718313,5.026792011626247,32.24986927293775,18.0
k075,EIA 2026 AEO high,const_0.9,150287.16956777344,191891.82617187497,197333.99175087325,3.483519155519671,35.406393058072574,8.0
k075,EIA 2026 AEO high,large_then_smr_2032,147729.72275234375,191496.44921874997,197135.5234530938,1.722533189286587,37.860490142048306,2.0
k075,EIA 2026 AEO high,smr_then_large_2032,158992.3056951172,191704.77890624997,195943.8937983408,9.47763111980909,43.27029816693526,27.0
k075,EIA 2026 AEO high,large_then_smr_2033,147729.72275234375,191496.44921874997,197135.5234530938,1.722533189286587,37.860490142048306,3.0
k075,EIA 2026 AEO high,smr_then_large_2033,158992.3056951172,191704.77890624997,195943.8937983408,9.47763111980909,43.27029816693526,28.0
k075,EIA 2026 AEO high,large_then_smr_2034,147729.72275234375,191496.44921874997,197135.5234530938,1.722533189286587,37.860490142048306,4.0
k075,EIA 2026 AEO high,smr_then_large_2034,158992.3056951172,191704.77890624997,195943.8937983408,9.47763111980909,43.27029816693526,29.0
k075,EIA 2026 AEO high,large_then_smr_2035,147729.72275234375,191496.44921874997,197135.5234530938,1.722533189286587,37.860490142048306,5.0
k075,EIA 2026 AEO high,smr_then_large_2035,158992.3056951172,191704.77890624997,195943.8937983408,9.47763111980909,43.27029816693526,30.0
k075,EIA 2026 AEO high,large_then_smr_2036,147729.72275234375,191496.44921874997,197135.5234530938,1.722533189286587,37.860490142048306,6.0
k075,EIA 2026 AEO high,smr_then_large_2036,158992.3056951172,191704.77890624997,195943.8937983408,9.47763111980909,43.27029816693526,31.0
k075,EIA 2026 AEO high,large_then_smr_2037,152778.721253125,192331.27812499998,197653.33209362524,5.199131588035227,32.73077217874181,19.0
k075,EIA 2026 AEO high,smr_then_large_2037,161774.3601986328,194860.74882812498,199117.11711732784,11.393275624488039,40.589241335365976,49.0
k075,EIA 2026 AEO high,large_then_smr_2038,156717.727909375,193292.575390625,198280.05547498752,7.9114208136430415,27.11691555973371,23.0
k075,EIA 2026 AEO high,smr_then_large_2038,161236.09934941406,195730.8212890625,199972.30251996007,11.022644338657111,34.187887110992946,48.0
k075,EIA 2026 AEO high,large_then_smr_2039,159559.11622558592,194445.261328125,198829.55288641466,9.867920913382331,30.4912351690199,33.0
k075,EIA 2026 AEO high,smr_then_large_2039,158885.20720292968,194704.0919921875,199522.65341192615,9.403886109508564,25.936547349808965,25.0
k075,EIA 2026 AEO high,large_then_smr_2040,160888.66828203126,194421.00917968748,198699.3987025948,10.783413074803159,36.7320337966478,47.0
k075,EIA 2026 AEO high,smr_then_large_2040,155512.61704003907,193788.2798828125,198741.36530844562,7.081615354600101,29.494602682704016,21.0
k075,EIA 2026 AEO high,large_then_smr_2041,160256.83285039064,193054.49257812498,197397.1080885105,10.348348962667938,40.64511248821041,45.0
k075,EIA 2026 AEO high,smr_then_large_2041,151473.2949482422,192467.39218749997,197890.14234811626,4.300251740766964,34.23887101731714,17.0
k075,EIA 2026 AEO high,large_then_smr_2042,160236.7408921875,193028.878125,197363.8680529566,10.33451420519952,40.751846509352944,44.0
k075,EIA 2026 AEO high,smr_then_large_2042,151371.08565,192498.89648437497,197869.11701596808,4.229873291941711,34.34374643232567,16.0
k075,EIA 2026 AEO high,large_then_smr_2043,160219.55565429688,193017.5794921875,197334.73127962823,10.322680933606467,40.85545774942229,43.0
k075,EIA 2026 AEO high,smr_then_large_2043,151274.1872480469,192469.05800781245,197849.01126652944,4.163151776968116,34.44327734604874,15.0
k075,EIA 2026 AEO high,large_then_smr_2044,160205.12574785156,193019.92910156248,197309.07075692364,10.31274490577162,40.95619366393845,42.0
k075,EIA 2026 AEO high,smr_then_large_2044,151182.3231154297,192445.1310546875,197829.84801490768,4.099896718304516,34.53773273187764,14.0
k075,EIA 2026 AEO high,large_then_smr_2045,160193.31250839843,193009.28691406248,197286.62295721058,10.304610641251555,41.05431784682492,41.0
k075,EIA 2026 AEO high,smr_then_large_2045,151095.23168203124,192456.9609375,197811.75360217065,4.039928006123104,34.62739770160718,13.0
k075,EIA 2026 AEO high,large_then_smr_2046,160183.98694121093,193010.981640625,197267.09572261726,10.298189317904663,41.150080443335625,40.0
k075,EIA 2026 AEO high,smr_then_large_2046,151012.6653734375,192444.6689453125,197794.53247411427,3.9830751676437095,34.71249281341824,12.0
k075,EIA 2026 AEO high,large_then_smr_2047,160177.08236230467,193003.51152343748,197250.47311626747,10.29343501901434,41.243726219256665,39.0
k075,EIA 2026 AEO high,smr_then_large_2047,150934.40205195313,192409.88300781246,197778.10454091817,3.929185245095461,34.79326821256475,11.0
k075,EIA 2026 AEO high,large_then_smr_2048,160172.52601484375,192974.12089843745,197236.67182042164,10.290297646269154,41.335473043035,38.0
k075,EIA 2026 AEO high,smr_then_large_2048,150860.2279591797,192439.37050781248,197762.6697386477,3.8781110504556993,34.86996597509888,10.0
k075,EIA 2026 AEO high,large_then_smr_2049,160170.21677089843,193002.68105468748,197225.64432853044,10.28870756582026,41.425576439392394,37.0
k075,EIA 2026 AEO high,smr_then_large_2049,150789.93083046874,192404.26230468747,197747.91452251747,3.8297064242560173,34.94278514133021,9.0
k075,EIA 2026 AEO high,large_then_smr_2050,159979.27223125,192815.14550781247,196940.97395053643,10.157228524840383,42.5000686532929,34.0
k075,EIA 2026 AEO high,smr_then_large_2050,149723.36838007811,191973.86054687496,197530.54015406687,3.095301510762832,36.01982722298041,7.0
k075,Abou-Jaoude mod,pure_large,217343.8079296875,264604.569140625,271511.4086514471,11.96076932282268,46.53137230149778,29.0
k075,Abou-Jaoude mod,pure_smr,196798.95752304688,260028.8603515625,269850.49236682884,1.3774576607120672,33.52492901372356,1.0
k075,Abou-Jaoude mod,const_0.1,219253.26113046875,266722.06875,273557.10488398204,12.944389934708507,44.8666183269331,40.0
k075,Abou-Jaoude mod,const_0.2,219511.27448476563,267238.644921875,274204.8096307385,13.077300892318972,41.886901162590355,44.0
k075,Abou-Jaoude mod,const_0.3,218950.61090507812,267435.41171874997,274482.1704949476,12.788485092545155,38.11356868825912,39.0
k075,Abou-Jaoude mod,const_0.4,217597.53625390626,266998.341796875,274360.0266108408,12.09147292394718,33.78817358346535,30.0
k075,Abou-Jaoude mod,const_0.5,215537.71899414062,266175.59296875,273926.19953842316,11.030394960583278,29.04508080899498,25.0
k075,Abou-Jaoude mod,const_0.6,212842.8758105469,265225.90625,273269.90302987775,9.642194767932153,23.904223561923914,21.0
k075,Abou-Jaoude mod,const_0.7,209641.83438515625,263964.169140625,272536.8648250374,7.9932356186708065,25.595535010242642,16.0
k075,Abou-Jaoude mod,const_0.8,205756.6572324219,262819.8779296875,271605.4263192365,5.9918562045569415,28.34699432981417,12.0
k075,Abou-Jaoude mod,const_0.9,201509.83483046875,261581.13339843747,270752.71930358035,3.8041817185467837,31.06447304177207,7.0
k075,Abou-Jaoude mod,large_then_smr_2032,197538.31978359376,260064.4015625,269791.7386632984,1.7583268848579388,32.85095916758883,2.0
k075,Abou-Jaoude mod,smr_then_large_2032,217963.2099222656,265407.35,272236.2261726547,12.279843163801718,46.556372305583274,33.0
k075,Abou-Jaoude mod,large_then_smr_2033,198288.519878125,260131.09824218744,269801.80222367763,2.1447790250401217,32.34728876976087,3.0
k075,Abou-Jaoude mod,smr_then_large_2033,218350.68185390625,265640.020703125,272599.452961265,12.479442388508039,46.19715420116203,34.0
k075,Abou-Jaoude mod,large_then_smr_2034,198970.4466703125,260140.25703125,269774.5569953842,2.4960613965160863,31.747586482446756,4.0
k075,Abou-Jaoude mod,smr_then_large_2034,218620.54264140624,265992.84726562497,272851.4265453468,12.61845633910716,45.78803871254022,36.0
k075,Abou-Jaoude mod,large_then_smr_2035,199655.20781796874,260321.89453125,269773.2314979416,2.848803835439282,31.182792442949374,5.0
k075,Abou-Jaoude mod,smr_then_large_2035,218837.33942734374,266340.834765625,273040.15058944613,12.730135319849644,45.55136570219547,37.0
k075,Abou-Jaoude mod,large_then_smr_2036,200378.648309375,260588.95937499998,269863.4965615644,3.221471245422859,30.777600812019667,6.0
k075,Abou-Jaoude mod,smr_then_large_2036,218930.89824179688,266395.3603515625,273129.463011477,12.778330467173518,45.087072725483814,38.0
k075,Abou-Jaoude mod,large_then_smr_2037,202106.62259492188,260812.1640625,270029.243684506,4.111606245001364,29.557683516717947,8.0
k075,Abou-Jaoude mod,smr_then_large_2037,219659.17379492187,267481.3,274177.8551022954,13.15348857258988,43.965869628541874,46.0
k075,Abou-Jaoude mod,large_then_smr_2038,203718.03638007812,261144.68925781245,270218.02852887975,4.94169719078005,28.217390316361314,10.0
k075,Abou-Jaoude mod,smr_then_large_2038,219815.98122851562,267846.35703124997,274620.11450536427,13.23426511307625,42.705713675666296,47.0
k075,Abou-Jaoude mod,large_then_smr_2039,205270.68566601563,261549.58789062494,270462.98269086826,5.741516657448874,27.115041858688613,11.0
k075,Abou-Jaoude mod,smr_then_large_2039,219590.37683554686,267622.77734375,274574.505816492,13.118049051344409,41.259774128360505,45.0
k075,Abou-Jaoude mod,large_then_smr_2040,206731.53218828124,261871.44999999998,270728.9573275324,6.494045574897222,26.06566346762461,13.0
k075,Abou-Jaoude mod,smr_then_large_2040,219471.22055390626,267749.08066406247,274806.3769414296,13.056667827332511,39.76980084881044,43.0
k075,Abou-Jaoude mod,large_then_smr_2041,208130.85152109375,262365.14921874995,271033.6447963448,7.214879862850205,24.912238456208993,15.0
k075,Abou-Jaoude mod,smr_then_large_2041,219306.62183164063,267791.56601562497,275088.24394180387,12.971877744054062,38.37729216986282,41.0
k075,Abou-Jaoude mod,large_then_smr_2042,210075.24899101563,263197.42734374997,271522.8094592066,8.216501389018688,23.346055811339404,17.0
k075,Abou-Jaoude mod,smr_then_large_2042,218524.37769296876,267698.2353515625,274902.489193488,12.568918688545544,36.13925453754282,35.0
k075,Abou-Jaoude mod,large_then_smr_2043,211802.200071875,263874.333203125,272010.4066554391,9.10610930303134,23.521267124582796,19.0
k075,Abou-Jaoude mod,smr_then_large_2043,217905.09493828125,267723.9921875,275024.7954949476,12.24990627082992,33.91261420264234,31.0
k075,Abou-Jaoude mod,large_then_smr_2044,213437.92760234376,264543.13789062493,272625.74103355786,9.948725039169766,26.198915662613764,22.0
k075,Abou-Jaoude mod,smr_then_large_2044,216919.31810195313,267313.61914062494,274777.1514471058,11.742100992054183,31.664489237701552,28.0
k075,Abou-Jaoude mod,large_then_smr_2045,214825.47770625,265109.062890625,273028.92172685877,10.663496619676735,28.89800657375605,23.0
k075,Abou-Jaoude mod,smr_then_large_2045,215870.67431328126,266919.15078125,274473.7736714072,11.201910928929477,29.13904613342996,26.0
k075,Abou-Jaoude mod,large_then_smr_2046,216208.14124492186,266040.380078125,273590.8390874501,11.375750973637443,31.495117429597897,27.0
k075,Abou-Jaoude mod,smr_then_large_2046,214904.03205703126,266577.50742187497,274361.20117577346,10.703962486318627,27.386196523090746,24.0
k075,Abou-Jaoude mod,large_then_smr_2047,217938.3342296875,266780.6578125,274022.1574819112,12.26702889637439,35.455316080635434,32.0
k075,Abou-Jaoude mod,smr_then_large_2047,212735.140753125,265933.04921875,274077.39687811874,9.586696982985394,24.03272487075355,20.0
k075,Abou-Jaoude mod,large_then_smr_2048,219355.13077304687,267336.572265625,274548.14935753495,12.9968662562671,39.07691800859977,42.0
k075,Abou-Jaoude mod,smr_then_large_2048,210092.7741609375,264840.73671875,273386.66775823355,8.225529166371338,26.303650467237535,18.0
k075,Abou-Jaoude mod,large_then_smr_2049,220348.5954265625,267896.63203125,274888.2873237899,13.508631776353251,42.58260716810462,48.0
k075,Abou-Jaoude mod,smr_then_large_2049,206990.81980390626,263772.66328125,272478.1763192365,6.627612945404721,28.366847037501504,14.0
k075,Abou-Jaoude mod,large_then_smr_2050,220482.02636796876,268051.403515625,274691.2667321607,13.577366335637985,46.12747856195854,49.0
k075,Abou-Jaoude mod,smr_then_large_2050,202608.8615613281,262203.4689453125,271293.0186657934,4.370325651817565,30.85577613065467,9.0
k075,IAEA high,pure_large,528722.7100210937,647927.98046875,663233.3023016467,14.633427041654016,53.30101749909898,32.0
k075,IAEA high,pure_smr,466627.85742265626,629914.05859375,658399.6571232534,1.1705179967195511,37.23758935419268,1.0
k075,IAEA high,const_0.1,534156.8571859375,653950.43125,668661.9298278443,15.811615344800432,51.57912710176232,42.0
k075,IAEA high,const_0.2,534440.8267882812,655043.17578125,670046.4192552395,15.873183361598919,48.01343698595128,45.0
k075,IAEA high,const_0.3,532452.1922703125,654085.45625,670566.4946669162,15.442023538865012,43.794942883203184,37.0
k075,IAEA high,const_0.4,527837.3548578125,652535.63671875,670113.596744012,14.441471419940882,38.592837112500476,31.0
k075,IAEA high,const_0.5,521982.0007140625,650470.77265625,669724.2821856288,13.171960390210698,33.11802588850301,26.0
k075,IAEA high,const_0.6,514443.172525,648580.39921875,668980.6999438623,11.537451989472657,27.399067416545957,20.0
k075,IAEA high,const_0.7,505275.69381640624,645786.9421875,667698.3015843313,9.549832615877806,28.414790973987163,15.0
k075,IAEA high,const_0.8,494329.0372734375,641878.7242187498,665582.5935628742,7.176466141571473,31.43979261953577,10.0
k075,IAEA high,const_0.9,481308.190746875,636533.0429687498,662245.0553892215,4.353390393106409,34.28620554495941,5.0
k075,IAEA high,large_then_smr_2032,476657.81846328126,633670.20859375,660322.3487712076,3.3451338877888936,34.92736266238967,3.0
k075,IAEA high,smr_then_large_2032,534979.769075,654593.528125,669302.5188373254,15.990032515481056,52.94343353635318,46.0
k075,IAEA high,large_then_smr_2033,485495.543365625,637290.3976562499,662130.9006050399,5.261258679868683,32.841665120432864,6.0
k075,IAEA high,smr_then_large_2033,537015.4796671876,657544.7640624999,672167.9904253992,16.43139899591489,50.924727514028966,49.0
k075,IAEA high,large_then_smr_2034,493391.2282875,639794.7015625,663856.9226546906,6.973137901776013,31.039012253915875,9.0
k075,IAEA high,smr_then_large_2034,536769.406184375,658468.82734375,673042.195234531,16.378047312500822,48.52502522088406,48.0
k075,IAEA high,large_then_smr_2035,500030.59699609375,642007.22890625,665097.919130489,8.4126326956139,29.26788181926646,13.0
k075,IAEA high,smr_then_large_2035,535006.65096875,657002.2859375,672662.4454528443,15.995860832569628,45.872804704052015,47.0
k075,IAEA high,large_then_smr_2036,505799.765228125,644094.8898437499,666060.467252994,9.663457585642167,27.537034376270704,16.0
k075,IAEA high,smr_then_large_2036,532703.0107210937,655675.25625,672369.4103355788,15.496403988263879,43.16117431213544,38.0
k075,IAEA high,large_then_smr_2037,510488.6460765625,644505.0015625,666337.7620072355,10.680063209835849,25.665519986640106,18.0
k075,IAEA high,smr_then_large_2037,529934.1752984375,654418.0937499999,671954.0868263473,14.896087248699676,40.43347273088197,34.0
k075,IAEA high,large_then_smr_2038,514624.282959375,646170.64453125,666633.7397704591,11.576718904571841,28.30983702861486,21.0
k075,IAEA high,smr_then_large_2038,526824.2645328125,653541.96484375,671401.9403692614,14.221821282626255,37.528188572680826,29.0
k075,IAEA high,large_then_smr_2039,518369.5375359375,647489.334375,667097.6657622255,12.388735031584185,31.148820755426403,23.0
k075,IAEA high,smr_then_large_2039,523574.93919921876,652517.41875,670919.3108158683,13.517328565549178,34.68289019643337,27.0
k075,IAEA high,large_then_smr_2040,521636.0047984375,648310.87578125,667492.0857659681,13.096944324513563,33.82157743367502,25.0
k075,IAEA high,smr_then_large_2040,520212.7406210938,651580.23671875,670598.0943113773,12.788363574827162,31.89127650345356,24.0
k075,IAEA high,large_then_smr_2041,524475.2215859375,649361.1609375,667769.449631986,13.712520588397398,36.37826516397664,28.0
k075,IAEA high,smr_then_large_2041,516726.03491171874,650244.0460937499,670277.5918787426,12.032403944238549,29.16631217367231,22.0
k075,IAEA high,large_then_smr_2042,527037.4709070312,650093.8390624999,667927.1160179641,14.26804698256422,38.98229921429774,30.0
k075,IAEA high,smr_then_large_2042,512559.33759921876,648998.5546875,669723.4284867764,11.129013975689498,26.201218393265687,19.0
k075,IAEA high,large_then_smr_2043,529191.3460773438,651108.15625,668125.4102108283,14.735032961250473,41.399827518886724,33.0
k075,IAEA high,smr_then_large_2043,508278.5072328125,647813.00390625,669062.2412362774,10.200878591708072,27.809932927750996,17.0
k075,IAEA high,large_then_smr_2044,530950.7370617187,651667.5640624999,668331.841504491,15.116490035483293,43.637381539177305,35.0
k075,IAEA high,smr_then_large_2044,503742.1880453125,646162.4374999999,668110.14312001,9.217350166009863,29.16508583080976,14.0
k075,IAEA high,large_then_smr_2045,532343.3977015625,652628.52734375,668542.4405251996,15.418435571064586,45.69993440036902,36.0
k075,IAEA high,smr_then_large_2045,499357.0304609375,644721.2593749999,667341.3892839322,8.266595389475766,30.42104385718777,12.0
k075,IAEA high,large_then_smr_2046,533332.0964617188,653324.2484375,668719.4701534432,15.63279732447598,47.59137177998491,39.0
k075,IAEA high,smr_then_large_2046,494802.73334609374,643322.2515625,666353.3019897705,7.279169133433865,31.616839941863876,11.0
k075,IAEA high,large_then_smr_2047,534001.4064820312,653954.403125,668916.0379553393,15.777911767127174,49.171091097452,41.0
k075,IAEA high,smr_then_large_2047,490442.46606328123,641857.7921875,665578.5655875748,6.333810872907366,32.7519794824681,8.0
k075,IAEA high,large_then_smr_2048,534365.6996765624,654051.9101562499,668986.2133233533,15.856894902418267,50.59569836893085,43.0
k075,IAEA high,smr_then_large_2048,485774.1866078125,639759.1945312499,664368.9837512475,5.321671877880692,33.76401723594671,7.0
k075,IAEA high,large_then_smr_2049,534378.154684375,654121.8421875,668777.4585516467,15.859595297544704,51.932567922737675,44.0
k075,IAEA high,smr_then_large_2049,481019.43394765625,637031.15078125,662920.7464757984,4.290784454589595,34.72804129497512,4.0
k075,IAEA high,large_then_smr_2050,533384.2805875,652714.77890625,667812.491267465,15.644111469040034,53.205542303255484,40.0
k075,IAEA high,smr_then_large_2050,474589.08723984374,634226.4046875,660888.660741018,2.8966081383251465,35.906800699386636,2.0
k075,McKinsey GEP 2025,pure_large,667059.137571875,822635.30859375,842493.908495509,15.696394624079478,59.66740192903206,33.0
k075,McKinsey GEP 2025,pure_smr,583003.3010359375,797167.4,834085.374500998,1.1175414361624036,33.427093213922205,1.0
k075,McKinsey GEP 2025,const_0.1,674383.986925,828382.69921875,849730.9770459082,16.96683469991124,57.93775216503047,44.0
k075,McKinsey GEP 2025,const_0.2,674301.3309921875,829760.3265625,851198.3114396208,16.952498649504214,53.993783872250546,42.0
k075,McKinsey GEP 2025,const_0.3,671199.053146875,829747.6984374999,852168.0279441117,16.414431870100955,49.208283481230104,36.0
k075,McKinsey GEP 2025,const_0.4,665051.9871625,828495.2945312499,851775.3568488024,15.34826946882229,43.618985572664684,30.0
k075,McKinsey GEP 2025,const_0.5,657138.4480140625,825241.30859375,851466.7973428144,13.975725571854722,37.494707028408094,25.0
k075,McKinsey GEP 2025,const_0.6,646982.017,822040.7179687499,850301.2921032935,12.21416893558332,31.05584446650437,21.0
k075,McKinsey GEP 2025,const_0.7,634672.672003125,816650.0374999999,848204.6941429641,10.079205547619928,26.986618178913496,15.0
k075,McKinsey GEP 2025,const_0.8,620398.4446484376,811919.2015625,845306.5764096807,7.603448080308705,29.70533184512604,10.0
k075,McKinsey GEP 2025,const_0.9,603245.73530625,805149.30078125,840592.3361090319,4.628439543360162,31.891953777042232,4.0
k075,McKinsey GEP 2025,large_then_smr_2032,593942.8522390625,800765.0296874999,836756.1630177146,3.014924384268259,32.33538117087494,2.0
k075,McKinsey GEP 2025,smr_then_large_2032,674003.230140625,828642.41875,848993.4857472555,16.900795296956357,59.60011437487453,40.0
k075,McKinsey GEP 2025,large_then_smr_2033,603667.6839359375,803790.13359375,839219.793880988,4.701623362337763,31.234587787701933,5.0
k075,McKinsey GEP 2025,smr_then_large_2033,676456.5947140625,831502.1015625,852107.1664795409,17.326312945778874,58.174997094492504,48.0
k075,McKinsey GEP 2025,large_then_smr_2034,612451.4558234375,807013.0851562499,841606.8161801397,6.225102588307583,30.14009524481312,7.0
k075,McKinsey GEP 2025,smr_then_large_2034,676537.1088875,832274.61796875,853337.5285366767,17.34027752411711,56.08970351450149,49.0
k075,McKinsey GEP 2025,large_then_smr_2035,619976.9264828125,810185.6921875,843372.3168974551,7.530338922087911,29.062296541128887,9.0
k075,McKinsey GEP 2025,smr_then_large_2035,675640.0046328125,832761.7609375,853867.4620758482,17.18468153266263,53.875409376072646,46.0
k075,McKinsey GEP 2025,large_then_smr_2036,626433.226665625,811921.7906249999,844517.5152507485,8.650135671265499,28.00863344328166,12.0
k075,McKinsey GEP 2025,smr_then_large_2036,673671.210815625,832617.9804687499,853707.4718375748,16.843209040079874,51.4956077461013,39.0
k075,McKinsey GEP 2025,large_then_smr_2037,632083.352125,813678.4874999999,845285.0059568363,9.63010747287053,26.666760425699465,14.0
k075,McKinsey GEP 2025,smr_then_large_2037,671668.1244328124,832106.00234375,853912.872754491,16.495788759689777,49.34218920995369,37.0
k075,McKinsey GEP 2025,large_then_smr_2038,637252.1013296875,815659.4664062498,846005.1293974551,10.52658818052591,26.14168498193893,17.0
k075,McKinsey GEP 2025,smr_then_large_2038,669094.0207296875,830763.15390625,853559.301615519,16.04932981614826,46.82706179091083,34.0
k075,McKinsey GEP 2025,large_then_smr_2039,642039.2110984375,818085.7320312499,846732.8475237025,11.356876395945804,29.090938941543364,19.0
k075,McKinsey GEP 2025,smr_then_large_2039,666764.186171875,830176.9054687499,853760.905002495,15.645237520237767,44.9690212272086,32.0
k075,McKinsey GEP 2025,large_then_smr_2040,646744.739621875,819847.18359375,847652.3138722555,12.173014957429535,31.779546786372205,20.0
k075,McKinsey GEP 2025,smr_then_large_2040,663345.012071875,828721.6398437499,852706.9830339322,15.052207466857519,42.479015868137566,29.0
k075,McKinsey GEP 2025,large_then_smr_2041,651535.9376625,821161.8804687499,848499.7271082834,13.004012252883774,34.56728514163354,23.0
k075,McKinsey GEP 2025,smr_then_large_2041,660859.4387265625,827915.44765625,852963.6739957585,14.621103448594393,40.49734062288469,27.0
k075,McKinsey GEP 2025,large_then_smr_2042,657573.5519546875,823406.2421874999,849081.248253493,14.051191080655459,38.58902612881166,26.0
k075,McKinsey GEP 2025,smr_then_large_2042,654983.47240625,825740.3476562499,852255.4914857785,13.601961246799094,36.56330733246256,24.0
k075,McKinsey GEP 2025,large_then_smr_2043,662600.587121875,825351.19921875,849625.0637163174,14.923092553453111,42.315058518806914,28.0
k075,McKinsey GEP 2025,smr_then_large_2043,648705.2664828125,823059.0609375,851492.0139408683,12.5130536085749,32.48943874835261,22.0
k075,McKinsey GEP 2025,large_then_smr_2044,666633.2487796874,826917.928125,849882.3951783932,15.622527413525619,45.75727667205256,31.0
k075,McKinsey GEP 2025,smr_then_large_2044,641939.4341703125,820634.4296874999,850386.4326659181,11.339570837561958,28.481123293547782,18.0
k075,McKinsey GEP 2025,large_then_smr_2045,669927.3971015625,827764.2234375,850217.5981786427,16.193872685228506,48.924661657237564,35.0
k075,McKinsey GEP 2025,smr_then_large_2045,635108.36479375,817889.7804687499,849242.4782622255,10.154773188028098,27.090792071612178,16.0
k075,McKinsey GEP 2025,large_then_smr_2046,672409.7590140625,828740.64140625,850367.6917415169,16.62441970460344,51.61008791647774,38.0
k075,McKinsey GEP 2025,smr_then_large_2046,628124.338725,816134.35234375,848023.4653817365,8.943446349666795,28.517798249060043,13.0
k075,McKinsey GEP 2025,large_then_smr_2047,674165.2299484375,828828.6031249999,850427.374750499,16.928892946232136,54.040158056742214,41.0
k075,McKinsey GEP 2025,smr_then_large_2047,620726.480890625,813571.9359375,846301.9369074352,7.660343501403263,29.871733649483076,11.0
k075,McKinsey GEP 2025,large_then_smr_2048,675183.7966125,829341.29453125,850445.308008982,17.10555567983214,56.21610514569951,45.0
k075,McKinsey GEP 2025,smr_then_large_2048,613190.3647625,809959.5765625,844394.2724550898,6.353260791066365,31.14864703626435,8.0
k075,McKinsey GEP 2025,large_then_smr_2049,675665.0616765625,829352.18359375,850446.318238523,17.189027488603454,58.25516004314045,47.0
k075,McKinsey GEP 2025,smr_then_large_2049,605529.3783515625,807185.0453125,842329.6906187625,5.024520268545554,31.942268357995502,6.0
k075,McKinsey GEP 2025,large_then_smr_2050,674339.5706625,828547.7687499999,849119.6068488024,16.959131032958062,59.99770959198194,43.0
k075,McKinsey GEP 2025,smr_then_large_2050,595201.0750296875,802077.18984375,838529.4970371757,3.2331536720628145,32.73476230357258,3.0
k075,COP28 tripling pledge,pure_large,1219980.77211875,1526003.9124999999,1561913.9328842314,18.322457571129423,63.819271975378406,33.0
k075,COP28 tripling pledge,pure_smr,1041448.2461375,1462685.7812499998,1542697.9703717565,1.0070967775358546,43.37370497492377,1.0
k075,COP28 tripling pledge,const_0.1,1232166.400628125,1535933.4265624997,1573247.381237525,19.50430694550442,61.72685302629363,42.0
k075,COP28 tripling pledge,const_0.2,1229995.69688125,1533414.509375,1574758.2803143712,19.2937765766175,57.36393156734201,40.0
k075,COP28 tripling pledge,const_0.3,1222027.316340625,1528293.6906249998,1574808.886976048,18.5209460615994,52.27721319652676,35.0
k075,COP28 tripling pledge,const_0.4,1208332.784765625,1523030.9578125,1573973.7720184631,17.19275247996998,46.42157767337675,29.0
k075,COP28 tripling pledge,const_0.5,1191478.914753125,1518268.5578124998,1573482.825474052,15.558143668881888,39.986180247962785,25.0
k075,COP28 tripling pledge,const_0.6,1170328.05288125,1511604.3359375,1571624.6846931137,13.506781865792625,33.17332702166246,21.0
k075,COP28 tripling pledge,const_0.7,1146001.5472375,1504539.6609375,1569409.5244510977,11.147423425341502,33.869855390265585,16.0
k075,COP28 tripling pledge,const_0.8,1117787.128971875,1496761.5171875,1565527.3013348302,8.410987422066885,37.53608481479925,9.0
k075,COP28 tripling pledge,const_0.9,1083722.066684375,1483006.7265625,1557172.7592315369,5.107114132186653,40.69602313368755,4.0
k075,COP28 tripling pledge,large_then_smr_2032,1067333.061209375,1473724.2203124997,1550824.1710329342,3.517591207509002,41.6558170579973,2.0
k075,COP28 tripling pledge,smr_then_large_2032,1236387.8955875,1540594.39375,1576877.9456087823,19.913737708376118,63.904241810913334,45.0
k075,COP28 tripling pledge,large_then_smr_2033,1089474.751696875,1483286.7140624996,1557692.4383108784,5.66505065370205,39.85812387124845,5.0
k075,COP28 tripling pledge,smr_then_large_2033,1238858.42881875,1543324.3828125,1580718.5823977045,20.153347684298094,61.95354836493,49.0
k075,COP28 tripling pledge,large_then_smr_2034,1106896.3465125,1490197.7890625,1561288.3280314372,7.354721475163611,37.85673645454433,7.0
k075,COP28 tripling pledge,smr_then_large_2034,1237177.97063125,1543925.3234374998,1581531.5098552895,19.990364834785467,59.80650140387157,47.0
k075,COP28 tripling pledge,large_then_smr_2035,1121065.438,1494251.6453125,1563076.9686252496,8.728941269988363,35.8765316374676,10.0
k075,COP28 tripling pledge,smr_then_large_2035,1232378.194675,1539226.1265625,1580216.84874002,19.524848246398584,56.81910019315153,43.0
k075,COP28 tripling pledge,large_then_smr_2036,1131060.69940625,1496472.7328124994,1562615.5646831337,9.698353182603528,33.90403729877862,12.0
k075,COP28 tripling pledge,smr_then_large_2036,1227182.553078125,1536950.1046875,1579337.2206836327,19.020937777929987,54.769534409917604,39.0
k075,COP28 tripling pledge,large_then_smr_2037,1136414.56885625,1496929.9,1563132.2629116767,10.217609719523217,33.1482770594475,13.0
k075,COP28 tripling pledge,smr_then_large_2037,1224653.637046875,1534724.4703125,1578966.1240643712,18.77566542065434,53.392580570382,37.0
k075,COP28 tripling pledge,large_then_smr_2038,1141856.8357625,1498631.4437499996,1563882.3800523952,10.745439673750436,32.44665686549396,14.0
k075,COP28 tripling pledge,smr_then_large_2038,1222778.15486875,1533216.7874999999,1579169.6802020958,18.59376775020073,52.06875447285075,36.0
k075,COP28 tripling pledge,large_then_smr_2039,1147597.67799375,1500149.8499999999,1565012.306511976,11.30222759766987,31.801749907229013,17.0
k075,COP28 tripling pledge,smr_then_large_2039,1220286.09064375,1531639.8624999998,1578320.2238647705,18.35206954456836,50.79866228700841,34.0
k075,COP28 tripling pledge,large_then_smr_2040,1154761.71010625,1502983.3234375,1567679.2926022955,11.997046651413925,31.16561725514825,18.0
k075,COP28 tripling pledge,smr_then_large_2040,1217481.4914125,1529957.3171875,1577097.3461826348,18.08005945955097,49.83939876117266,31.0
k075,COP28 tripling pledge,large_then_smr_2041,1163609.72290625,1507280.9703125,1570413.4636352295,12.855190191904827,30.637934421334325,20.0
k075,COP28 tripling pledge,smr_then_large_2041,1215790.689475,1529407.75625,1577054.4379366268,17.916073399210383,49.39230921777106,30.0
k075,COP28 tripling pledge,large_then_smr_2042,1181386.905840625,1512055.4640624998,1571792.5996132735,14.579348491411244,36.32984957437819,23.0
k075,COP28 tripling pledge,smr_then_large_2042,1203695.343128125,1524455.8515625,1576213.289545908,16.742980234429805,44.64147250002577,27.0
k075,COP28 tripling pledge,large_then_smr_2043,1196073.508128125,1517054.5484375,1572616.2327220559,16.003760183579804,41.54031748629888,26.0
k075,COP28 tripling pledge,smr_then_large_2043,1189910.98581875,1520091.353125,1575017.7073353294,15.406074710868772,39.815958707989594,24.0
k075,COP28 tripling pledge,large_then_smr_2044,1208165.77415625,1521640.8124999998,1573301.7667789422,17.176554597025163,46.00079589428558,28.0
k075,COP28 tripling pledge,smr_then_large_2044,1175023.200453125,1515680.4359374999,1573571.4885853294,13.962150845418883,35.0091876826004,22.0
k075,COP28 tripling pledge,large_then_smr_2045,1218140.999778125,1525426.5828125,1574025.7742015969,18.144023296025168,50.05561948765962,32.0
k075,COP28 tripling pledge,smr_then_large_2045,1159357.207278125,1511054.64375,1571997.1333582834,12.4427508227945,32.04584534666103,19.0
k075,COP28 tripling pledge,large_then_smr_2046,1226051.6537,1529826.48125,1574892.990456587,18.91125507083861,53.719733379994125,38.0
k075,COP28 tripling pledge,smr_then_large_2046,1143101.200134375,1505732.325,1570177.2486901197,10.866127027157242,34.43007741274736,15.0
k075,COP28 tripling pledge,large_then_smr_2047,1232005.433209375,1534417.7562499999,1576222.8809256486,19.4886951743924,56.9985476357239,41.0
k075,COP28 tripling pledge,smr_then_large_2047,1126334.4434375,1501190.1390624999,1567854.434256487,9.239967088237865,36.623350873951274,11.0
k075,COP28 tripling pledge,large_then_smr_2048,1235994.207434375,1539332.8984375,1577458.668475549,19.875555016600174,59.886106637698035,44.0
k075,COP28 tripling pledge,smr_then_large_2048,1108901.092196875,1495013.6843749997,1564686.2758857287,7.549156044626871,38.64018652506672,8.0
k075,COP28 tripling pledge,large_then_smr_2049,1238281.40950625,1541097.0484375,1578447.492764471,20.097384225954045,62.43531384513757,48.0
k075,COP28 tripling pledge,smr_then_large_2049,1090006.3427875,1487636.3,1559763.8428143712,5.716608158298151,40.337731387378945,6.0
k075,COP28 tripling pledge,large_then_smr_2050,1236611.170228125,1540299.43125,1576992.519024451,19.935392479333025,64.4282451947419,46.0
k075,COP28 tripling pledge,smr_then_large_2050,1068711.88945625,1476827.878125,1553490.1788298404,3.6513198288670288,41.98910430481729,3.0
k075,2025 EO,pure_large,1825418.781965625,2307077.4812499997,2363240.0155938123,19.914219233288268,73.26067183307306,35.0
k075,2025 EO,pure_smr,1537170.042490625,2178746.749999999,2314869.438747505,0.978771170294113,40.431168502563054,1.0
k075,2025 EO,const_0.1,1843647.81554375,2323623.5437499997,2379543.5556387226,21.11170900960384,69.8925532840619,42.0
k075,2025 EO,const_0.2,1836816.01393125,2317775.8,2377306.525324351,20.662918756970683,64.44563204871527,39.0
k075,2025 EO,const_0.3,1822613.788084375,2305824.3375,2375536.9961327347,19.72995540596967,57.89560939183445,34.0
k075,2025 EO,const_0.4,1800041.651884375,2291084.64375,2371660.9522205587,18.247161366820016,51.391131367201055,30.0
k075,2025 EO,const_0.5,1772048.499584375,2278221.46875,2367612.2361526946,16.40825347615045,43.9292758579629,25.0
k075,2025 EO,const_0.6,1738405.7433375,2265749.3749999995,2362778.788547904,14.198215490315908,36.44464187403721,20.0
k075,2025 EO,const_0.7,1701657.457509375,2257956.59375,2359552.2084580837,11.784171082108267,31.1117053905854,16.0
k075,2025 EO,const_0.8,1657385.41718125,2236993.825,2351671.9446107782,8.875881103797013,34.5948125373928,10.0
k075,2025 EO,const_0.9,1604459.003340625,2215438.446875,2338639.696232535,5.399073669131337,37.776453879873145,5.0
k075,2025 EO,large_then_smr_2032,1577922.07555,2197755.3125,2328913.856037924,3.655827128501148,38.824485423796695,3.0
k075,2025 EO,smr_then_large_2032,1851912.1869875,2333312.54375,2386784.6928642713,21.65460670459963,73.19169181266477,48.0
k075,2025 EO,large_then_smr_2033,1610833.18146875,2215623.9437499996,2339179.179266467,5.817802018504924,37.28590784937726,6.0
k075,2025 EO,smr_then_large_2033,1854810.843559375,2335789.05625,2390794.313747505,21.84502336026017,70.90204864135656,49.0
k075,2025 EO,large_then_smr_2034,1636971.2930625,2227701.99375,2344682.0906936126,7.534849785824389,35.62872865305828,8.0
k075,2025 EO,smr_then_large_2034,1851703.814165625,2334666.61875,2390816.07747006,21.640918413183197,68.14192404045332,47.0
k075,2025 EO,large_then_smr_2035,1659314.137378125,2232211.0375,2348651.457335329,9.002581332157046,33.88021795540116,11.0
k075,2025 EO,smr_then_large_2035,1845107.76675625,2330045.8375,2388649.8181137727,21.20761517179261,65.36347976506273,43.0
k075,2025 EO,large_then_smr_2036,1678747.310340625,2240464.018749999,2351337.851047904,10.27917264700828,32.215574579741535,13.0
k075,2025 EO,smr_then_large_2036,1836959.653246875,2323225.021875,2385991.9348802394,20.672354617144002,62.23241254860995,40.0
k075,2025 EO,large_then_smr_2037,1695963.169840625,2246823.86875,2353228.492015968,11.4101056530495,30.633718724557635,14.0
k075,2025 EO,smr_then_large_2037,1827698.656025,2317032.3718749997,2383307.4453592813,20.063987231996926,59.58135611282462,37.0
k075,2025 EO,large_then_smr_2038,1711681.744634375,2252786.021875,2354957.469810379,12.442680009396884,31.22738169467404,17.0
k075,2025 EO,smr_then_large_2038,1818042.05135,2310155.5531249996,2380669.0210828343,19.429631860239304,56.367669709973654,33.0
k075,2025 EO,large_then_smr_2039,1726377.745384375,2255930.540625,2356570.336951098,13.408080099063131,34.331872655421634,19.0
k075,2025 EO,smr_then_large_2039,1808128.069975,2301945.078125,2378355.3294660677,18.778369066286704,53.83306350446272,31.0
k075,2025 EO,large_then_smr_2040,1740993.2704125,2261407.5937499995,2358836.478667665,14.368193630131861,37.395191564228604,21.0
k075,2025 EO,smr_then_large_2040,1799491.475384375,2297009.8,2377635.8706337325,18.211019531264366,51.17054803427709,29.0
k075,2025 EO,large_then_smr_2041,1761621.86249375,2273179.8406249997,2365754.741017964,15.723313637520755,41.19980037629945,23.0
k075,2025 EO,smr_then_large_2041,1789418.769465625,2290520.196875,2374562.9831586825,17.5493299081781,48.4619829296114,27.0
k075,2025 EO,large_then_smr_2042,1781812.414259375,2278314.4124999996,2367320.101047904,17.04965818639031,46.21652540080268,26.0
k075,2025 EO,smr_then_large_2042,1768079.984453125,2278866.05,2370570.4328842317,16.147556370269406,43.3356683149208,24.0
k075,2025 EO,large_then_smr_2043,1799016.739496875,2286316.196875,2369142.4654441117,18.179833491187424,50.852955004179925,28.0
k075,2025 EO,smr_then_large_2043,1745803.70818125,2271223.834375,2366522.795284431,14.68419776841997,38.29711323455715,22.0
k075,2025 EO,large_then_smr_2044,1813590.6525375,2294994.94375,2371503.2866766467,19.137213474732093,55.13059899697335,32.0
k075,2025 EO,smr_then_large_2044,1722977.920415625,2263768.421875,2362763.3411926148,13.184741016171428,33.370890358132,18.0
k075,2025 EO,large_then_smr_2045,1825762.513465625,2305287.0625,2374300.6031686626,19.936799418643872,59.06562976775436,36.0
k075,2025 EO,smr_then_large_2045,1699807.72988125,2257184.859375,2358949.031561876,11.66265998201867,31.491200198415775,15.0
k075,2025 EO,large_then_smr_2046,1835598.1768,2314689.225,2377218.2607285427,20.58291739498738,62.66807756411878,38.0
k075,2025 EO,smr_then_large_2046,1676398.41815625,2246189.05,2354936.71756487,10.124870754678017,33.45244000728143,12.0
k075,2025 EO,large_then_smr_2047,1843081.705765625,2319335.7468749997,2380198.34493513,21.074520495540728,65.94001166350759,41.0
k075,2025 EO,smr_then_large_2047,1652663.800684375,2236891.51875,2350458.973053892,8.565711754530154,35.1260830975256,9.0
k075,2025 EO,large_then_smr_2048,1848081.4203875,2325397.721875,2382709.5148453093,21.402958485329467,68.87294967069649,44.0
k075,2025 EO,smr_then_large_2048,1628427.520828125,2227827.415625,2345475.466941118,6.973597876446687,36.68196213054872,7.0
k075,2025 EO,large_then_smr_2049,1850755.087490625,2328292.98125,2384775.5421656687,21.57859527965221,71.50935693602668,46.0
k075,2025 EO,smr_then_large_2049,1603384.65095625,2216553.25625,2339456.723178643,5.328498013491909,38.13659848020491,4.0
k075,2025 EO,large_then_smr_2050,1848311.998328125,2328396.4781249994,2383378.443488024,21.41810546091427,73.65981656517425,45.0
k075,2025 EO,smr_then_large_2050,1574222.2029375,2199941.909375,2330357.647080838,3.412777511627578,39.39398424236778,2.0
k050,EIA 2026 AEO high,pure_large,158895.77785078125,192050.8947265625,196708.27424058135,9.5027284145061,42.75669369345855,25.0
k050,EIA 2026 AEO high,pure_smr,149101.85185214845,190296.65781249997,196488.8562016592,2.7532626121661146,40.66911055990343,1.0
k050,EIA 2026 AEO high,const_0.1,160111.8577716797,192622.360546875,197276.90887755738,10.34078761978926,40.75207753417639,34.0
k050,EIA 2026 AEO high,const_0.2,160666.4231658203,192961.50820312498,197595.29830183383,10.722965324974686,38.00523268532278,46.0
k050,EIA 2026 AEO high,const_0.3,160544.35012207032,192918.82890624998,197526.63173652694,10.638838914963705,35.4899416086646,45.0
k050,EIA 2026 AEO high,const_0.4,159877.0280720703,192453.539453125,197194.2404331961,10.178955171074772,31.298424225339758,32.0
k050,EIA 2026 AEO high,const_0.5,158761.37727597656,192020.4982421875,196822.7969919536,9.410106509502354,27.048751892462064,24.0
k050,EIA 2026 AEO high,const_0.6,157403.4782453125,191592.0025390625,196598.67196856288,8.474312929708397,26.22820797850552,22.0
k050,EIA 2026 AEO high,const_0.7,155703.66172246094,191149.8126953125,196375.08599987524,7.3028875490346365,30.00850851815612,20.0
k050,EIA 2026 AEO high,const_0.8,153660.2010828125,190513.3251953125,196143.26419816617,5.894640467357661,33.67107779067974,18.0
k050,EIA 2026 AEO high,const_0.9,151541.08963398437,190395.2716796875,196285.9088931512,4.434258771885469,37.22283688922549,8.0
k050,EIA 2026 AEO high,large_then_smr_2032,149101.85185214845,190296.65781249997,196488.8562016592,2.7532626121661146,40.66911055990343,2.0
k050,EIA 2026 AEO high,smr_then_large_2032,158895.77785078125,192050.8947265625,196708.27424058135,9.5027284145061,42.75669369345855,26.0
k050,EIA 2026 AEO high,large_then_smr_2033,149101.85185214845,190296.65781249997,196488.8562016592,2.7532626121661146,40.66911055990343,3.0
k050,EIA 2026 AEO high,smr_then_large_2033,158895.77785078125,192050.8947265625,196708.27424058135,9.5027284145061,42.75669369345855,27.0
k050,EIA 2026 AEO high,large_then_smr_2034,149101.85185214845,190296.65781249997,196488.8562016592,2.7532626121661146,40.66911055990343,4.0
k050,EIA 2026 AEO high,smr_then_large_2034,158895.77785078125,192050.8947265625,196708.27424058135,9.5027284145061,42.75669369345855,28.0
k050,EIA 2026 AEO high,large_then_smr_2035,149101.85185214845,190296.65781249997,196488.8562016592,2.7532626121661146,40.66911055990343,5.0
k050,EIA 2026 AEO high,smr_then_large_2035,158895.77785078125,192050.8947265625,196708.27424058135,9.5027284145061,42.75669369345855,29.0
k050,EIA 2026 AEO high,large_then_smr_2036,149101.85185214845,190296.65781249997,196488.8562016592,2.7532626121661146,40.66911055990343,6.0
k050,EIA 2026 AEO high,smr_then_large_2036,158895.77785078125,192050.8947265625,196708.27424058135,9.5027284145061,42.75669369345855,30.0
k050,EIA 2026 AEO high,large_then_smr_2037,153904.43732792969,190722.09960937497,196318.84983158682,6.062955419333048,33.955416002574836,19.0
k050,EIA 2026 AEO high,smr_then_large_2037,162142.50753613282,194311.59628906247,199059.67328624002,11.740206110762072,41.35599204016105,49.0
k050,EIA 2026 AEO high,large_then_smr_2038,157608.28453125,191920.60683593748,196809.31684287675,8.61545479898864,27.169643549848505,23.0
k050,EIA 2026 AEO high,smr_then_large_2038,161928.06754804688,194528.036328125,199105.8820484032,11.592425193646477,34.21546981878804,48.0
k050,EIA 2026 AEO high,large_then_smr_2039,160215.08956054688,192928.3189453125,197614.7763067615,10.411929614201995,30.34377370017763,35.0
k050,EIA 2026 AEO high,smr_then_large_2039,159806.2212533203,193470.7162109375,198271.17813591566,10.130158784233343,26.750019637366524,31.0
k050,EIA 2026 AEO high,large_then_smr_2040,161287.6917371094,193353.2935546875,198132.75059256487,11.151111400059333,37.63169017016736,47.0
k050,EIA 2026 AEO high,smr_then_large_2040,156627.15058789062,192161.7494140625,197393.1644367515,7.939308175137951,31.497197697544205,21.0
k050,EIA 2026 AEO high,large_then_smr_2041,160377.71426699217,192902.2990234375,197528.74907996508,10.524002126790046,40.79235770406757,44.0
k050,EIA 2026 AEO high,smr_then_large_2041,152747.2162248047,191097.45371093747,196773.6732472555,5.26545865834275,36.808793461418,17.0
k050,EIA 2026 AEO high,large_then_smr_2042,160351.66109941405,192850.560546875,197514.0846666043,10.50604763503304,40.87516046726231,43.0
k050,EIA 2026 AEO high,smr_then_large_2042,152648.11786171875,191053.43066406244,196762.40265562624,5.197165206584,36.92403733450772,16.0
k050,EIA 2026 AEO high,large_then_smr_2043,160328.96074492187,192843.09609375,197502.4303190494,10.49040372814959,40.95625112806778,42.0
k050,EIA 2026 AEO high,smr_then_large_2043,152554.12905390625,191041.35859375,196751.9081524451,5.132392995294907,37.03287697554699,15.0
k050,EIA 2026 AEO high,large_then_smr_2044,160309.4346578125,192834.3509765625,197493.6847320983,10.476947361701994,41.035815433441286,41.0
k050,EIA 2026 AEO high,smr_then_large_2044,152464.98531953126,191028.33515625,196742.21276197606,5.070959757312414,37.13563811470733,14.0
k050,EIA 2026 AEO high,large_then_smr_2045,160292.9193828125,192817.615234375,197487.4661068488,10.465565890793973,41.11401221049128,40.0
k050,EIA 2026 AEO high,smr_then_large_2045,152380.4367484375,191019.983984375,196733.4513628992,5.012693267519287,37.2326922459034,13.0
k050,EIA 2026 AEO high,large_then_smr_2046,160279.263,192799.2576171875,197484.2762209955,10.456154620095226,41.19104066609954,39.0
k050,EIA 2026 AEO high,smr_then_large_2046,152300.2467216797,190983.366796875,196725.3020365519,4.95743046041148,37.3243301035032,12.0
k050,EIA 2026 AEO high,large_then_smr_2047,160268.3813142578,192806.43046874998,197483.53620103543,10.448655526698058,41.267043475465165,38.0
k050,EIA 2026 AEO high,smr_then_large_2047,152224.20168144532,190955.80644531245,196717.94462637225,4.905024163021533,37.41082896195027,11.0
k050,EIA 2026 AEO high,large_then_smr_2048,160260.18710351564,192819.042578125,197485.4070062999,10.443008501675683,41.342192925621035,37.0
k050,EIA 2026 AEO high,smr_then_large_2048,152152.0967810547,190959.583203125,196710.86951877494,4.855333205642889,37.49250109149172,10.0
k050,EIA 2026 AEO high,large_then_smr_2049,160254.56118378908,192833.801171875,197489.5089508483,10.439131409607963,41.41665322764537,36.0
k050,EIA 2026 AEO high,smr_then_large_2049,152083.72865214845,190907.653515625,196704.09801490768,4.808217437350672,37.56946493946264,9.0
k050,EIA 2026 AEO high,large_then_smr_2050,160007.7703126953,192735.85820312498,197412.59027257984,10.26905594191406,42.230833289324785,33.0
k050,EIA 2026 AEO high,smr_then_large_2050,151046.02612753905,190709.75585937497,196625.02089570859,4.093086681428015,38.704656123177344,7.0
k050,Abou-Jaoude mod,pure_large,217007.49234101563,264299.095703125,271250.1911489521,11.983869807863698,53.324507966825394,28.0
k050,Abou-Jaoude mod,pure_smr,198072.959621875,258193.08359374997,267946.97032497503,2.2129525735363966,47.59345677651447,1.0
k050,Abou-Jaoude mod,const_0.1,219181.75731367187,265925.904296875,272586.39104603295,13.105870725892444,51.389268869324034,39.0
k050,Abou-Jaoude mod,const_0.2,219659.45323125,265916.20078125,272620.25336046657,13.352379437940753,47.64383689292909,42.0
k050,Abou-Jaoude mod,const_0.3,219285.645409375,265460.24921875,272350.747091754,13.159480814918881,43.32062099591021,40.0
k050,Abou-Jaoude mod,const_0.4,218099.810759375,264903.258984375,271963.7739598927,12.54754639907588,38.61449766906479,31.0
k050,Abou-Jaoude mod,const_0.5,216191.92861875,264086.04101562494,271430.4600486527,11.563008847216816,33.002261955160336,25.0
k050,Abou-Jaoude mod,const_0.6,213638.66447695313,262750.103125,270704.66687718313,10.245430379507722,30.96736323474301,20.0
k050,Abou-Jaoude mod,const_0.7,210568.3313296875,261682.42070312498,270060.99868232285,8.661025234224281,35.45525738609278,16.0
k050,Abou-Jaoude mod,const_0.8,206803.93071523437,260338.41015624997,269205.1547140095,6.718455676989299,39.54270691669027,12.0
k050,Abou-Jaoude mod,const_0.9,202674.08496015624,259307.219921875,268530.4063513598,4.587302948693305,43.67220539012811,7.0
k050,Abou-Jaoude mod,large_then_smr_2032,198767.164375,258242.12187499998,267778.7667945359,2.571187830095126,46.54349507694474,2.0
k050,Abou-Jaoude mod,smr_then_large_2032,217707.07189960938,264876.084375,271798.654589259,12.344878662280095,52.88767871432486,30.0
k050,Abou-Jaoude mod,large_then_smr_2033,199473.99827304686,258070.7203125,267699.93925430387,2.935940191226878,45.68318499473797,3.0
k050,Abou-Jaoude mod,smr_then_large_2033,218163.91704140624,265211.53476562497,272049.47287456336,12.580627604998359,52.8468231067751,32.0
k050,Abou-Jaoude mod,large_then_smr_2034,200119.17309023437,257978.60136718748,267587.3904300773,3.2688741924995237,44.75673349774321,4.0
k050,Abou-Jaoude mod,smr_then_large_2034,218498.7424515625,265400.2404296875,272186.76230351796,12.753409865807956,52.542179926935106,34.0
k050,Abou-Jaoude mod,large_then_smr_2035,200770.82681953124,257942.80410156245,267511.289896769,3.605151551378516,44.071517148661975,5.0
k050,Abou-Jaoude mod,smr_then_large_2035,218774.01181367188,265500.9328125,272277.89273796155,12.89545900925462,51.99097190575543,36.0
k050,Abou-Jaoude mod,large_then_smr_2036,201464.3566285156,258298.228515625,267547.0940540793,3.9630385118671145,43.25563058526228,6.0
k050,Abou-Jaoude mod,smr_then_large_2036,218919.3322488281,265618.801953125,272267.8891513847,12.970449713563516,51.42564140645784,37.0
k050,Abou-Jaoude mod,large_then_smr_2037,203114.40123320313,258291.72890624998,267592.7955729167,4.81452238551201,41.129860995082595,8.0
k050,Abou-Jaoude mod,smr_then_large_2037,219779.5476167969,266419.553125,272971.99784805387,13.414352570253632,50.38362586856963,43.0
k050,Abou-Jaoude mod,large_then_smr_2038,204656.41536445313,258522.466015625,267683.7279425524,5.610258550438646,39.29605539728048,10.0
k050,Abou-Jaoude mod,smr_then_large_2038,220039.86772695312,266454.365625,273204.0560909431,13.548687348328004,48.5720441247855,47.0
k050,Abou-Jaoude mod,large_then_smr_2039,206146.26004414062,258980.40703124998,267898.0282481911,6.379073354223787,37.56347567496322,11.0
k050,Abou-Jaoude mod,smr_then_large_2039,219910.96791054687,266330.8359375,272949.41853012727,13.48217028892615,46.89508148693171,46.0
k050,Abou-Jaoude mod,large_then_smr_2040,207549.094090625,259429.64492187498,268146.5796609905,7.1029874621140285,35.77071718277272,13.0
k050,Abou-Jaoude mod,smr_then_large_2040,219881.46559570314,266206.86679687497,272923.3376060379,13.466946006350222,45.78404803178987,45.0
k050,Abou-Jaoude mod,large_then_smr_2041,208898.86984648436,259928.98613281248,268418.78381518216,7.799521535123997,34.2346688976609,15.0
k050,Abou-Jaoude mod,smr_then_large_2041,219781.69820859376,266229.447265625,273040.8259184756,13.415462354939836,43.87973486338998,44.0
k050,Abou-Jaoude mod,large_then_smr_2042,210768.07761054687,260482.71289062497,268888.17056511977,8.764101682272493,31.894485982838724,17.0
k050,Abou-Jaoude mod,smr_then_large_2042,219104.698578125,265704.14921875,272641.15090132237,13.066105576238167,40.96031062690486,38.0
k050,Abou-Jaoude mod,large_then_smr_2043,212424.66115820312,261289.908984375,269341.8898531063,9.618959891661257,29.81477873172159,19.0
k050,Abou-Jaoude mod,smr_then_large_2043,218564.75222890626,265469.8265625,272722.03940556385,12.787473345517185,38.87849084980034,35.0
k050,Abou-Jaoude mod,large_then_smr_2044,213996.99620664062,262175.237109375,269973.3215522081,10.430342768165225,29.61266562995598,22.0
k050,Abou-Jaoude mod,smr_then_large_2044,217658.8434136719,265314.07382812497,272361.89370477793,12.31999098475342,35.98068372084255,29.0
k050,Abou-Jaoude mod,large_then_smr_2045,215330.5824265625,262845.084375,270416.18629147956,11.118522443522297,32.62945957569135,23.0
k050,Abou-Jaoude mod,smr_then_large_2045,216670.87093554687,264719.271875,272047.1685613149,11.810160747232208,33.474314756423674,27.0
k050,Abou-Jaoude mod,large_then_smr_2046,216665.57609140626,263569.53124999994,271061.39198166167,11.807428412369019,35.46566480181113,26.0
k050,Abou-Jaoude mod,smr_then_large_2046,215756.87856445313,264395.5017578125,271958.49574288924,11.338506973503964,30.687657134091804,24.0
k050,Abou-Jaoude mod,large_then_smr_2047,218285.5764394531,264710.287890625,271629.36382703343,12.64340834148268,40.29732417914881,33.0
k050,Abou-Jaoude mod,smr_then_large_2047,213690.98788671874,263785.14902343747,271638.3953265344,10.27243118876038,33.04986837333198,21.0
k050,Abou-Jaoude mod,large_then_smr_2048,219594.3754078125,265770.3466796875,272444.7113975175,13.318796880819857,44.73155049472766,41.0
k050,Abou-Jaoude mod,smr_then_large_2048,211134.3315730469,262672.544921875,271030.9262412675,8.953102235252304,36.66131016374701,18.0
k050,Abou-Jaoude mod,large_then_smr_2049,220484.1160796875,266594.3046875,273294.31939246505,13.777935883290047,48.63432534180075,49.0
k050,Abou-Jaoude mod,smr_then_large_2049,208100.52945234376,261404.63515624998,270165.4256564995,7.387548447027512,39.66234885841622,14.0
k050,Abou-Jaoude mod,large_then_smr_2050,220453.38371640624,267035.662109375,273683.12741704093,13.762076850353214,52.657756062442985,48.0
k050,Abou-Jaoude mod,smr_then_large_2050,203797.99228203125,259936.88515624998,269089.1880379865,5.167280579194529,43.38769974331665,9.0
k050,IAEA high,pure_large,528722.443234375,649316.384375,665618.9259293912,14.44183889419641,57.31945757366545,30.0
k050,IAEA high,pure_smr,470143.18493359373,624775.5765625,653356.6382859282,1.7623732751669257,45.82655942546014,1.0
k050,IAEA high,const_0.1,534698.240159375,652697.5460937499,669086.9391841317,15.73529862473433,54.702766147986274,42.0
k050,IAEA high,const_0.2,535408.1652023437,651741.778125,668780.0224550898,15.888961720436074,50.81766229671356,45.0
k050,IAEA high,const_0.3,533776.3235976562,650675.5031249999,668048.7273265969,15.535750018504007,46.31766868152028,38.0
k050,IAEA high,const_0.4,529508.5699507813,648255.70859375,666626.849488523,14.611995822809153,40.77875010260778,32.0
k050,IAEA high,const_0.5,523963.01028203126,645641.5546875,665669.6980726048,13.411660837392406,35.066854355837,26.0
k050,IAEA high,const_0.6,516730.9172015625,642584.14453125,664216.4064371258,11.846276122267026,30.211905139290472,21.0
k050,IAEA high,const_0.7,507857.002596875,638790.50625,662391.3429391218,9.925519554155303,34.30418521839454,15.0
k050,IAEA high,const_0.8,497217.13730234373,634459.084375,660003.4244635729,7.622523406603965,38.398907121203166,10.0
k050,IAEA high,const_0.9,484489.59715390624,630170.74765625,656776.4098365769,4.867650565805663,42.16771319999822,5.0
k050,IAEA high,large_then_smr_2032,479807.6671414063,627730.94375,654827.4661614271,3.8542480006966358,42.88892037385881,3.0
k050,IAEA high,smr_then_large_2032,535554.5259640625,653838.4054687499,670300.8235404191,15.920641470231798,56.44314048212833,46.0
k050,IAEA high,large_then_smr_2033,488335.5688890625,630130.63359375,656365.9107722056,5.700110173561101,40.08849016947935,6.0
k050,IAEA high,smr_then_large_2033,538004.854221875,655422.93046875,671971.1690057386,16.45101440088148,54.40004088511148,48.0
k050,IAEA high,large_then_smr_2034,495962.69929140626,632441.9453125,658015.8072604791,7.351000616929557,37.41822743150058,9.0
k050,IAEA high,smr_then_large_2034,538085.0320195312,655697.3687499999,671879.5168413174,16.468368864872335,51.75338807965565,49.0
k050,IAEA high,large_then_smr_2035,502367.44813515624,635249.6703125,659402.2027195608,8.737306881612392,34.87140868966671,13.0
k050,IAEA high,smr_then_large_2035,536601.8479257813,653902.81484375,670735.0992702096,16.147334043522545,48.680359711515344,47.0
k050,IAEA high,large_then_smr_2036,507935.10325625,637603.06484375,660639.5494947605,9.942424422091394,32.44159794604174,16.0
k050,IAEA high,smr_then_large_2036,534529.5745109376,652268.2921874999,669658.0480601297,15.698790987858937,45.76146047313699,40.0
k050,IAEA high,large_then_smr_2037,512428.9459796875,639509.33984375,661189.6892776946,10.915115541131929,29.955009728244704,18.0
k050,IAEA high,smr_then_large_2037,531963.7896398437,651014.5546875,668732.9664421157,15.143427502513727,42.64757383328636,35.0
k050,IAEA high,large_then_smr_2038,516382.1258796875,640441.8859374999,661807.1712824352,11.770780329008222,30.082496938016764,20.0
k050,IAEA high,smr_then_large_2038,529014.7758382813,649517.73359375,667863.8022080838,14.505114212253847,39.774162861980585,31.0
k050,IAEA high,large_then_smr_2039,519961.5060109375,641482.8125,662555.467751996,12.545536251635127,33.29918029739682,23.0
k050,IAEA high,smr_then_large_2039,525915.0864289063,647423.91953125,667132.3847929141,13.83418722485435,36.74966320344803,28.0
k050,IAEA high,large_then_smr_2040,523085.66177265625,643242.66796875,663281.1156437126,13.221758974801245,36.13469227087247,25.0
k050,IAEA high,smr_then_large_2040,522691.4417242188,645875.515625,666458.460017465,13.136430145186672,33.78831952255958,24.0
k050,IAEA high,large_then_smr_2041,525797.1611625,645023.8046875,663849.9207834331,13.80866233081531,38.7232418474579,27.0
k050,IAEA high,smr_then_large_2041,519321.10351640626,644634.2843749999,665780.7391778942,12.406921293930186,30.902242859046606,22.0
k050,IAEA high,large_then_smr_2042,528221.6447445313,646547.0156249998,664388.467751996,14.3334411879395,41.498834443407546,29.0
k050,IAEA high,smr_then_large_2042,515272.74343984376,643581.18359375,664903.8657996507,11.530654780949408,32.07283521827036,19.0
k050,IAEA high,large_then_smr_2043,530247.853528125,647280.94921875,665006.41438997,14.772013565838828,44.085175556171535,33.0
k050,IAEA high,smr_then_large_2043,511098.12661953125,641746.653125,664037.2827781936,10.627060027769193,33.96566119663772,17.0
k050,IAEA high,large_then_smr_2044,531887.2810710937,647951.74453125,665723.81000499,15.126867242190086,46.48858619475795,34.0
k050,IAEA high,smr_then_large_2044,506665.01808984374,639538.0726562499,662905.2928206088,9.667514809579748,35.725306322287544,14.0
k050,IAEA high,large_then_smr_2045,533161.984715625,649373.18828125,666470.8701347306,15.402776523121865,48.71414954618613,36.0
k050,IAEA high,smr_then_large_2045,502363.022259375,638042.3374999999,662022.0746631736,8.736348901920769,37.36336080274829,12.0
k050,IAEA high,large_then_smr_2046,534039.8744257812,650129.9609375,667226.4488834831,15.592795528485022,50.6041380036558,39.0
k050,IAEA high,smr_then_large_2046,497898.330965625,635755.12109375,660932.9636976048,7.769967602451016,38.91843047955403,11.0
k050,IAEA high,large_then_smr_2047,534600.3325710938,651700.54609375,668020.7950973054,15.714106552054265,52.33177562301753,41.0
k050,IAEA high,smr_then_large_2047,493622.84740078123,634067.18828125,660167.3389782935,6.844540267970085,40.39374518876829,8.0
k050,IAEA high,large_then_smr_2048,534859.584290625,652090.6453125,668730.2322542415,15.77022152106928,53.900924679438376,44.0
k050,IAEA high,smr_then_large_2048,489019.7094054688,632806.63359375,658995.467751996,5.848192215020517,41.6406851230872,7.0
k050,IAEA high,large_then_smr_2049,534772.5192375,652973.61015625,669195.1039795409,15.751376312376994,55.363529730090654,43.0
k050,IAEA high,smr_then_large_2049,484327.2132460938,630706.7203125,657603.4774513473,4.83250261009717,42.80490405187986,4.0
k050,IAEA high,large_then_smr_2050,533631.401071875,652557.84921875,669087.0891342316,15.5043815745126,56.82413600261357,37.0
k050,IAEA high,smr_then_large_2050,477984.635475,628150.07890625,655675.4594560878,3.459653258340675,44.22559563830683,2.0
k050,McKinsey GEP 2025,pure_large,668449.0138875,824536.4507812499,844351.8357035929,15.853192877595994,60.193620101642004,31.0
k050,McKinsey GEP 2025,pure_smr,586944.132296875,790349.9203125,829510.3235716068,1.7270582417335623,48.467745767422876,1.0
k050,McKinsey GEP 2025,const_0.1,676446.436128125,829334.6125,849290.597742016,17.239277503524754,58.09793747718293,42.0
k050,McKinsey GEP 2025,const_0.2,676773.2964140625,827241.61953125,848710.8978293414,17.295927759511393,53.68357627585042,43.0
k050,McKinsey GEP 2025,const_0.3,673973.14743125,824920.41171875,847925.5145646208,16.810615950454885,48.655390585429345,36.0
k050,McKinsey GEP 2025,const_0.4,668048.32464375,821468.5515625,846407.6733408184,15.783746850635502,42.85060378672336,30.0
k050,McKinsey GEP 2025,const_0.5,660325.687290625,818609.05078125,845447.5163423154,14.445286958845017,36.878314788191226,26.0
k050,McKinsey GEP 2025,const_0.6,650311.26969375,815009.1078125,843825.9146394711,12.709623910050674,31.494161534991488,21.0
k050,McKinsey GEP 2025,const_0.7,638135.4703609375,810408.54609375,841629.4684069362,10.599357907353518,36.03194569494001,15.0
k050,McKinsey GEP 2025,const_0.8,624004.1452640624,804620.4960937499,839022.1387225549,8.15016717170856,40.38191984466522,10.0
k050,McKinsey GEP 2025,const_0.9,606999.53319375,798580.27109375,834987.2591691617,5.202988611995449,44.56326794587579,4.0
k050,McKinsey GEP 2025,large_then_smr_2032,597607.9139703125,793793.7718749999,831318.5222991518,3.5752667503113784,45.96818983729595,2.0
k050,McKinsey GEP 2025,smr_then_large_2032,676079.290796875,829814.05390625,849595.8385104791,17.175645187533974,60.340475982429886,39.0
k050,McKinsey GEP 2025,large_then_smr_2033,607110.0521859375,796367.5781249999,833150.2230538923,5.222143368532634,43.59603501933531,5.0
k050,McKinsey GEP 2025,smr_then_large_2033,678966.75809375,831154.0859375,851573.6382859282,17.67609069455496,58.62944478896215,48.0
k050,McKinsey GEP 2025,large_then_smr_2034,615711.0320609375,798704.0328124997,835007.5558570359,6.712834445477507,41.34514753696414,7.0
k050,McKinsey GEP 2025,smr_then_large_2034,679350.9606578125,831369.43515625,851684.2780688623,17.742679309144336,56.67275922867905,49.0
k050,McKinsey GEP 2025,large_then_smr_2035,623081.15701875,801386.7515624998,836434.6757110779,7.990198149410114,39.20979169976756,9.0
k050,McKinsey GEP 2025,smr_then_large_2035,678687.3031703125,830036.9179687499,851423.8176771457,17.6276565664869,54.178911908275715,47.0
k050,McKinsey GEP 2025,large_then_smr_2036,629417.0707078126,804292.9125,837478.086608034,9.088316054328285,37.03624396364693,12.0
k050,McKinsey GEP 2025,smr_then_large_2036,676905.8822609375,828569.803125,850393.9499750499,17.31890706439737,51.82900929434676,44.0
k050,McKinsey GEP 2025,large_then_smr_2037,634956.4269875,805950.4484374998,838145.0256362276,10.048377477347103,34.97586914448967,14.0
k050,McKinsey GEP 2025,smr_then_large_2037,675057.88094375,827208.7078125,850028.243107535,16.998618084100947,49.372465626193204,38.0
k050,McKinsey GEP 2025,large_then_smr_2038,640035.0416484375,807692.4898437498,838863.744011976,10.928584810502961,33.023467749568404,17.0
k050,McKinsey GEP 2025,smr_then_large_2038,672584.587125,825536.5359375,849114.057354042,16.56995564332602,46.87734280523019,35.0
k050,McKinsey GEP 2025,large_then_smr_2039,644750.345790625,809936.2078125,839641.9485092316,11.74582446365819,31.174788110350843,18.0
k050,McKinsey GEP 2025,smr_then_large_2039,670347.486059375,824899.4421875,848973.1033557884,16.18222928595548,44.82598585627197,33.0
k050,McKinsey GEP 2025,large_then_smr_2040,649419.72665,811975.23984375,840717.3585641218,12.55510485764673,31.251350640761412,20.0
k050,McKinsey GEP 2025,smr_then_large_2040,666994.9043703125,822720.7546875,847557.7034680638,15.601171815615308,42.0896499018649,29.0
k050,McKinsey GEP 2025,large_then_smr_2041,654209.1278015625,814243.50625,841692.8581586826,13.38518673951414,34.366916471763886,23.0
k050,McKinsey GEP 2025,smr_then_large_2041,664561.46824375,822639.43671875,847463.3527320359,15.179417367529004,40.15911345708989,27.0
k050,McKinsey GEP 2025,large_then_smr_2042,660154.322921875,816134.85625,842655.5689558383,14.415586699210133,38.56786557732901,25.0
k050,McKinsey GEP 2025,smr_then_large_2042,658769.40408125,820138.7781249998,846498.6856599301,14.175557517882403,36.05879890842159,24.0
k050,McKinsey GEP 2025,large_then_smr_2043,665105.004190625,818441.41015625,843679.1559693114,15.273621074290423,42.22239945056065,28.0
k050,McKinsey GEP 2025,smr_then_large_2043,652552.97528125,817092.9578125,845546.6283058883,13.09814830668795,32.051460497153776,22.0
k050,McKinsey GEP 2025,large_then_smr_2044,669055.773234375,820568.521875,844571.876497006,15.958354237974072,45.60217533804929,32.0
k050,McKinsey GEP 2025,smr_then_large_2044,645810.191284375,814308.14140625,844266.5611901197,11.929513094887938,33.992165741507584,19.0
k050,McKinsey GEP 2025,large_then_smr_2045,672269.44483125,822476.48515625,845642.6114957585,16.515336307844656,48.716278811722184,34.0
k050,McKinsey GEP 2025,smr_then_large_2045,638991.65686875,812081.05859375,843076.4800087325,10.747749091375058,36.543857418502945,16.0
k050,McKinsey GEP 2025,large_then_smr_2046,674671.6426640626,825209.8078124998,846765.7640344312,16.931676646558667,51.57057013317415,37.0
k050,McKinsey GEP 2025,smr_then_large_2046,632014.33913125,809187.3484375,841946.5888223553,9.538465330284934,38.77118740752233,13.0
k050,McKinsey GEP 2025,large_then_smr_2047,676341.462890625,827121.38359375,847881.0269772954,17.22108391735975,54.16756509862588,41.0
k050,McKinsey GEP 2025,smr_then_large_2047,624620.9438921876,806411.3578125,840396.3595933134,8.257068504414883,40.8468492769119,11.0
k050,McKinsey GEP 2025,large_then_smr_2048,677266.9745171875,828514.7648437499,848952.3661427146,17.381490283073454,56.52739549398116,45.0
k050,McKinsey GEP 2025,smr_then_large_2048,617098.8492421875,803283.45390625,838765.4743637724,6.953365956838609,42.80681430891001,8.0
k050,McKinsey GEP 2025,large_then_smr_2049,677653.90968125,829521.959375,849965.951378493,17.448552502123718,58.66135125943814,46.0
k050,McKinsey GEP 2025,smr_then_large_2049,609425.2590625,800343.3031249999,836914.6781437126,5.623406745767675,44.6571675348492,6.0
k050,McKinsey GEP 2025,large_then_smr_2050,676163.100159375,829804.9140625,849808.986620509,17.19017072656079,60.63665750305114,40.0
k050,McKinsey GEP 2025,smr_then_large_2050,599101.031275,796630.3859374999,833457.4735217065,3.834048502539305,46.50913206192004,3.0
k050,COP28 tripling pledge,pure_large,1222845.139434375,1530348.5656249998,1566866.3974550897,18.7227505291391,69.19023335275976,32.0
k050,COP28 tripling pledge,pure_smr,1045823.373878125,1437620.859375,1526486.730289421,1.5361827188572759,45.79599518866277,1.0
k050,COP28 tripling pledge,const_0.1,1235895.961128125,1535845.9765625,1572833.67003493,19.989819758251826,66.38816299775807,42.0
k050,COP28 tripling pledge,const_0.2,1234097.05686875,1526748.0125,1568873.9142964073,19.81516897482526,60.82499010045785,40.0
k050,COP28 tripling pledge,const_0.3,1226300.50655,1519177.7453125,1565063.7944111777,19.058222842701788,55.03074332690054,35.0
k050,COP28 tripling pledge,const_0.4,1212695.19585,1508293.2078125,1560941.0843313374,17.73731976510141,48.25930059787471,29.0
k050,COP28 tripling pledge,const_0.5,1195821.48923125,1501884.3734374999,1557765.660242016,16.09909690531529,41.46473895210459,25.0
k050,COP28 tripling pledge,const_0.6,1174612.971990625,1494784.8515625,1554186.2603542914,14.040018923767821,34.06146108282285,21.0
k050,COP28 tripling pledge,const_0.7,1150233.17476875,1486467.7515625,1551014.6105913173,11.67304988559306,36.3035682160405,16.0
k050,COP28 tripling pledge,const_0.8,1121979.628346875,1473098.2562499999,1546844.8206087823,8.929988940885654,39.99024963630482,9.0
k050,COP28 tripling pledge,const_0.9,1087926.47576875,1458841.0203124997,1539174.316991018,5.623859809822113,43.28615158208328,4.0
k050,COP28 tripling pledge,large_then_smr_2032,1071208.425296875,1449341.046875,1532888.0866392215,4.0007491873077665,44.311320806785496,2.0
k050,COP28 tripling pledge,smr_then_large_2032,1240454.226546875,1543266.0890624998,1579417.4066866268,20.432369506134194,69.38944741999694,46.0
k050,COP28 tripling pledge,large_then_smr_2033,1093018.93018125,1458224.9234375,1538667.9714321357,6.118272532495978,42.62507495631798,5.0
k050,COP28 tripling pledge,smr_then_large_2033,1243544.755746875,1543922.34375,1580118.8788672655,20.73242068627327,66.95442779304314,49.0
k050,COP28 tripling pledge,large_then_smr_2034,1110203.577134375,1465114.11875,1541725.4378742515,7.786683754288858,40.69666907187897,7.0
k050,COP28 tripling pledge,smr_then_large_2034,1242233.156590625,1539410.8984374998,1578091.378243513,20.605081046608248,64.27792774331874,48.0
k050,COP28 tripling pledge,large_then_smr_2035,1124181.66656875,1470484.2953124999,1543088.2043413173,9.14377891807951,38.74485907670958,10.0
k050,COP28 tripling pledge,smr_then_large_2035,1237689.589909375,1533880.3734374999,1574323.2256736527,20.163958359675,60.99284496514004,43.0
k050,COP28 tripling pledge,large_then_smr_2036,1133976.01071875,1474016.7859375,1542600.4419286428,10.094685488027395,36.51006989981571,12.0
k050,COP28 tripling pledge,smr_then_large_2036,1232689.226290625,1529327.4859375,1571785.1324226547,19.678486484848367,58.284005737780795,39.0
k050,COP28 tripling pledge,large_then_smr_2037,1139324.18599375,1475182.1359374998,1543185.9914545908,10.61392546248044,35.719946029325754,13.0
k050,COP28 tripling pledge,smr_then_large_2037,1230204.27464375,1526582.0593749997,1570589.6973552895,19.437229203010233,56.80530525971841,38.0
k050,COP28 tripling pledge,large_then_smr_2038,1144790.27430625,1477884.46875,1544110.894772954,11.144613297078491,35.00155754827178,14.0
k050,COP28 tripling pledge,smr_then_large_2038,1228331.65165625,1524240.3499999999,1569978.8305264472,19.25542126624816,55.70165004325003,36.0
k050,COP28 tripling pledge,large_then_smr_2039,1150576.68315625,1480132.5937499995,1545420.1503243514,11.706400192413343,34.369318888865344,17.0
k050,COP28 tripling pledge,smr_then_large_2039,1225824.81648125,1521530.7328125,1568278.476734032,19.01203937143451,54.37253684486754,34.0
k050,COP28 tripling pledge,large_then_smr_2040,1157848.589646875,1485213.8640625,1548307.9464196607,12.412410064241461,33.86161898202057,18.0
k050,COP28 tripling pledge,smr_then_large_2040,1223019.32419375,1519027.1624999999,1566387.1609281437,18.739661659638273,53.53020123707409,33.0
k050,COP28 tripling pledge,large_then_smr_2041,1166866.01684375,1490498.1515625,1551367.287986527,13.287887853689483,33.6330784778739,20.0
k050,COP28 tripling pledge,smr_then_large_2041,1221301.037434375,1518024.9828124996,1566302.3663298404,18.572837812781298,52.203463643916116,30.0
k050,COP28 tripling pledge,large_then_smr_2042,1184679.185828125,1496816.140625,1553952.359530938,15.017320591545039,38.45182832396491,23.0
k050,COP28 tripling pledge,smr_then_large_2042,1209207.161509375,1509255.6875,1563103.6089695608,17.39867587839419,46.80418323527866,27.0
k050,COP28 tripling pledge,large_then_smr_2043,1199431.5070125,1501457.5343749998,1556381.7723927146,16.4495838366755,43.691181653937626,26.0
k050,COP28 tripling pledge,smr_then_large_2043,1195345.83695,1504322.5046875,1560175.9280813374,16.05291710273491,41.39765161784607,24.0
k050,COP28 tripling pledge,large_then_smr_2044,1211605.626171875,1506593.5921874999,1558993.9795409183,17.631536371187785,48.51457652122752,28.0
k050,COP28 tripling pledge,smr_then_large_2044,1180331.232734375,1498637.4609375,1557553.8168662675,14.595189502484615,36.11939054662285,22.0
k050,COP28 tripling pledge,large_then_smr_2045,1221659.922396875,1512958.7,1561981.9738647705,18.60768098997318,52.942449805518265,31.0
k050,COP28 tripling pledge,smr_then_large_2045,1164509.68529375,1495816.0765624999,1555039.0941866268,13.059117951636319,34.89420628433956,19.0
k050,COP28 tripling pledge,large_then_smr_2046,1229639.654221875,1520877.80625,1565359.3166167664,19.382411722588362,56.988323949320275,37.0
k050,COP28 tripling pledge,smr_then_large_2046,1148078.48896875,1488432.9749999996,1552731.1468313374,11.463857227869939,37.415093572933394,15.0
k050,COP28 tripling pledge,large_then_smr_2047,1235640.126409375,1526521.153125,1569207.195484032,19.964981452475104,60.65735064825452,41.0
k050,COP28 tripling pledge,smr_then_large_2047,1131141.77041875,1479304.190625,1550192.306511976,9.819516708902857,39.576997482511224,11.0
k050,COP28 tripling pledge,large_then_smr_2048,1239643.167209375,1533532.4953124998,1573214.190743513,20.353625933227743,63.94505781790092,44.0
k050,COP28 tripling pledge,smr_then_large_2048,1113534.71228125,1471933.5718749994,1546958.5019336327,8.110094719641523,41.540812930903336,8.0
k050,COP28 tripling pledge,large_then_smr_2049,1241918.84586875,1540251.8749999998,1577612.1816367265,20.574565462730586,66.96426698556306,47.0
k050,COP28 tripling pledge,smr_then_large_2049,1094463.8474875,1463231.3499999999,1541930.0456586827,6.258555673306843,43.327349977158185,6.0
k050,COP28 tripling pledge,large_then_smr_2050,1240115.525653125,1543129.6937499999,1579652.614708084,20.399485945971147,69.53752074436773,45.0
k050,COP28 tripling pledge,smr_then_large_2050,1073061.45988125,1453038.9468749997,1536300.5754116767,4.180655338616819,44.830000682094514,3.0
k050,2025 EO,pure_large,1820852.309675,2296752.58125,2361618.796656687,20.621685263833655,75.65338235391019,36.0
k050,2025 EO,pure_smr,1530023.994459375,2139466.231249999,2274836.4473552895,1.3558714922535147,42.88346042160873,1.0
k050,2025 EO,const_0.1,1839625.2100625,2305758.0281249997,2370804.260978044,21.865289080572918,71.32244515575206,42.0
k050,2025 EO,const_0.2,1832738.68183125,2290335.040625,2360739.6065369262,21.409093574514213,65.144172977655,39.0
k050,2025 EO,const_0.3,1818217.805046875,2276097.290625,2351783.418537924,20.447163482802154,58.68558665300039,34.0
k050,2025 EO,const_0.4,1795237.912371875,2259680.546875,2343111.3756237524,18.924869023821415,51.27046929208214,29.0
k050,2025 EO,const_0.5,1766753.69056875,2244872.7156249997,2335128.320983034,17.03794232522771,43.56963884736316,25.0
k050,2025 EO,const_0.6,1732599.783359375,2229826.259375,2327291.96993513,14.775429421765088,35.38650610244788,20.0
k050,2025 EO,const_0.7,1695325.5382875,2217497.6875,2321731.921656687,12.306210895025153,32.57720388639848,16.0
k050,2025 EO,const_0.8,1650606.273084375,2199506.3093749997,2312725.62000998,9.343799773650879,36.30758384146214,10.0
k050,2025 EO,const_0.9,1597358.9768875,2173312.6312499996,2298714.240768463,5.8164524051232425,39.808848467413746,5.0
k050,2025 EO,large_then_smr_2032,1570382.620815625,2157232.859375,2288310.6560628745,4.0294137121017295,41.4149370706007,3.0
k050,2025 EO,smr_then_large_2032,1848694.7833,2320023.0312499995,2382457.7949101795,22.46609959261619,76.18685448952692,47.0
k050,2025 EO,large_then_smr_2033,1603108.087909375,2172220.7562499996,2298684.646332335,6.197300130412515,39.83369434348447,6.0
k050,2025 EO,smr_then_large_2033,1852039.003975,2319542.64375,2382805.135978044,22.687636249691163,73.79790756521354,49.0
k050,2025 EO,large_then_smr_2034,1629170.36064375,2183089.3718749997,2304651.3081337325,7.923785712094362,38.06911546601204,8.0
k050,2025 EO,smr_then_large_2034,1849068.01985,2314636.5625,2378848.357035928,22.49082450930704,70.85722568919479,48.0
k050,2025 EO,large_then_smr_2035,1651501.04978125,2192585.378124999,2308797.2906686626,9.403073923749925,36.3347855421428,11.0
k050,2025 EO,smr_then_large_2035,1842500.219396875,2303590.6781249996,2373022.0805888223,22.055743006582688,67.7219046730393,43.0
k050,2025 EO,large_then_smr_2036,1671008.31015,2200834.0625,2311822.5692365267,10.695325144816286,34.51216394901708,13.0
k050,2025 EO,smr_then_large_2036,1834258.266265625,2294399.225,2367103.5979291415,21.50975788122436,64.5307104528221,40.0
k050,2025 EO,large_then_smr_2037,1688310.620053125,2207576.096875,2314164.600424152,11.841510240874165,32.75791509334043,14.0
k050,2025 EO,smr_then_large_2037,1824906.834221875,2286118.390625,2361412.4555888223,20.890275737201005,61.352856244719526,37.0
k050,2025 EO,large_then_smr_2038,1704159.329978125,2214344.240625,2316525.399451098,12.891402146029483,31.078870452452737,17.0
k050,2025 EO,smr_then_large_2038,1815014.6745125,2279057.878125,2356230.0768463076,20.234973289713224,58.39028465918804,33.0
k050,2025 EO,large_then_smr_2039,1719028.0107,2217673.159375,2318943.1161427144,13.876372380459177,33.19660772637244,19.0
k050,2025 EO,smr_then_large_2039,1804963.92268125,2272803.68125,2351773.002994012,19.569164965989085,55.1856427793345,31.0
k050,2025 EO,large_then_smr_2040,1733887.786571875,2223431.4656249997,2322170.521207585,14.860752716406546,36.287938168748326,21.0
k050,2025 EO,smr_then_large_2040,1796025.06586875,2266509.2874999996,2349515.35990519,18.977013714991525,52.559552504962376,30.0
k050,2025 EO,large_then_smr_2041,1754930.86574375,2235050.9499999997,2330256.239770459,16.254743683913894,40.15285268422557,23.0
k050,2025 EO,smr_then_large_2041,1785729.27546875,2260724.603125,2344994.036302395,18.294972902251,49.57786934403639,27.0
k050,2025 EO,large_then_smr_2042,1775456.0445875,2243349.93125,2334387.661427146,17.61442653645486,45.21807018918955,26.0
k050,2025 EO,smr_then_large_2042,1763954.487721875,2249091.65,2338489.349800399,16.852510171839253,44.07568156638791,24.0
k050,2025 EO,large_then_smr_2043,1793004.425625,2254372.13125,2339099.0825848305,18.776912523455618,49.88318255736865,28.0
k050,2025 EO,smr_then_large_2043,1741229.818909375,2238237.8124999995,2332506.69997505,15.34712292287809,38.69675020110825,22.0
k050,2025 EO,large_then_smr_2044,1807917.22069375,2264955.20625,2344243.380489022,19.764805096416612,54.174923636752986,32.0
k050,2025 EO,smr_then_large_2044,1717958.4226875,2228165.815625,2326988.590194611,13.805517919655175,33.466720200102436,18.0
k050,2025 EO,large_then_smr_2045,1820421.726096875,2276117.88125,2350201.598053892,20.59316141455472,58.11405697816652,35.0
k050,2025 EO,smr_then_large_2045,1694350.32999375,2218511.496875,2321953.256487026,12.241608583651319,32.79139140245054,15.0
k050,2025 EO,large_then_smr_2046,1830574.009771875,2284725.8499999996,2356700.6025449103,21.265695677574428,61.714932824312335,38.0
k050,2025 EO,smr_then_large_2046,1670521.137928125,2209655.6999999997,2317297.2723303395,10.663052601840638,34.583519764904565,12.0
k050,2025 EO,large_then_smr_2047,1838348.22098125,2293763.034375,2363548.628243513,21.780695412967123,64.9839934653364,41.0
k050,2025 EO,smr_then_large_2047,1646388.971534375,2198622.4218749995,2312271.3176147705,9.0644261981424,36.208078198645005,9.0
k050,2025 EO,large_then_smr_2048,1843601.863165625,2306401.128125,2370243.2069610776,22.128720989058785,67.93292279763459,44.0
k050,2025 EO,smr_then_large_2048,1621809.449396875,2186210.775,2306571.0968063874,7.436164879280058,38.057083785315236,7.0
k050,2025 EO,large_then_smr_2049,1846486.48990625,2313329.659375,2376442.126247505,22.31981201657513,71.04033826392894,46.0
k050,2025 EO,smr_then_large_2049,1596447.55116875,2174913.159375,2299855.63498004,5.756075346751029,39.81771282679841,4.0
k050,2025 EO,large_then_smr_2050,1844136.484075,2314087.3249999997,2378898.1141467066,22.164136752722566,73.8317875525301,45.0
k050,2025 EO,smr_then_large_2050,1567065.676540625,2160218.6406249995,2290266.473802395,3.8096839700183986,41.43313364206059,2.0
k025,EIA 2026 AEO high,pure_large,158478.13843964844,191912.9830078125,196525.9808663922,9.008342992666021,41.86588353759793,23.0
k025,EIA 2026 AEO high,pure_smr,150950.63029101564,190422.72558593747,196427.76906343564,3.830586626864566,47.406921073520174,1.0
k025,EIA 2026 AEO high,const_0.1,159945.81587246092,192024.91582031248,196718.19083707585,10.017877093544849,40.1264210928444,32.0
k025,EIA 2026 AEO high,const_0.2,160727.18526777343,192014.6146484375,196682.64821138972,10.555337868178023,37.8207227654249,44.0
k025,EIA 2026 AEO high,const_0.3,160843.44737890625,191568.7736328125,196445.18225268213,10.635308141757703,34.06815392017032,46.0
k025,EIA 2026 AEO high,const_0.4,160396.4920595703,191146.566015625,196050.6394710579,10.327872307185967,30.223553607453102,42.0
k025,EIA 2026 AEO high,const_0.5,159504.65821347656,190776.80800781248,195609.85767527446,9.71442914875009,25.739961716754223,30.0
k025,EIA 2026 AEO high,const_0.6,158361.83092695312,190453.223046875,195328.41588697606,8.928341489863522,29.953483219722784,22.0
k025,EIA 2026 AEO high,const_0.7,156877.76955136718,189900.712109375,195116.4042150075,7.907537781258332,34.547302218946335,20.0
k025,EIA 2026 AEO high,const_0.8,155060.63635566406,190012.1041015625,195107.36171407186,6.657632396131669,39.08448419543706,18.0
k025,EIA 2026 AEO high,const_0.9,153164.2317265625,190294.1318359375,195686.76281031687,5.353200577980882,43.56929056188313,8.0
k025,EIA 2026 AEO high,large_then_smr_2032,150950.63029101564,190422.72558593747,196427.76906343564,3.830586626864566,47.406921073520174,2.0
k025,EIA 2026 AEO high,smr_then_large_2032,158478.13843964844,191912.9830078125,196525.9808663922,9.008342992666021,41.86588353759793,24.0
k025,EIA 2026 AEO high,large_then_smr_2033,150950.63029101564,190422.72558593747,196427.76906343564,3.830586626864566,47.406921073520174,3.0
k025,EIA 2026 AEO high,smr_then_large_2033,158478.13843964844,191912.9830078125,196525.9808663922,9.008342992666021,41.86588353759793,25.0
k025,EIA 2026 AEO high,large_then_smr_2034,150950.63029101564,190422.72558593747,196427.76906343564,3.830586626864566,47.406921073520174,4.0
k025,EIA 2026 AEO high,smr_then_large_2034,158478.13843964844,191912.9830078125,196525.9808663922,9.008342992666021,41.86588353759793,26.0
k025,EIA 2026 AEO high,large_then_smr_2035,150950.63029101564,190422.72558593747,196427.76906343564,3.830586626864566,47.406921073520174,5.0
k025,EIA 2026 AEO high,smr_then_large_2035,158478.13843964844,191912.9830078125,196525.9808663922,9.008342992666021,41.86588353759793,27.0
k025,EIA 2026 AEO high,large_then_smr_2036,150950.63029101564,190422.72558593747,196427.76906343564,3.830586626864566,47.406921073520174,6.0
k025,EIA 2026 AEO high,smr_then_large_2036,158478.13843964844,191912.9830078125,196525.9808663922,9.008342992666021,41.86588353759793,28.0
k025,EIA 2026 AEO high,large_then_smr_2037,155301.13399433595,190324.034765625,195318.9591753992,6.823057415275579,38.91700476562622,19.0
k025,EIA 2026 AEO high,smr_then_large_2037,162226.96399414062,193505.0771484375,198151.57638628993,11.58695267276003,40.19367671768549,48.0
k025,EIA 2026 AEO high,large_then_smr_2038,158592.3794279297,190753.357421875,195549.84140313123,9.086923047662857,30.71663613460297,29.0
k025,EIA 2026 AEO high,smr_then_large_2038,162449.516971875,193114.1314453125,197988.00623752494,11.740034552505525,33.687974647218155,49.0
k025,EIA 2026 AEO high,large_then_smr_2039,160813.3036111328,191554.637890625,196415.42833863522,10.61457391173146,29.31362108832941,45.0
k025,EIA 2026 AEO high,smr_then_large_2039,160714.08832402344,192285.578515625,197097.91108408183,10.54632920521345,28.14261121316982,43.0
k025,EIA 2026 AEO high,large_then_smr_2040,161523.6499,192119.03652343745,197013.56179827845,11.103181821079728,35.83269582648218,47.0
k025,EIA 2026 AEO high,smr_then_large_2040,157887.33256269532,191200.7458984375,196207.52994791666,8.60196031861969,35.458707155568845,21.0
k025,EIA 2026 AEO high,large_then_smr_2041,160243.44696757811,192059.53886718748,196855.66187156935,10.222601056239377,39.709407200382564,41.0
k025,EIA 2026 AEO high,smr_then_large_2041,154343.79488203124,190945.03847656248,196092.75446762724,6.164556808555332,42.19100836793917,17.0
k025,EIA 2026 AEO high,large_then_smr_2042,160209.268790625,192077.03652343748,196852.38600143464,10.199091779358334,39.80789527231538,40.0
k025,EIA 2026 AEO high,smr_then_large_2042,154252.07390390625,191013.5529296875,196097.73856193863,6.101467022534906,42.34207894069657,16.0
k025,EIA 2026 AEO high,large_then_smr_2043,160178.92393242187,192107.3568359375,196851.77578436877,10.178219230351646,39.90422576897164,39.0
k025,EIA 2026 AEO high,smr_then_large_2043,154165.03811132812,190984.5220703125,196102.69638067615,6.041599916425454,42.48529035070936,15.0
k025,EIA 2026 AEO high,large_then_smr_2044,160152.2066623047,192125.39765625,196854.05208333334,10.159841898478383,39.998629763170506,38.0
k025,EIA 2026 AEO high,smr_then_large_2044,154082.4469638672,190950.9494140625,196107.8598817989,5.984790035774261,42.62104294507121,14.0
k025,EIA 2026 AEO high,large_then_smr_2045,160128.9279970703,192160.0283203125,196858.56584487276,10.143829792649374,40.091324893264904,37.0
k025,EIA 2026 AEO high,smr_then_large_2045,154004.07341269532,190982.605859375,196112.8321793912,5.930881206254846,42.7497155757298,13.0
k025,EIA 2026 AEO high,large_then_smr_2046,160108.91106152342,192171.7171875,196865.08550867016,10.13006125020409,40.18255297964698,36.0
k025,EIA 2026 AEO high,smr_then_large_2046,153929.70156914063,190976.8302734375,196118.01421375998,5.879724929994739,42.871692468419305,12.0
k025,EIA 2026 AEO high,large_then_smr_2047,160092.05013027345,192183.87890625,196873.65353667663,10.118463548496004,40.27253703445614,35.0
k025,EIA 2026 AEO high,smr_then_large_2047,153859.13665058595,190965.64296874998,196123.46253586578,5.831187226808706,42.98731485858198,11.0
k025,EIA 2026 AEO high,large_then_smr_2048,160078.23636855467,192208.21582031247,196884.16389096808,10.108961826111564,40.361502756725066,34.0
k025,EIA 2026 AEO high,smr_then_large_2048,153792.1900515625,190914.9806640625,196128.4227482535,5.7851383654301465,43.09690786030059,10.0
k025,EIA 2026 AEO high,large_then_smr_2049,160067.33040019532,192223.02226562498,196896.18062312875,10.101460213893683,40.44970002752563,33.0
k025,EIA 2026 AEO high,smr_then_large_2049,153728.67551289062,190876.95898437494,196133.1395880115,5.741450228474895,43.20079927455115,9.0
k025,EIA 2026 AEO high,large_then_smr_2050,159739.7886294922,192324.0859375,196949.79522985278,9.876162352391932,41.44499783196858,31.0
k025,EIA 2026 AEO high,smr_then_large_2050,152764.07084609376,190690.86171874998,196221.1804593937,5.077952048815476,44.74206303901211,7.0
k025,Abou-Jaoude mod,pure_large,216131.97609179688,263237.78378906247,270013.00675212074,11.81902686320645,48.296053338282874,24.0
k025,Abou-Jaoude mod,pure_smr,199255.7427890625,255699.063671875,265747.1143494261,3.0878616781590478,49.014856632880594,1.0
k025,Abou-Jaoude mod,const_0.1,218589.89521757813,264169.52265625,270732.7460001871,13.090667134688491,46.47094877001619,37.0
k025,Abou-Jaoude mod,const_0.2,219308.57925898436,263668.296484375,270210.2841816367,13.462488794700667,43.498232579743224,41.0
k025,Abou-Jaoude mod,const_0.3,219155.32760625,262875.982421875,269577.84019461076,13.383201819289598,39.675251970221424,39.0
k025,Abou-Jaoude mod,const_0.4,218177.7216453125,261753.008984375,268746.04441117763,12.877423131728474,35.249088942709,34.0
k025,Abou-Jaoude mod,const_0.5,216468.4182234375,260650.611328125,267864.0370197106,11.99309010195581,30.35921366791455,26.0
k025,Abou-Jaoude mod,const_0.6,214100.45891445313,259013.6939453125,266969.78323821106,10.767991852403679,32.34626951421844,20.0
k025,Abou-Jaoude mod,const_0.7,211213.72652578124,257584.24023437497,266299.1495056761,9.274498791577313,36.73307847817368,17.0
k025,Abou-Jaoude mod,const_0.8,207630.01724453125,256916.98828125,265754.53367483785,7.4204145804570825,40.54442444773766,12.0
k025,Abou-Jaoude mod,const_0.9,203679.72146953124,256030.9373046875,265642.0585625624,5.376671505648351,44.82160870961331,7.0
k025,Abou-Jaoude mod,large_then_smr_2032,199894.63235117187,255565.92304687496,265400.60629522207,3.4184005017053978,48.01306502329691,2.0
k025,Abou-Jaoude mod,smr_then_large_2032,216910.384071875,263811.58515625,270426.76329372503,12.221747573065327,48.237122280236996,28.0
k025,Abou-Jaoude mod,large_then_smr_2033,200555.2302328125,255301.8,265161.54665668664,3.7601704406503735,47.070362106276505,3.0
k025,Abou-Jaoude mod,smr_then_large_2033,217437.7439917969,263829.513671875,270560.765289733,12.49458491124465,47.791792642831005,30.0
k025,Abou-Jaoude mod,large_then_smr_2034,201154.86965429687,255203.90214843745,264901.18477887975,4.070402632071788,46.1842338133623,4.0
k025,Abou-Jaoude mod,smr_then_large_2034,217836.08041484375,263929.969921875,270596.24752058386,12.700670063449772,47.30006187055761,31.0
k025,Abou-Jaoude mod,large_then_smr_2035,201766.05332265625,254910.2462890624,264710.24594560877,4.386607407813085,45.352347962078795,5.0
k025,Abou-Jaoude mod,smr_then_large_2035,218166.25507148437,264066.076953125,270575.6952891093,12.871490732691084,47.20760114227719,33.0
k025,Abou-Jaoude mod,large_then_smr_2036,202424.24477578126,254911.3591796875,264628.897525262,4.727132345903958,44.57258659121777,6.0
k025,Abou-Jaoude mod,smr_then_large_2036,218363.9281578125,263973.39414062497,270463.5824990644,12.973759783989951,46.66751092940092,36.0
k025,Abou-Jaoude mod,large_then_smr_2037,203975.33628632812,254823.1291015625,264384.7659524701,5.529612138211355,42.516013922737535,8.0
k025,Abou-Jaoude mod,smr_then_large_2037,219348.48980234374,264521.528125,270937.6723350175,13.483137095802263,45.55909775738977,42.0
k025,Abou-Jaoude mod,large_then_smr_2038,205425.45947773437,254906.22285156243,264223.0395926896,6.279854499507975,40.570042077771596,10.0
k025,Abou-Jaoude mod,smr_then_large_2038,219729.91741953124,264393.98046875,270894.2927972181,13.680474230935582,44.110961990813706,45.0
k025,Abou-Jaoude mod,large_then_smr_2039,206831.16896445313,255088.44316406242,264231.1260058009,7.007118783579053,38.73057053791204,11.0
k025,Abou-Jaoude mod,smr_then_large_2039,219705.76221757813,263979.00078125,270488.7562453219,13.667977185265043,42.6807925173113,44.0
k025,Abou-Jaoude mod,large_then_smr_2040,208156.75372617188,255516.4044921875,264344.3100283807,7.692929373758133,37.12217503292786,13.0
k025,Abou-Jaoude mod,smr_then_large_2040,219765.70554335936,263699.65859375,270366.4762662176,13.69898973822924,41.20421988798614,47.0
k025,Abou-Jaoude mod,large_then_smr_2041,209435.25697695313,255746.77363281243,264538.79445795907,8.354381658278431,35.77455148075207,15.0
k025,Abou-Jaoude mod,smr_then_large_2041,219755.30746015624,263676.301953125,270348.9135323104,13.693610138384551,39.64718090039092,46.0
k025,Abou-Jaoude mod,large_then_smr_2042,211199.45121484375,256504.30390625,264968.933094748,9.267113251473228,33.646348070797956,16.0
k025,Abou-Jaoude mod,smr_then_large_2042,219191.08436328126,262778.01015625,269722.17291978543,13.40170109851388,37.521511768447425,40.0
k025,Abou-Jaoude mod,large_then_smr_2043,212760.7539046875,257639.344921875,265489.34068581584,10.074875946166237,31.74875991789911,19.0
k025,Abou-Jaoude mod,smr_then_large_2043,218764.10356210938,262557.091015625,269564.75499001995,13.180796359938629,35.06256082664381,38.0
k025,Abou-Jaoude mod,large_then_smr_2044,214244.28460859376,258549.269921875,266212.41828842316,10.842402170800522,29.38431693214686,21.0
k025,Abou-Jaoude mod,smr_then_large_2044,217948.01205898437,261956.24980468748,269022.8567474426,12.758579530384399,32.93023870968361,32.0
k025,Abou-Jaoude mod,large_then_smr_2045,215496.84181796876,259414.6951171875,266771.99214071856,11.490430892766767,30.54223340548976,23.0
k025,Abou-Jaoude mod,smr_then_large_2045,217049.325528125,261284.2978515625,268565.20317957836,12.293630959826356,30.18756786705683,29.0
k025,Abou-Jaoude mod,large_then_smr_2046,216762.41817851563,260504.090234375,267562.8018104416,12.145195262280165,33.15443743349829,27.0
k025,Abou-Jaoude mod,smr_then_large_2046,216219.89369101563,260735.2876953125,268350.8488959581,11.864512314117308,30.184334338494644,25.0
k025,Abou-Jaoude mod,large_then_smr_2047,218227.91371757814,261532.60292968748,268490.7570172156,12.903390731611083,37.13735644952733,35.0
k025,Abou-Jaoude mod,smr_then_large_2047,214294.61566054687,259914.57031249994,267935.42647517467,10.86844167384939,34.131419795188584,22.0
k025,Abou-Jaoude mod,large_then_smr_2048,219389.89844023436,263037.326171875,269690.1314168538,13.504560457936767,40.78252734436975,43.0
k025,Abou-Jaoude mod,smr_then_large_2048,211869.78296484376,258707.2275390625,267341.83408183634,9.613919149035905,37.8355379157197,18.0
k025,Abou-Jaoude mod,large_then_smr_2049,220142.72765859374,264466.9873046875,270836.75509137975,13.894047622739167,44.31428424584876,49.0
k025,Abou-Jaoude mod,smr_then_large_2049,208957.97727070312,257893.731640625,266690.1207896707,8.10745404830847,40.61156664737615,14.0
k025,Abou-Jaoude mod,large_then_smr_2050,219903.77353398438,265297.53691406245,271735.498838261,13.770421224822826,47.887298950825944,48.0
k025,Abou-Jaoude mod,smr_then_large_2050,204806.98197773437,256639.02304687497,266134.9889205963,5.959876153696637,44.473175797484,9.0
k025,IAEA high,pure_large,527730.5364632813,649590.0304687499,665405.7876746507,14.29523477802558,58.19186493947866,28.0
k025,IAEA high,pure_smr,473488.1941671875,619817.5125,648989.2398016467,2.547494559711674,47.62692371854279,1.0
k025,IAEA high,const_0.1,534368.1530203125,651810.85625,667483.264626996,15.73280166175504,56.259725051109264,40.0
k025,IAEA high,const_0.2,535590.6033351562,650074.24375,665944.7133545409,15.997558457289195,52.848446861211976,45.0
k025,IAEA high,const_0.3,534425.5819929688,646993.66953125,664024.3850736028,15.745239558483165,48.331429103529096,42.0
k025,IAEA high,const_0.4,530571.4056195313,643451.6640625,661383.2962512475,14.91050674876142,42.525655942439684,31.0
k025,IAEA high,const_0.5,525425.0913445313,638919.55859375,659553.4803517964,13.795924291121969,36.9466136897228,26.0
k025,IAEA high,const_0.6,518572.435490625,634618.64609375,657657.493512974,12.31178445922175,31.600276874016245,21.0
k025,IAEA high,const_0.7,510078.6397796875,631599.08359375,655625.2741392215,10.472208562317528,36.05172879065856,16.0
k025,IAEA high,const_0.8,499797.116121875,628083.621875,653535.2328156187,8.24544873102005,40.16221126154266,10.0
k025,IAEA high,const_0.9,487454.1337359375,624974.8859375,651199.7002869261,5.572220687184995,43.99365228104494,5.0
k025,IAEA high,large_then_smr_2032,482743.257878125,622006.08046875,649397.4763597804,4.551944949898233,44.715621022041034,3.0
k025,IAEA high,smr_then_large_2032,535223.223759375,652849.56640625,669046.5766591816,15.917991837650364,57.987675144250446,44.0
k025,IAEA high,large_then_smr_2033,490916.43014375,623735.9414062499,650115.0918475549,6.322080612771427,41.93710480484719,6.0
k025,IAEA high,smr_then_large_2033,538182.4133726562,653941.41953125,669917.795876996,16.558889508399815,56.383780698423124,48.0
k025,IAEA high,large_then_smr_2034,498229.39613046875,625796.7945312499,651186.928018962,7.905913850804814,39.284813406792075,9.0
k025,IAEA high,smr_then_large_2034,538663.9656492188,653123.4367187499,669116.6390032435,16.66318351207158,54.05173148024888,49.0
k025,IAEA high,large_then_smr_2035,504352.90464140626,627267.1953125,652219.2897642215,9.232135842075802,36.75243220287536,12.0
k025,IAEA high,smr_then_large_2035,537510.67451875,650992.85234375,667332.3226671657,16.413405128187,50.87514685286444,47.0
k025,IAEA high,large_then_smr_2036,509660.38565,628948.6523437499,653316.5594124252,10.381623593954913,34.14174761852831,15.0
k025,IAEA high,smr_then_large_2036,535723.6647632812,648817.3546874999,665601.2935379242,16.02637673881099,47.80145406531682,46.0
k025,IAEA high,large_then_smr_2037,513923.24593828124,630725.2859375,654050.6499500998,11.304868666601807,31.649298126832434,18.0
k025,IAEA high,smr_then_large_2037,533406.2316671875,646609.746875,664070.5312811877,15.524469910421816,44.67835762804784,37.0
k025,IAEA high,large_then_smr_2038,517669.4892234375,632139.2632812499,654884.0584144212,12.116225459941978,32.052928212364975,20.0
k025,IAEA high,smr_then_large_2038,530689.3557398438,643995.5234375,662646.6828218562,14.936052241700981,41.61223156156172,33.0
k025,IAEA high,large_then_smr_2039,521058.7254328125,633874.6804687498,655908.0990518962,12.850262097019648,35.29524111487359,22.0
k025,IAEA high,smr_then_large_2039,527784.5670921875,642052.97890625,661557.9263972056,14.306936665616602,38.57533347799521,29.0
k025,IAEA high,large_then_smr_2040,524003.18449765624,636926.6640625,656963.1850361776,13.48796944358707,38.03601847997535,24.0
k025,IAEA high,smr_then_large_2040,524731.6652835937,639673.45546875,660614.9411489521,13.645742922108907,35.589206197687105,25.0
k025,IAEA high,large_then_smr_2041,526551.1543695312,639104.10234375,658021.6875,14.039805645192873,40.61164775865327,27.0
k025,IAEA high,smr_then_large_2041,521518.85737734375,637841.6578124999,659748.5024014472,12.949916911352583,32.66840110729415,23.0
k025,IAEA high,large_then_smr_2042,528795.1269921875,641327.0828125,659174.5630925648,14.525802494002859,43.362140712380956,30.0
k025,IAEA high,smr_then_large_2042,517631.8483515625,635531.2593749998,658758.269367515,12.108073245902908,33.62280456182789,19.0
k025,IAEA high,large_then_smr_2043,530652.123371875,642757.309375,660443.2348116267,14.927988500938792,45.913543624297105,32.0
k025,IAEA high,smr_then_large_2043,513598.9966109375,634419.878125,657778.4185691117,11.234643143470745,35.66403924160198,17.0
k025,IAEA high,large_then_smr_2044,532133.7042585937,644829.29453125,661784.269617016,15.24886747911014,48.27229971305158,34.0
k025,IAEA high,smr_then_large_2044,509291.2450601563,632450.9406249999,656628.2737337825,10.301675576042125,37.44068571939212,14.0
k025,IAEA high,large_then_smr_2045,533260.385625,646493.0695312499,663130.5038984531,15.492882752807285,50.443359834151096,36.0
k025,IAEA high,smr_then_large_2045,505112.075615625,630578.2015625,655840.8200474052,9.396556164076689,39.23678029465118,13.0
k025,IAEA high,large_then_smr_2046,533993.14056875,648377.17265625,664351.6073478044,15.651581923205763,52.43008434270033,38.0
k025,IAEA high,smr_then_large_2046,500745.0413992187,629483.57734375,654838.4863086328,8.450749229361719,40.80294265647322,11.0
k025,IAEA high,large_then_smr_2047,534415.8356554687,649597.23671875,665558.3670471557,15.743128708616005,54.23487252547594,41.0
k025,IAEA high,smr_then_large_2047,496562.8909953125,628145.54140625,654223.8616828843,7.544984204857139,42.13212722648165,8.0
k025,IAEA high,large_then_smr_2048,534542.29354375,650816.95859375,666684.3856973553,15.770516803546997,55.88722308887023,43.0
k025,IAEA high,smr_then_large_2048,492050.4206804687,627187.125,653293.8925898203,6.567678897644122,43.52281001735357,7.0
k025,IAEA high,large_then_smr_2049,534320.5152257812,651743.2734375,667562.6226921157,15.722484326421851,57.31102889662499,39.0
k025,IAEA high,smr_then_large_2049,487445.92725703126,625761.4921875,652261.2071793912,5.57044333801059,44.671977014201026,4.0
k025,IAEA high,large_then_smr_2050,532982.7360953125,651875.93203125,668003.6487025948,15.432749756914506,58.48885197305601,35.0
k025,IAEA high,smr_then_large_2050,481207.40274921875,622902.5109374999,650749.4713697605,4.219311322669068,46.06684248272591,2.0
k025,McKinsey GEP 2025,pure_large,666627.9791140625,822214.7203124999,843231.0390157186,15.602650163551335,59.83636231354372,29.0
k025,McKinsey GEP 2025,pure_smr,591008.86575,784328.2874999999,822815.7541167665,2.4892343127475405,51.28083168696252,1.0
k025,McKinsey GEP 2025,const_0.1,675456.629728125,825680.69765625,845992.4182884231,17.133662122740432,57.57401902232823,40.0
k025,McKinsey GEP 2025,const_0.2,676460.54953125,822786.2265625,842986.139127994,17.30775591032366,53.58359128757077,43.0
k025,McKinsey GEP 2025,const_0.3,674251.9565796875,817761.0078125,839972.3948353294,16.924754886765545,48.68955718907408,36.0
k025,McKinsey GEP 2025,const_0.4,668889.4302078125,812788.53125,836794.4966941117,15.994817531023966,42.90119708750256,31.0
k025,McKinsey GEP 2025,const_0.5,661699.82284375,808307.69609375,834445.4868076347,14.748038681408955,36.755384589081885,26.0
k025,McKinsey GEP 2025,const_0.6,652211.590915625,804789.22734375,832176.2536177645,13.102646062702208,33.683468696608145,21.0
k025,McKinsey GEP 2025,const_0.7,640561.6609703125,799952.66640625,830178.8400386727,11.082384660401534,38.52897666980885,15.0
k025,McKinsey GEP 2025,const_0.8,626954.5690546875,796657.00078125,828552.6984156687,8.722723896453706,43.09340216304394,10.0
k025,McKinsey GEP 2025,const_0.9,610492.0545203125,790937.3976562499,826268.1336389721,5.867892764014691,47.27798588127807,5.0
k025,McKinsey GEP 2025,large_then_smr_2032,601173.3934140624,786099.2085937496,823392.993856038,4.251906106373686,48.87637017184987,2.0
k025,McKinsey GEP 2025,smr_then_large_2032,674970.3627765625,827056.08359375,847484.7705214571,17.049336606787314,59.310603463360486,39.0
k025,McKinsey GEP 2025,large_then_smr_2033,610248.10890625,788435.0187499995,824189.6636102794,5.825589169858803,46.50981588175764,4.0
k025,McKinsey GEP 2025,smr_then_large_2033,678397.4905125,828178.39140625,848182.1630489022,17.64364866859113,57.856738097284,47.0
k025,McKinsey GEP 2025,large_then_smr_2034,618474.7294875,791514.8242187498,825122.05501497,7.252200669643742,44.21444805454866,7.0
k025,McKinsey GEP 2025,smr_then_large_2034,679235.507209375,827550.98203125,846975.3803018962,17.78897252848792,55.55186230348484,49.0
k025,McKinsey GEP 2025,large_then_smr_2035,625516.4203765625,793086.578125,825745.5518026447,8.473328725939853,41.85377900339456,9.0
k025,McKinsey GEP 2025,smr_then_large_2035,678958.30086875,825515.8890625,845530.607378992,17.74090105740899,53.48982306533654,48.0
k025,McKinsey GEP 2025,large_then_smr_2036,631546.7819625,794397.2257812499,826078.8388847306,9.519078083333042,39.59339203930307,12.0
k025,McKinsey GEP 2025,smr_then_large_2036,677504.2458546875,822628.51796875,843507.3817677146,17.48874750493941,51.25058719477682,46.0
k025,McKinsey GEP 2025,large_then_smr_2037,636822.4853953125,795653.1187499999,826477.2039670659,10.433959122560646,37.434774729574855,14.0
k025,McKinsey GEP 2025,smr_then_large_2037,675947.88110625,819962.44296875,842218.1174214071,17.218852008234318,48.76614387350598,42.0
k025,McKinsey GEP 2025,large_then_smr_2038,641665.8032546875,797310.4039062499,827105.5668038923,11.273858433226103,35.377794304086535,16.0
k025,McKinsey GEP 2025,smr_then_large_2038,673740.3602609375,817327.9742187499,840569.208863523,16.836036902950923,46.569193932443675,35.0
k025,McKinsey GEP 2025,large_then_smr_2039,646166.9123984375,798995.6765624997,827887.682010978,12.054413948439276,33.42234508865829,18.0
k025,McKinsey GEP 2025,smr_then_large_2039,671729.1358296875,816566.45,839726.4172280439,16.487262351610948,44.26696812192328,33.0
k025,McKinsey GEP 2025,large_then_smr_2040,650649.4484828125,801057.39140625,829091.1382235528,12.831748634415353,31.678260490452587,20.0
k025,McKinsey GEP 2025,smr_then_large_2040,668584.5901828125,813783.0937499999,837814.6270895709,15.94195399113361,42.00276062979185,30.0
k025,McKinsey GEP 2025,large_then_smr_2041,655290.9937375,802666.8453125,830376.5293475549,13.636657742804461,33.78478313911985,23.0
k025,McKinsey GEP 2025,smr_then_large_2041,666333.0867640625,812230.1546875,837226.8018026447,15.55151169015833,39.87890199644405,28.0
k025,McKinsey GEP 2025,large_then_smr_2042,660909.54019375,805887.3375,831969.041385978,14.610992575363888,37.7084058250654,25.0
k025,McKinsey GEP 2025,smr_then_large_2042,660859.09930625,809395.67265625,835468.2184069362,14.602245417347284,35.79796297186655,24.0
k025,McKinsey GEP 2025,large_then_smr_2043,665558.2078765625,808785.4203125,833817.9064059381,15.417136812779445,41.35960589460254,27.0
k025,McKinsey GEP 2025,smr_then_large_2043,654921.7690828125,806675.3992187498,834008.1459268962,13.572629004250278,33.015597041716454,22.0
k025,McKinsey GEP 2025,large_then_smr_2044,669234.8653515625,812518.15,835543.4146082834,16.054720834407956,44.748159564162556,32.0
k025,McKinsey GEP 2025,smr_then_large_2044,648443.1093234374,803923.5546875,832767.428362026,12.449138450062845,35.814884388610835,19.0
k025,McKinsey GEP 2025,large_then_smr_2045,672193.9438578126,815325.4578124998,837623.0419161677,16.567866588984774,47.881721437797104,34.0
k025,McKinsey GEP 2025,smr_then_large_2045,641862.5127796875,802275.840625,831789.690993014,11.307970626405625,38.45102976901095,17.0
k025,McKinsey GEP 2025,large_then_smr_2046,674348.477840625,818423.24609375,839786.2372754491,16.941493028444405,50.765157946967,37.0
k025,McKinsey GEP 2025,smr_then_large_2046,635103.930390625,800810.96875,831007.2478480539,10.135937558482674,40.93454911860688,13.0
k025,McKinsey GEP 2025,large_then_smr_2047,675782.0264390626,821772.2265625,842094.0305326846,17.19009048056134,53.399685699537436,41.0
k025,McKinsey GEP 2025,smr_then_large_2047,627902.2859625,798779.2078125,830111.6150199601,8.887071312974587,43.12638334552776,11.0
k025,McKinsey GEP 2025,large_then_smr_2048,676476.11476875,823797.7390624998,844450.4229977545,17.31045514102174,55.607956325813134,44.0
k025,McKinsey GEP 2025,smr_then_large_2048,620552.5922828125,795873.8820312499,829135.4723677645,7.612531248827652,45.20054801841276,8.0
k025,McKinsey GEP 2025,large_then_smr_2049,676639.6549421875,826372.83828125,846702.6990082335,17.338815302986003,57.6467011812952,45.0
k025,McKinsey GEP 2025,smr_then_large_2049,613060.05276875,793054.35703125,828137.2265780938,6.3132197116313575,47.161730735495276,6.0
k025,McKinsey GEP 2025,large_then_smr_2050,674855.4518125,827030.4664062499,847766.8572542415,17.029409432419197,59.493322249066516,38.0
k025,McKinsey GEP 2025,smr_then_large_2050,602932.2733578125,788437.8632812499,825635.8648328343,4.556920580994511,49.16141678835622,3.0
k025,COP28 tripling pledge,pure_large,1221229.658178125,1523694.0328125,1564455.5736651698,18.590988596666236,71.33553410582022,30.0
k025,COP28 tripling pledge,pure_smr,1050045.203434375,1420793.7046874997,1506407.6011726547,1.9676339438417567,51.8691636557331,1.0
k025,COP28 tripling pledge,const_0.1,1235353.000975,1524997.9140625,1566801.3278443115,19.962476075171868,67.39570469090256,41.0
k025,COP28 tripling pledge,const_0.2,1234268.334959375,1514642.8296875,1558720.9221556885,19.85714648853042,61.42027621067964,39.0
k025,COP28 tripling pledge,const_0.3,1227103.8855625,1504393.6953125,1550592.4928268462,19.161422198642377,55.1358930308796,34.0
k025,COP28 tripling pledge,const_0.4,1213984.60525,1493758.825,1542101.742452595,17.887437071015196,48.09293062480722,29.0
k025,COP28 tripling pledge,const_0.5,1197609.851334375,1483493.028125,1536085.925960579,16.297319895366115,40.97108022767102,24.0
k025,COP28 tripling pledge,const_0.6,1176877.6176875,1471110.0515625,1530508.8175523952,14.284057223979728,34.464939129922875,21.0
k025,COP28 tripling pledge,const_0.7,1152981.218771875,1462086.5125,1526608.282747006,11.963529260769283,39.34452978013214,17.0
k025,COP28 tripling pledge,const_0.8,1125199.84155,1454733.409375,1522988.7062125748,9.265739400151178,43.75556594179604,9.0
k025,COP28 tripling pledge,const_0.9,1091638.542521875,1440454.5593749997,1516878.4658183632,6.006673749656505,47.7564397800188,4.0
k025,COP28 tripling pledge,large_then_smr_2032,1074841.71868125,1430345.2671875,1511070.2848053891,4.375570270303212,49.209582915918986,2.0
k025,COP28 tripling pledge,smr_then_large_2032,1240093.33769375,1533850.1749999998,1575100.0519585828,20.422799990492017,70.93974070981741,46.0
k025,COP28 tripling pledge,large_then_smr_2033,1096167.5750875,1440974.8,1515368.3297779441,6.446478372601244,46.66902605614429,5.0
k025,COP28 tripling pledge,smr_then_large_2033,1243900.5609375,1531796.4593749999,1573693.3788672655,20.79251126081777,68.45757904976733,49.0
k025,COP28 tripling pledge,large_then_smr_2034,1112913.384059375,1447605.6437499996,1517290.4946981038,8.072627907643016,44.6204964734547,7.0
k025,COP28 tripling pledge,smr_then_large_2034,1243155.989678125,1527739.775,1569886.5527070859,20.720207545346533,65.02345698054978,48.0
k025,COP28 tripling pledge,large_then_smr_2035,1126483.736015625,1449411.7828125,1517898.8183008982,9.390415633579213,42.41817233055915,10.0
k025,COP28 tripling pledge,smr_then_large_2035,1239016.435475,1519389.1828125,1563592.3188622755,20.31822432948651,61.73473874622308,43.0
k025,COP28 tripling pledge,large_then_smr_2036,1135842.03354375,1451073.0999999999,1516986.3463697606,10.299179802554388,40.22227854822154,12.0
k025,COP28 tripling pledge,smr_then_large_2036,1234365.96108125,1513647.1765624997,1559458.0245758484,19.8666267515002,58.559973541302334,40.0
k025,COP28 tripling pledge,large_then_smr_2037,1141077.050203125,1453253.025,1517499.7715818363,10.807541024211476,39.30944046482706,13.0
k025,COP28 tripling pledge,smr_then_large_2037,1232009.484925,1511677.28125,1557268.876247505,19.63779441427129,57.01714220045174,38.0
k025,COP28 tripling pledge,large_then_smr_2038,1146455.41311875,1454766.9437499999,1518443.5285678643,11.329822292869125,38.45977407361505,14.0
k025,COP28 tripling pledge,smr_then_large_2038,1230286.788725,1509054.05625,1555638.2351546907,19.470507087074783,55.83652618124169,37.0
k025,COP28 tripling pledge,large_then_smr_2039,1152186.431621875,1456998.5,1519837.910990519,11.886349188035839,37.6787447258667,16.0
k025,COP28 tripling pledge,smr_then_large_2039,1227875.25431875,1506732.8812499999,1553340.7730788423,19.236328161467373,54.718113810316986,35.0
k025,COP28 tripling pledge,large_then_smr_2040,1159425.299221875,1460506.8781249998,1522861.445733533,12.589300069760302,36.97953784707717,18.0
k025,COP28 tripling pledge,smr_then_large_2040,1225159.07468125,1504200.6874999998,1550907.4446731538,18.972565791907986,53.28693829125442,33.0
k025,COP28 tripling pledge,large_then_smr_2041,1168544.446871875,1465361.653125,1526243.920970559,13.474840907824953,36.400392688492616,20.0
k025,COP28 tripling pledge,smr_then_large_2041,1223473.3264125,1503806.8828125,1550237.013473054,18.808866398941703,52.2575161625957,32.0
k025,COP28 tripling pledge,large_then_smr_2042,1185971.5994125,1473902.728125,1529995.9268962075,15.167154253130377,37.630682408492156,23.0
k025,COP28 tripling pledge,smr_then_large_2042,1211746.90566875,1494875.296875,1544356.818051397,17.67013887182253,46.64479461251279,27.0
k025,COP28 tripling pledge,large_then_smr_2043,1200379.070840625,1481656.8187499999,1534242.8264096805,16.56623285263681,42.73698954632942,26.0
k025,COP28 tripling pledge,smr_then_large_2043,1198177.968896875,1485805.103125,1539304.7863647705,16.35248857140082,41.092176753421185,25.0
k025,COP28 tripling pledge,large_then_smr_2044,1212256.95625625,1489499.4140625,1538892.3961452097,17.719668788657483,47.80491784038364,28.0
k025,COP28 tripling pledge,smr_then_large_2044,1183399.998434375,1477959.665625,1535082.1404066866,14.917431606591508,35.65716257203719,22.0
k025,COP28 tripling pledge,large_then_smr_2045,1222052.401490625,1498894.1265625,1544668.574725549,18.670883432283173,52.557200096951235,31.0
k025,COP28 tripling pledge,smr_then_large_2045,1167774.688034375,1469258.6468749996,1531720.9741142713,13.400091280751264,37.424218977194364,19.0
k025,COP28 tripling pledge,large_then_smr_2046,1229789.5550125,1506615.065625,1551010.2840568863,19.42222178943721,56.96551723876619,36.0
k025,COP28 tripling pledge,smr_then_large_2046,1151526.874715625,1464385.6187499997,1529123.962013473,11.822301033764319,40.40267155594535,15.0
k025,COP28 tripling pledge,large_then_smr_2047,1235554.65564375,1514388.6171875,1557783.4120508982,19.982058326849142,61.03138354139169,42.0
k025,COP28 tripling pledge,smr_then_large_2047,1134759.7550875,1457941.5156249998,1526693.575973054,10.194082066674772,43.166194112574274,11.0
k025,COP28 tripling pledge,large_then_smr_2048,1239324.3768625,1522494.6671875,1564577.6846931137,20.348127856090944,64.74893915289883,45.0
k025,COP28 tripling pledge,smr_then_large_2048,1117294.27554375,1453766.25,1523928.9610154692,8.498046868431938,45.5585977714055,8.0
k025,COP28 tripling pledge,large_then_smr_2049,1241366.386253125,1529717.3031249999,1570940.3148078842,20.546423001263854,68.21784707538474,47.0
k025,COP28 tripling pledge,smr_then_large_2049,1098383.0324375,1445545.434375,1519761.076721557,6.661616676499142,47.50311574101185,6.0
k025,COP28 tripling pledge,large_then_smr_2050,1239238.929690625,1534020.0625,1575066.190993014,20.339830264792216,71.27282974517429,44.0
k025,COP28 tripling pledge,smr_then_large_2050,1077119.811234375,1434064.9484374998,1515039.7026571857,4.5967909442203805,49.789996545817,3.0
k025,2025 EO,pure_large,1827879.0023875,2303505.059375,2368238.1032934133,20.851358812512853,73.68059105738007,35.0
k025,2025 EO,pure_smr,1538268.161990625,2108608.4343749997,2239135.368512974,1.70355770364254,50.030565807627205,1.0
k025,2025 EO,const_0.1,1847641.72525,2304763.89375,2368326.318862275,22.157983544592312,69.65198640277225,42.0
k025,2025 EO,const_0.2,1841122.985890625,2281830.25,2349134.7256736527,21.726993031382147,63.65882419568987,39.0
k025,2025 EO,const_0.3,1826782.632953125,2259937.91875,2332312.550523952,20.778871664440327,57.154807231659674,34.0
k025,2025 EO,const_0.4,1803801.97316875,2235023.7906249994,2317017.5351796406,19.259491028346652,50.28190641416115,29.0
k025,2025 EO,const_0.5,1775267.1874375,2217376.140625,2304523.037799401,17.372895895659415,43.04474983679666,25.0
k025,2025 EO,const_0.6,1741000.223775,2197271.4,2293156.3161177645,15.107314248524645,35.648308327208085,21.0
k025,2025 EO,const_0.7,1703657.432615625,2183257.29375,2285425.809505988,12.638372350528247,38.90033127201569,15.0
k025,2025 EO,const_0.8,1658879.55493125,2163516.4031249997,2275528.140843313,9.677855075681837,43.100632000932194,11.0
k025,2025 EO,const_0.9,1605595.956678125,2140831.39375,2261931.145708583,6.154976787294411,46.828982884745905,5.0
k025,2025 EO,large_then_smr_2032,1578113.2732875,2125507.8156249993,2251579.8153692614,4.337942056202834,47.923973302163496,3.0
k025,2025 EO,smr_then_large_2032,1857245.884628125,2322516.375,2384610.42502495,22.792968524222978,73.44949216201691,47.0
k025,2025 EO,large_then_smr_2033,1610517.12468125,2140555.603125,2261106.0462824353,6.480342875173042,45.72611644375141,6.0
k025,2025 EO,smr_then_large_2033,1861321.3732125,2319018.628125,2380348.0834580837,23.062421990564722,70.94389187240508,49.0
k025,2025 EO,large_then_smr_2034,1636352.328453125,2149270.93125,2266421.8534181635,8.188453465070477,43.464090241097026,8.0
k025,2025 EO,smr_then_large_2034,1858779.904359375,2309148.83125,2371858.9348802394,22.894391194281894,68.01690572640968,48.0
k025,2025 EO,large_then_smr_2035,1658534.060009375,2158993.671875,2270424.390843313,9.655012463716341,41.31794819646512,10.0
k025,2025 EO,smr_then_large_2035,1852515.307890625,2296366.73125,2361816.6749001998,22.480203496588757,65.06809109429413,45.0
k025,2025 EO,large_then_smr_2036,1677919.378834375,2165530.0937499995,2273594.041292415,10.936684892774851,39.284582875579794,12.0
k025,2025 EO,smr_then_large_2036,1844437.010659375,2284765.2125,2351962.7541167666,21.94610184324477,62.04801208515478,40.0
k025,2025 EO,large_then_smr_2037,1695168.63445625,2172177.0999999996,2276293.906561876,12.077130172623876,37.36158105820553,14.0
k025,2025 EO,smr_then_large_2037,1835190.1320625,2272544.775,2342909.6412175647,21.33473870501349,59.02930497519041,37.0
k025,2025 EO,large_then_smr_2038,1711005.425303125,2177832.2312499997,2279160.799026946,13.124189464061963,35.41544703727222,17.0
k025,2025 EO,smr_then_large_2038,1825365.959878125,2260955.753125,2334626.9846556885,20.685207441653574,56.21669265845708,33.0
k025,2025 EO,large_then_smr_2039,1725901.917003125,2183310.85,2282693.383732535,14.109080291700385,33.5866930403293,18.0
k025,2025 EO,smr_then_large_2039,1815294.75958125,2250738.85,2327632.3186127744,20.019343760764094,53.44776210732264,31.0
k025,2025 EO,large_then_smr_2040,1740849.247734375,2190435.06875,2287127.168537924,15.097332373557085,36.68453435255473,20.0
k025,2025 EO,smr_then_large_2040,1806358.88255,2242626.384375,2323247.374500998,19.428542684764235,50.66207124578529,30.0
k025,2025 EO,large_then_smr_2041,1762246.50781875,2204300.51875,2296685.7314121756,16.51202555219959,40.381129076248534,23.0
k025,2025 EO,smr_then_large_2041,1795976.667703125,2235470.771875,2316627.8375748503,18.742116083173297,48.03710746349634,27.0
k025,2025 EO,large_then_smr_2042,1782848.2816875,2216754.125,2303602.4665668663,17.874124664194717,45.268247160211224,26.0
k025,2025 EO,smr_then_large_2042,1774080.221146875,2219782.440625,2307566.5819610776,17.29441888000394,42.87269632490172,24.0
k025,2025 EO,large_then_smr_2043,1800512.7564125,2230198.978125,2311163.15993014,19.042022413683164,49.79398551390371,28.0
k025,2025 EO,smr_then_large_2043,1751184.374165625,2206406.9656249997,2299512.5430389224,15.780645695218018,37.791396656507715,22.0
k025,2025 EO,large_then_smr_2044,1815539.905109375,2244214.825,2319932.734281437,20.03555171005506,53.975918496335765,32.0
k025,2025 EO,smr_then_large_2044,1727709.370275,2197372.4375,2292484.0858283434,14.228581190617057,37.08382932643978,19.0
k025,2025 EO,large_then_smr_2045,1828155.42090625,2258580.7781249997,2329805.109780439,20.86963439505866,57.83569484177781,36.0
k025,2025 EO,smr_then_large_2045,1703872.939153125,2184968.865625,2286236.3201097804,12.652620699492177,39.516351191624736,16.0
k025,2025 EO,large_then_smr_2046,1838405.74409375,2273156.2312499997,2340840.3446856285,21.547340897435873,61.57290108683251,38.0
k025,2025 EO,smr_then_large_2046,1679821.377353125,2174446.396875,2280578.911551896,11.062436709580062,41.739422895716935,13.0
k025,2025 EO,large_then_smr_2047,1846255.7303375,2287794.65,2352490.2125748503,22.066347627628407,64.99691349402538,41.0
k025,2025 EO,smr_then_large_2047,1655462.474159375,2163545.953125,2275069.463448104,9.451932651979932,43.78407332698449,9.0
k025,2025 EO,large_then_smr_2048,1851552.0071375,2300777.453125,2363876.657310379,22.416514267264375,68.09950480053288,43.0
k025,2025 EO,smr_then_large_2048,1630659.795921875,2151791.18125,2269404.1989770457,7.8120881309387205,45.667806596587845,7.0
k025,2025 EO,large_then_smr_2049,1854446.192025,2312404.55,2374433.871506986,22.60786510386361,71.0059248555827,46.0
k025,2025 EO,smr_then_large_2049,1605111.10225,2141430.546875,2263136.900324351,6.122920334767391,47.2788707729352,4.0
k025,2025 EO,large_then_smr_2050,1851969.344303125,2320050.9,2381353.9381237524,22.444106773925306,73.53027718873703,44.0
k025,2025 EO,smr_then_large_2050,1575526.546375,2126870.9968749997,2254008.0773453093,4.166918995133582,48.841356495363286,2.0
k000,EIA 2026 AEO high,pure_large,157554.68273984376,190191.933984375,195073.44571793912,9.088900676246862,44.283866229375036,21.0
k000,EIA 2026 AEO high,pure_smr,151344.85581367186,188394.13261718748,194525.395030252,4.789293828734644,48.11423799637329,1.0
k000,EIA 2026 AEO high,const_0.1,159196.70071191408,190503.183203125,195131.79230601297,10.225813475973451,42.05422686058146,31.0
k000,EIA 2026 AEO high,const_0.2,160138.29080214843,190173.51621093747,194851.20757703343,10.877758731075287,39.97924956063158,43.0
k000,EIA 2026 AEO high,const_0.3,160402.25338652343,189476.7587890625,194417.1567334082,11.060523137999814,35.98553924331141,44.0
k000,EIA 2026 AEO high,const_0.4,160092.20861347657,188423.18457031247,193855.2215334955,10.845851997390506,32.277663275138,42.0
k000,EIA 2026 AEO high,const_0.5,159327.6278515625,187897.424609375,193290.9299447979,10.316465797342518,27.386399618067855,34.0
k000,EIA 2026 AEO high,const_0.6,158310.6074701172,187299.60722656248,192891.73667508733,9.612293547759805,29.825751275158908,28.0
k000,EIA 2026 AEO high,const_0.7,156944.54189042968,187064.8501953125,192662.78385416666,8.666446748741858,34.4649939781698,20.0
k000,EIA 2026 AEO high,const_0.8,155240.97767714845,187118.4611328125,192699.58771519462,7.486920097889417,39.0579116267047,18.0
k000,EIA 2026 AEO high,const_0.9,153454.99691289064,187533.60683593748,193440.48527164423,6.250329253277616,43.60694921429738,8.0
k000,EIA 2026 AEO high,large_then_smr_2032,151344.85581367186,188394.13261718748,194525.395030252,4.789293828734644,48.11423799637329,2.0
k000,EIA 2026 AEO high,smr_then_large_2032,157554.68273984376,190191.933984375,195073.44571793912,9.088900676246862,44.283866229375036,22.0
k000,EIA 2026 AEO high,large_then_smr_2033,151344.85581367186,188394.13261718748,194525.395030252,4.789293828734644,48.11423799637329,3.0
k000,EIA 2026 AEO high,smr_then_large_2033,157554.68273984376,190191.933984375,195073.44571793912,9.088900676246862,44.283866229375036,23.0
k000,EIA 2026 AEO high,large_then_smr_2034,151344.85581367186,188394.13261718748,194525.395030252,4.789293828734644,48.11423799637329,4.0
k000,EIA 2026 AEO high,smr_then_large_2034,157554.68273984376,190191.933984375,195073.44571793912,9.088900676246862,44.283866229375036,24.0
k000,EIA 2026 AEO high,large_then_smr_2035,151344.85581367186,188394.13261718748,194525.395030252,4.789293828734644,48.11423799637329,5.0
k000,EIA 2026 AEO high,smr_then_large_2035,157554.68273984376,190191.933984375,195073.44571793912,9.088900676246862,44.283866229375036,25.0
k000,EIA 2026 AEO high,large_then_smr_2036,151344.85581367186,188394.13261718748,194525.395030252,4.789293828734644,48.11423799637329,6.0
k000,EIA 2026 AEO high,smr_then_large_2036,157554.68273984376,190191.933984375,195073.44571793912,9.088900676246862,44.283866229375036,26.0
k000,EIA 2026 AEO high,large_then_smr_2037,155471.8367265625,187293.4591796875,192896.64453125,7.6467640293663885,39.47852624440015,19.0
k000,EIA 2026 AEO high,smr_then_large_2037,161699.6779984375,191819.15527343747,196391.13223552893,11.958843785553752,41.93502260725506,48.0
k000,EIA 2026 AEO high,large_then_smr_2038,158550.63968320313,187632.34257812498,193121.36472367763,9.778488863551646,31.158640581945345,29.0
k000,EIA 2026 AEO high,smr_then_large_2038,162189.44604492188,190697.9283203125,195928.60540637476,12.297953083025757,35.58610465256607,49.0
k000,EIA 2026 AEO high,large_then_smr_2039,160561.18582050782,188643.39394531248,194164.36545658682,11.170565976483923,31.415838214791794,45.0
k000,EIA 2026 AEO high,smr_then_large_2039,160673.05397734375,189356.0822265625,194812.42709892715,11.248022095449686,28.454978091793464,46.0
k000,EIA 2026 AEO high,large_then_smr_2040,161051.42943066405,190306.6923828125,195016.47124500998,11.510004548321277,37.742854003953774,47.0
k000,EIA 2026 AEO high,smr_then_large_2040,158024.31999921874,188411.34160156248,193886.88966598053,9.414071667365032,35.886906473190535,27.0
k000,EIA 2026 AEO high,large_then_smr_2041,159512.664003125,190551.0076171875,195172.14936533183,10.444582524870363,41.69067741829405,41.0
k000,EIA 2026 AEO high,smr_then_large_2041,154634.0403359375,188195.68789062498,193849.29777164423,7.066684239578609,42.76689649681267,17.0
k000,EIA 2026 AEO high,large_then_smr_2042,159473.3945236328,190520.93535156248,195177.92482223053,10.417392826199174,41.797608020452074,40.0
k000,EIA 2026 AEO high,smr_then_large_2042,154545.4647375,188212.4869140625,193859.46185753492,7.005355598041228,42.921929101180844,16.0
k000,EIA 2026 AEO high,large_then_smr_2043,159438.31225585938,190517.2669921875,195186.23793818612,10.393102300788684,41.90155811058111,39.0
k000,EIA 2026 AEO high,smr_then_large_2043,154461.38375527345,188169.07011718748,193869.5252073977,6.947138972807561,43.068896472454234,15.0
k000,EIA 2026 AEO high,large_then_smr_2044,159407.19281152345,190475.5595703125,195196.2362462575,10.371555584986725,42.002792743289895,38.0
k000,EIA 2026 AEO high,smr_then_large_2044,154381.5684046875,188150.18789062498,193879.5773531063,6.891875817812123,43.208209715740296,14.0
k000,EIA 2026 AEO high,large_then_smr_2045,159379.8291595703,190449.84042968747,195208.1212262974,10.352609333068697,42.10154992679855,37.0
k000,EIA 2026 AEO high,smr_then_large_2045,154305.80195898438,188130.10839843747,193889.24653817364,6.839416074146184,43.340261003674414,13.0
k000,EIA 2026 AEO high,large_then_smr_2046,159356.02867871095,190471.8697265625,195221.5788579092,10.336130176452308,42.198089306438085,36.0
k000,EIA 2026 AEO high,smr_then_large_2046,154233.87950273437,188118.8626953125,193898.499251497,6.789617860917555,43.465447918169716,12.0
k000,EIA 2026 AEO high,large_then_smr_2047,159335.67407695312,190462.3173828125,195236.48666729042,10.322036903622525,42.29263536723427,35.0
k000,EIA 2026 AEO high,smr_then_large_2047,154165.61331699218,188117.4943359375,193907.73329123005,6.742351203865714,43.584049037029274,11.0
k000,EIA 2026 AEO high,large_then_smr_2048,159318.64563984374,190480.33085937498,195252.97310067364,10.310246625782524,42.3854423452404,33.0
k000,EIA 2026 AEO high,smr_then_large_2048,154100.82371679688,188128.508984375,193917.25006237524,6.697491691360899,43.69639973547232,10.0
k000,EIA 2026 AEO high,large_then_smr_2049,159304.79123984376,190522.2501953125,195271.28040793413,10.300654011718333,42.47674824867658,32.0
k000,EIA 2026 AEO high,smr_then_large_2049,154039.33352089845,188161.3283203125,193926.40779378742,6.6549166453116255,43.80287595830106,9.0
k000,EIA 2026 AEO high,large_then_smr_2050,158927.4953828125,190592.098046875,195401.01787050898,10.039419057875653,43.5557395820316,30.0
k000,EIA 2026 AEO high,smr_then_large_2050,153105.14785117187,188198.7890625,194098.29692178144,6.008098118779805,45.382103772891845,7.0
k000,Abou-Jaoude mod,pure_large,215570.86079570313,262550.989453125,269476.386882485,11.706024108768895,50.996929215618245,23.0
k000,Abou-Jaoude mod,pure_smr,200438.02989335937,255486.24589843748,264725.91440556385,3.8643874080964618,49.96814376178624,1.0
k000,Abou-Jaoude mod,const_0.1,218245.04758046876,262991.887890625,269934.5456119012,13.091753016413238,48.81131348317572,34.0
k000,Abou-Jaoude mod,const_0.2,219157.31442695312,262117.78203125,269170.7831134606,13.564477864154092,45.29051194956885,39.0
k000,Abou-Jaoude mod,const_0.3,219185.38837734374,260631.7046875,268146.8127339072,13.579025421127184,41.34770780507523,41.0
k000,Abou-Jaoude mod,const_0.4,218373.6207625,259423.31328124998,266983.0161006113,13.158377971746765,36.44103327726475,36.0
k000,Abou-Jaoude mod,const_0.5,216828.55203046874,258067.569921875,265779.56508077594,12.357743394360376,31.268251492040065,27.0
k000,Abou-Jaoude mod,const_0.6,214623.55455664062,256490.874609375,264805.5231802021,11.215142302255222,32.38934103475767,21.0
k000,Abou-Jaoude mod,const_0.7,211894.20764765624,255609.659375,264176.25700162177,9.800830133667919,36.8388146928355,17.0
k000,Abou-Jaoude mod,const_0.8,208473.52651796874,255316.10390625,263860.26835391717,8.028277538521907,41.19786876251572,12.0
k000,Abou-Jaoude mod,const_0.9,204687.72736835937,255481.333203125,264143.3751091567,6.066525521035642,45.625149441699634,7.0
k000,Abou-Jaoude mod,large_then_smr_2032,201018.80536132812,255087.46640625,264252.75775792164,4.165337722936007,48.943473441672886,2.0
k000,Abou-Jaoude mod,smr_then_large_2032,216415.9314203125,262980.60429687495,269845.42726266215,12.143928745869593,50.546632783226634,25.0
k000,Abou-Jaoude mod,large_then_smr_2033,201629.14128515625,254943.2296875,263893.49528287177,4.4816058826025635,47.97867396520459,3.0
k000,Abou-Jaoude mod,smr_then_large_2033,217004.20695429688,263105.5578125,269933.3271893713,12.448765497642528,50.03659100561129,29.0
k000,Abou-Jaoude mod,large_then_smr_2034,202182.40500195313,254648.02890625,263535.61470028694,4.7682999648124476,47.07164019757201,4.0
k000,Abou-Jaoude mod,smr_then_large_2034,217453.26648320313,263056.02207031247,269904.9346307385,12.681462321216532,49.48711438534625,30.0
k000,Abou-Jaoude mod,large_then_smr_2035,202749.42553007812,254426.7349609375,263242.0683008982,5.0621226482266275,46.220096973846566,5.0
k000,Abou-Jaoude mod,smr_then_large_2035,217833.5342515625,262900.63671875,269848.36512911675,12.878512146704757,49.38591812605925,32.0
k000,Abou-Jaoude mod,large_then_smr_2036,203370.59844296874,254308.92402343746,263071.3915996133,5.384006395069547,45.421777225772054,6.0
k000,Abou-Jaoude mod,smr_then_large_2036,218076.15873828126,262806.23398437497,269701.5187593563,13.004237008881134,48.797261708323326,33.0
k000,Abou-Jaoude mod,large_then_smr_2037,204823.71511757813,253816.65214843745,262598.0248409431,6.136992608918744,43.32243558548719,8.0
k000,Abou-Jaoude mod,smr_then_large_2037,219175.77621054687,263167.29960937495,270057.9020864521,13.574044520962914,48.01154038241552,40.0
k000,Abou-Jaoude mod,large_then_smr_2038,206184.70929140624,253533.1900390625,262252.5466021083,6.842242137692574,41.324522983819215,10.0
k000,Abou-Jaoude mod,smr_then_large_2038,219663.44876367188,263089.08203125,269962.08599207836,13.826750112875882,46.14147221288555,45.0
k000,Abou-Jaoude mod,large_then_smr_2039,207508.87440039063,253370.51953124997,262148.44415855786,7.5284073227376,39.42608407439713,11.0
k000,Abou-Jaoude mod,smr_then_large_2039,219724.39792734376,262375.769921875,269420.05461732787,13.858333178979569,44.63909822449737,46.0
k000,Abou-Jaoude mod,large_then_smr_2040,208761.51219453124,253346.87890625,262184.918218251,8.177507980940367,37.62507039911799,13.0
k000,Abou-Jaoude mod,smr_then_large_2040,219853.786503125,261909.42070312498,269129.0238429391,13.925380660778686,43.166959234808424,47.0
k000,Abou-Jaoude mod,large_then_smr_2041,209976.20525390626,253686.71328125,262319.5898125624,8.806946169731061,35.91859144595512,15.0
k000,Abou-Jaoude mod,smr_then_large_2041,219922.980221875,261438.1763671875,268973.8229166667,13.96123594839192,41.623885298716836,48.0
k000,Abou-Jaoude mod,large_then_smr_2042,211645.20621914061,254332.520703125,262741.789561502,9.67180082296138,33.48810602765577,16.0
k000,Abou-Jaoude mod,smr_then_large_2042,219459.41027929686,260609.48242187497,268126.8607394586,13.721020016653318,39.42566911993951,43.0
k000,Abou-Jaoude mod,large_then_smr_2043,213121.01922539063,254885.676953125,263270.4196138972,10.43654798149517,31.190250174849513,19.0
k000,Abou-Jaoude mod,smr_then_large_2043,219116.13844179688,260021.56249999994,267826.2345777196,13.54314100269894,36.974510872978755,38.0
k000,Abou-Jaoude mod,large_then_smr_2044,214533.4033796875,255923.9015625,264014.14007141965,11.168427131619502,29.046427440876776,20.0
k000,Abou-Jaoude mod,smr_then_large_2044,218380.75865039064,259398.71289062497,267086.66285397956,13.162076732673233,34.27342049577831,37.0
k000,Abou-Jaoude mod,large_then_smr_2045,215714.5049671875,256813.41093749998,264654.40959487273,11.780458655366195,31.175832025573573,24.0
k000,Abou-Jaoude mod,smr_then_large_2045,217553.48053085938,258856.40312499998,266502.5345870759,12.733391940935105,31.96889905746515,31.0
k000,Abou-Jaoude mod,large_then_smr_2046,216921.76443046876,257656.4044921875,265593.6909306387,12.4060448510749,33.78144036999355,28.0
k000,Abou-Jaoude mod,smr_then_large_2046,216787.35589335937,258434.5546875,266280.3359063124,12.336396090424483,30.63767860158111,26.0
k000,Abou-Jaoude mod,large_then_smr_2047,218264.71889414062,259373.05898437498,266822.3728246632,13.10194643602093,38.20080047945729,35.0
k000,Abou-Jaoude mod,smr_then_large_2047,214982.9902234375,257496.9306640625,265840.8849800399,11.401397202906262,34.45968241887569,22.0
k000,Abou-Jaoude mod,large_then_smr_2048,219312.28046757812,260960.50664062498,268305.6003617764,13.644779256495344,42.27188627639548,42.0
k000,Abou-Jaoude mod,smr_then_large_2048,212658.04263359375,256929.18359375,265320.6258576597,10.196639516435647,37.94204702469921,18.0
k000,Abou-Jaoude mod,large_then_smr_2049,219956.599015625,262875.641796875,269786.85040855786,13.978656771277182,46.181591224348296,49.0
k000,Abou-Jaoude mod,smr_then_large_2049,209844.49387226562,256250.077734375,264847.41768026445,8.738695040062424,41.12198472514303,14.0
k000,Abou-Jaoude mod,large_then_smr_2050,219567.2660484375,264185.96308593743,270924.05639502243,13.776909477331914,49.90630340259359,44.0
k000,Abou-Jaoude mod,smr_then_large_2050,205822.69914335938,255981.15078124992,264619.8050851422,6.654653174248822,45.11088929779326,9.0
k000,IAEA high,pure_large,525424.5003007812,644438.6539062499,661938.8559443613,13.9569521534593,56.91574530389321,26.0
k000,IAEA high,pure_smr,475574.3188703125,614520.7046875,642282.5295346807,3.1451709425313523,54.58287071220789,1.0
k000,IAEA high,const_0.1,532656.158965625,646125.209375,662827.3427208083,15.525394013304037,54.60567418856968,39.0
k000,IAEA high,const_0.2,534403.8178453125,641788.55703125,660167.6347929141,15.904435872256386,50.42700238036309,45.0
k000,IAEA high,const_0.3,533695.4832414063,638338.54921875,657117.0499001996,15.750808371978467,45.898273996477656,44.0
k000,IAEA high,const_0.4,530266.2308171875,633525.1984374999,653453.31749002,15.007053266906048,40.46856599453935,32.0
k000,IAEA high,const_0.5,525530.7463234375,628993.89921875,650661.1971057884,13.9799953745375,34.812819253292496,27.0
k000,IAEA high,const_0.6,519065.81529453123,625225.1953125,648149.6659181637,12.577845616551828,35.61080198368545,21.0
k000,IAEA high,const_0.7,510959.074321875,623291.16015625,646204.824132984,10.819611098342964,40.81935116992362,16.0
k000,IAEA high,const_0.8,501068.9265578125,621072.6125,644702.005988024,8.674581517699641,45.602113465984985,10.0
k000,IAEA high,const_0.9,489121.27756796876,618154.04296875,643354.5753493014,6.083309767900108,50.242541267965336,4.0
k000,IAEA high,large_then_smr_2032,484443.82039765624,615790.71328125,641789.1187000998,5.068837160223795,51.169296371410944,3.0
k000,IAEA high,smr_then_large_2032,533526.5716867187,648165.95546875,664959.1133358283,15.71417390604726,56.53336262314451,43.0
k000,IAEA high,large_then_smr_2033,492269.796815625,616959.2749999999,641622.6895271956,6.76617791937385,47.922469698080405,6.0
k000,IAEA high,smr_then_large_2033,536924.7574585937,647281.86953125,664970.9356287426,16.451191104888284,54.610296560654305,47.0
k000,IAEA high,large_then_smr_2034,499267.0157015625,617900.275,642064.635884481,8.283773192025958,44.83366782876625,9.0
k000,IAEA high,smr_then_large_2034,537772.3440085937,645161.76328125,663393.0899139221,16.635020332244398,51.94303875904631,49.0
k000,IAEA high,large_then_smr_2035,505105.978078125,619123.50859375,642727.2843063872,9.550159429802987,41.69238644764669,12.0
k000,IAEA high,smr_then_large_2035,536933.3189289062,642258.3218749999,661004.0014346307,16.453047963603865,49.01777532965887,48.0
k000,IAEA high,large_then_smr_2036,510143.9470609375,619747.16796875,643634.7420471557,10.642821819920547,38.703575568603114,14.0
k000,IAEA high,smr_then_large_2036,535422.9050976563,639406.7453124999,658746.7845247006,16.12546111411141,45.80949327516306,46.0
k000,IAEA high,large_then_smr_2037,514168.0075460937,620527.0828125,644324.9912362774,11.515582164950265,35.68830804816313,17.0
k000,IAEA high,smr_then_large_2037,533344.6727664062,636834.6867187499,656606.0149700599,15.674722668910523,42.77050051501303,42.0
k000,IAEA high,large_then_smr_2038,517691.242265625,622229.07421875,645302.052863024,12.279720666541246,32.818811301345086,19.0
k000,IAEA high,smr_then_large_2038,530843.6851976563,634583.6875,654639.8745633733,15.13229474530725,39.74281291122249,33.0
k000,IAEA high,large_then_smr_2039,520872.8483179688,624534.0703125,646635.2275760978,12.96976486598482,32.99060155654018,22.0
k000,IAEA high,smr_then_large_2039,528137.5143445312,631817.30234375,653045.9499438623,14.545365543771892,36.78296980093214,30.0
k000,IAEA high,large_then_smr_2040,523623.180859375,626862.1546875,648127.0663048902,13.566272097085989,35.90748439489735,24.0
k000,IAEA high,smr_then_large_2040,525267.1508234375,629959.63046875,651725.8586576846,13.922825334381072,33.88268886935107,25.0
k000,IAEA high,large_then_smr_2041,525993.62931875,629274.74609375,649612.281749002,14.080387981504401,38.70182015163842,28.0
k000,IAEA high,smr_then_large_2041,522214.47884453123,628375.18359375,650597.4983782435,13.260745065110635,35.016535730928425,23.0
k000,IAEA high,large_then_smr_2042,528050.399090625,631506.1624999999,651284.2766342316,14.526471508919029,41.35640709604376,29.0
k000,IAEA high,smr_then_large_2042,518493.56407265627,626524.9984374999,649417.3143400699,12.453732627771066,37.644211929934905,20.0
k000,IAEA high,large_then_smr_2043,529730.4620148437,633744.6968749999,653098.8285304392,14.890852785696945,43.830189481921806,31.0
k000,IAEA high,smr_then_large_2043,514616.79574609373,625500.0953125,648424.7960329341,11.612917815277115,39.9700512984181,18.0
k000,IAEA high,large_then_smr_2044,531039.3470523438,636506.8859374999,654969.3733158683,15.174730963260762,46.1292434919322,35.0
k000,IAEA high,smr_then_large_2044,510455.15465703123,624145.8843749999,647417.3384792914,10.710318233044692,42.14483669820609,15.0
k000,IAEA high,large_then_smr_2045,532002.0499117187,638135.325,656748.8804266467,15.383527248209397,48.258367717623194,36.0
k000,IAEA high,smr_then_large_2045,506408.28819609375,623653.7546875,646836.800368014,9.832611602698185,44.20966793035634,13.0
k000,IAEA high,large_then_smr_2046,532579.9073914062,640092.7374999999,658482.6695671157,15.508856152983672,50.221161102656005,38.0
k000,IAEA high,smr_then_large_2046,502176.23180703126,622604.5874999999,646227.0413236028,8.91473996336074,46.02313226413607,11.0
k000,IAEA high,large_then_smr_2047,532852.7658421875,642337.0640625,660163.2003493014,15.568035192793474,52.020802375047765,41.0
k000,IAEA high,smr_then_large_2047,498104.51062265626,622087.0203125,645923.1775823353,8.031642704050546,47.89848351801076,8.0
k000,IAEA high,large_then_smr_2048,532834.1511984376,644682.75390625,661783.8335516467,15.563997946593577,53.688858540640354,40.0
k000,IAEA high,smr_then_large_2048,493713.06880390627,620835.4718749999,645322.3888473054,7.079202677105631,49.39112676289617,7.0
k000,IAEA high,large_then_smr_2049,532480.6486101563,645852.5484374999,663172.2242078343,15.487328363207515,55.19317632499172,37.0
k000,IAEA high,smr_then_large_2049,489215.1203828125,619348.41015625,644595.9995945608,6.1036629131283435,50.94362701520887,5.0
k000,IAEA high,large_then_smr_2050,530955.134321875,647068.2945312499,664203.0094186626,15.15646644363664,56.74845542269254,34.0
k000,IAEA high,smr_then_large_2050,483117.739621875,617043.39140625,643539.9147018463,4.781229476473191,52.65285753624739,2.0
k000,McKinsey GEP 2025,pure_large,665035.7694421875,818270.59765625,839228.7449476048,15.472746061916771,63.613856735120294,27.0
k000,McKinsey GEP 2025,pure_smr,593016.6220875,774244.60390625,813097.1139907684,2.967781522852925,57.281472261689835,1.0
k000,McKinsey GEP 2025,const_0.1,674482.3489046874,819656.3953125,840426.0087949102,17.112992378805757,61.069634649046755,40.0
k000,McKinsey GEP 2025,const_0.2,675954.0748578125,813697.3875,835546.2895459082,17.368533877574283,56.20016180040883,44.0
k000,McKinsey GEP 2025,const_0.3,674129.944690625,807865.7695312499,830490.0126621757,17.051803065100543,50.79707945872692,38.0
k000,McKinsey GEP 2025,const_0.4,669117.4263140626,801979.2796874999,825637.9660678643,16.18146001255619,44.576268323246836,31.0
k000,McKinsey GEP 2025,const_0.5,662232.8528453124,796683.303125,822336.25748503,14.986064756495928,38.22797735789168,26.0
k000,McKinsey GEP 2025,const_0.6,653036.867471875,791592.146875,819286.5786863773,13.38933006550821,36.704190777307524,21.0
k000,McKinsey GEP 2025,const_0.7,641665.7429,787896.1859375,817223.1364146706,11.414917499357227,42.18310771941227,15.0
k000,McKinsey GEP 2025,const_0.8,628343.2513578126,783851.2078125,816207.717003493,9.101681499956168,47.415006039096475,10.0
k000,McKinsey GEP 2025,const_0.9,612173.8333625,779949.7171875,814760.5578218562,6.2941225926994955,52.49316240340141,5.0
k000,McKinsey GEP 2025,large_then_smr_2032,602869.1590859375,775834.5726562499,812397.5566367266,4.678515824919838,54.278566418114586,2.0
k000,McKinsey GEP 2025,smr_then_large_2032,673938.89253125,821788.3859374999,842838.9379366267,17.01862993592796,63.61406835142085,37.0
k000,McKinsey GEP 2025,large_then_smr_2033,611671.8987203125,777116.5984375,812033.7535865769,6.206969729439809,51.42925873935541,4.0
k000,McKinsey GEP 2025,smr_then_large_2033,677786.0394484375,821501.45546875,842726.4692801896,17.686625011446825,61.72877872981845,47.0
k000,McKinsey GEP 2025,large_then_smr_2034,619657.9161453125,778306.86875,812303.8180825849,7.5936129816314235,48.726058550978735,7.0
k000,McKinsey GEP 2025,smr_then_large_2034,678934.3655703125,819568.2257812499,840736.8531374751,17.886013340256202,59.505809179186684,49.0
k000,McKinsey GEP 2025,large_then_smr_2035,626494.01795625,780632.8101562499,812498.339757984,8.780591915305783,46.01444797116993,9.0
k000,McKinsey GEP 2025,smr_then_large_2035,678924.7072578125,816680.8531249999,838300.9826596807,17.884336329908873,56.83512464929841,48.0
k000,McKinsey GEP 2025,large_then_smr_2036,632336.8719796875,781864.98125,812569.3628368264,9.795109374255633,43.44308473803607,12.0
k000,McKinsey GEP 2025,smr_then_large_2036,677683.65480625,813222.2515624999,835396.7661863773,17.668847567990102,54.32920782665396,46.0
k000,McKinsey GEP 2025,large_then_smr_2037,637447.2576109375,783021.9968749998,812714.052020958,10.682445498703144,41.005324642345784,14.0
k000,McKinsey GEP 2025,smr_then_large_2037,676312.05560625,810927.16015625,833140.8761851297,17.43069146662254,51.710119691687034,45.0
k000,McKinsey GEP 2025,large_then_smr_2038,642142.653071875,784400.928125,813190.9620758482,11.497725266550649,38.694992828970186,16.0
k000,McKinsey GEP 2025,smr_then_large_2038,674268.794834375,807518.1703125,830709.1157684631,17.075912155357976,49.05243599913512,39.0
k000,McKinsey GEP 2025,large_then_smr_2039,646519.9663328124,786095.99296875,814093.2104229042,12.257775185425933,36.50635124052897,18.0
k000,McKinsey GEP 2025,smr_then_large_2039,672393.086484375,805616.4851562498,829248.8198290918,16.750225622485555,46.87347992598832,34.0
k000,McKinsey GEP 2025,large_then_smr_2040,650897.7294,787398.9609374999,815570.2535553892,13.017903205909088,34.434451311224656,20.0
k000,McKinsey GEP 2025,smr_then_large_2040,669368.264734375,802732.7117187497,826842.0912861776,16.225014062642266,43.95571708703063,32.0
k000,McKinsey GEP 2025,large_then_smr_2041,655458.244896875,790008.21328125,817195.9979104291,13.80976324123289,35.346886538607556,22.0
k000,McKinsey GEP 2025,smr_then_large_2041,667212.9719578126,801567.1749999999,825891.0914109282,15.850782198864723,41.906498084298114,29.0
k000,McKinsey GEP 2025,large_then_smr_2042,660896.8703265626,794409.2328125,819327.8281561877,14.754092917958317,39.77382629432295,24.0
k000,McKinsey GEP 2025,smr_then_large_2042,661913.1561875,797217.39375,823715.2312250499,14.930554582937308,37.561111995179395,25.0
k000,McKinsey GEP 2025,large_then_smr_2043,665380.528165625,798367.5703124999,821850.8745633733,15.532607859361923,43.64444307406865,28.0
k000,McKinsey GEP 2025,smr_then_large_2043,656124.5658484375,794786.21171875,821920.0607846807,13.925459138462669,36.35560989577032,23.0
k000,McKinsey GEP 2025,large_then_smr_2044,668897.566353125,801405.59453125,824568.7312250499,16.143284872804212,47.249288771529656,30.0
k000,McKinsey GEP 2025,smr_then_large_2044,649772.47369375,792314.6453124998,820245.5846744012,12.822520683053936,39.54256494720493,19.0
k000,McKinsey GEP 2025,large_then_smr_2045,671703.0954390625,805288.2671874999,827797.1700037426,16.63041979485737,50.594538241834854,33.0
k000,McKinsey GEP 2025,smr_then_large_2045,643296.4417625,790766.78203125,819327.4916729042,11.698062082408542,42.541922148201714,17.0
k000,McKinsey GEP 2025,large_then_smr_2046,673712.807778125,809263.4820312499,831158.1528505489,16.979373961308774,53.683392859787446,36.0
k000,McKinsey GEP 2025,smr_then_large_2046,636629.7925953125,788388.3929687497,818879.6491704092,10.540505870037844,45.36682612666025,13.0
k000,McKinsey GEP 2025,large_then_smr_2047,675004.17961875,812471.37890625,834601.9872754491,17.203599874373687,56.51594486839023,41.0
k000,McKinsey GEP 2025,smr_then_large_2047,629522.4314515624,786221.6351562499,818142.6978231038,9.30642712385106,47.875252501586864,11.0
k000,McKinsey GEP 2025,large_then_smr_2048,675558.1454,816626.98125,837878.5641841317,17.299787106586667,59.093721703248455,42.0
k000,McKinsey GEP 2025,smr_then_large_2048,622248.7777734376,783726.83671875,817422.7560815868,8.043474358436736,50.24871922432279,8.0
k000,McKinsey GEP 2025,large_then_smr_2049,675583.2181578125,820034.6632812499,840978.8228231038,17.30414058699928,61.5604867972616,43.0
k000,McKinsey GEP 2025,smr_then_large_2049,614837.43350625,782272.8453125,816770.7063061377,6.7566138407532845,52.494418536057246,6.0
k000,McKinsey GEP 2025,large_then_smr_2050,673597.815871875,821619.740625,842994.9395895709,16.959407469580487,63.789582368491345,35.0
k000,McKinsey GEP 2025,smr_then_large_2050,604811.34263125,778466.2234374998,815055.8349862774,5.015744704385395,54.81157633164034,3.0
k000,COP28 tripling pledge,pure_large,1215383.20654375,1511592.690625,1554480.5424151698,18.74416135249444,67.81529683432295,30.0
k000,COP28 tripling pledge,pure_smr,1049943.271453125,1401512.98125,1482749.724239022,2.580513343556594,53.79304396285021,1.0
k000,COP28 tripling pledge,const_0.1,1230498.614075,1510863.6734375,1553487.0631237526,20.22095186690645,65.12422339186598,40.0
k000,COP28 tripling pledge,const_0.2,1230090.7100875,1499991.4265625,1542324.357971557,20.181099237178444,60.305075498014794,39.0
k000,COP28 tripling pledge,const_0.3,1223454.915728125,1484716.9265625,1530888.2873627744,19.532775455947036,54.575381711270325,34.0
k000,COP28 tripling pledge,const_0.4,1210859.417225,1470510.7296874996,1519603.462512475,18.302182587362473,48.54373380754523,29.0
k000,COP28 tripling pledge,const_0.5,1194953.615246875,1459873.7265625,1510808.5253867265,16.748169740745677,41.76202307193711,24.0
k000,COP28 tripling pledge,const_0.6,1174652.005409375,1447760.3859375,1503763.7979665669,14.764682046263772,35.87322319772871,21.0
k000,COP28 tripling pledge,const_0.7,1151198.740825,1437371.4671874999,1499230.7648453093,12.473274514009443,40.896786020346504,17.0
k000,COP28 tripling pledge,const_0.8,1123889.804190625,1428087.7265625,1496019.8182385229,9.805163945574876,45.660940460724404,9.0
k000,COP28 tripling pledge,const_0.9,1090857.221775,1418365.6421875,1491255.3827969062,6.577847429161127,49.93780197667981,4.0
k000,COP28 tripling pledge,large_then_smr_2032,1074053.304159375,1410894.5859374998,1485857.3178018962,4.936087781701352,51.19544290425318,2.0
k000,COP28 tripling pledge,smr_then_large_2032,1235349.107321875,1520927.315625,1563787.5792165669,20.694849934318473,67.27701314449642,45.0
k000,COP28 tripling pledge,large_then_smr_2033,1094814.14975625,1416537.1125,1488831.381986028,6.964443271637775,48.711333776175195,5.0
k000,COP28 tripling pledge,smr_then_large_2033,1239827.5338125,1518796.0125,1560895.98502994,21.132396705530105,65.542710383162,49.0
k000,COP28 tripling pledge,large_then_smr_2034,1111112.73728125,1420159.4890625,1489796.7366516965,8.556831661131856,46.33344090686261,7.0
k000,COP28 tripling pledge,smr_then_large_2034,1239582.16953125,1515798.8156249998,1555092.9555264472,21.108424368537115,62.607634785770635,48.0
k000,COP28 tripling pledge,large_then_smr_2035,1124302.058678125,1422373.275,1489768.7019086827,9.84544162352733,43.8616726370424,10.0
k000,COP28 tripling pledge,smr_then_large_2035,1235870.680309375,1505234.0796875,1547528.5540793412,20.74580813964116,60.07086176256936,46.0
k000,COP28 tripling pledge,large_then_smr_2036,1133257.248459375,1423891.7484374996,1488410.2108907185,10.720372669638241,41.41367624312399,11.0
k000,COP28 tripling pledge,smr_then_large_2036,1231583.74543125,1497050.5484375,1541340.0067989023,20.326970291516435,56.89408609018577,42.0
k000,COP28 tripling pledge,large_then_smr_2037,1138385.269415625,1425038.0218749999,1488936.9273952097,11.221385473311537,40.420603532143716,13.0
k000,COP28 tripling pledge,smr_then_large_2037,1229325.297396875,1494569.696875,1538543.4400573852,20.106317647678548,56.14100063344496,38.0
k000,COP28 tripling pledge,large_then_smr_2038,1143666.767953125,1427421.7984375,1489968.316492016,11.737393190995341,39.49925557182936,14.0
k000,COP28 tripling pledge,smr_then_large_2038,1227661.2967625,1491197.3140625,1536568.7161302394,19.94374311254014,54.97880137562371,37.0
k000,COP28 tripling pledge,large_then_smr_2039,1149336.767765625,1429989.8390624998,1491531.828717565,12.291357873886389,38.65365947550156,15.0
k000,COP28 tripling pledge,smr_then_large_2039,1225350.00894375,1487008.1156249999,1533853.055763473,19.71792796863818,53.79895792683965,35.0
k000,COP28 tripling pledge,large_then_smr_2040,1156575.786996875,1434914.840625,1494756.9426771458,12.998617331645251,38.1477575626869,18.0
k000,COP28 tripling pledge,smr_then_large_2040,1222716.77310625,1483721.909375,1530891.6475798404,19.460658179584186,52.449722306605906,33.0
k000,COP28 tripling pledge,large_then_smr_2041,1165753.678121875,1440633.6328125,1498363.500249501,13.895306522967722,37.45770452027854,19.0
k000,COP28 tripling pledge,smr_then_large_2041,1221116.57624375,1482107.1484375,1529427.0732909183,19.304317337112945,51.15772115665921,32.0
k000,COP28 tripling pledge,large_then_smr_2042,1182824.836446875,1450436.04375,1503141.0324351296,15.563175856445145,37.59102059544573,23.0
k000,COP28 tripling pledge,smr_then_large_2042,1209736.949025,1472312.3093749997,1521274.509543413,18.19251631557575,46.15543883430285,28.0
k000,COP28 tripling pledge,large_then_smr_2043,1196922.73523125,1459539.509375,1508917.735279441,16.940554743177938,42.89426781210199,26.0
k000,COP28 tripling pledge,smr_then_large_2043,1196451.9706875,1463808.21875,1514352.8352045908,16.894560573897742,41.123189781664436,25.0
k000,COP28 tripling pledge,large_then_smr_2044,1208527.914734375,1467159.009375,1515879.9567115768,18.074392449692382,47.792242098456704,27.0
k000,COP28 tripling pledge,smr_then_large_2044,1181912.53135,1454372.003125,1509155.7816242515,15.474042731153663,35.89937042932683,22.0
k000,COP28 tripling pledge,large_then_smr_2045,1218070.88314375,1477502.6640625,1523679.6901821357,19.00675005878511,52.30116182142361,31.0
k000,COP28 tripling pledge,smr_then_large_2045,1166496.66213125,1447395.3984375,1505165.7675898203,13.967896807757356,39.18352866622902,20.0
k000,COP28 tripling pledge,large_then_smr_2046,1225575.097271875,1486952.0421875,1531848.6126497006,19.739919324623298,56.430623051637085,36.0
k000,COP28 tripling pledge,smr_then_large_2046,1150428.181253125,1439404.2125,1502268.8379491018,12.39799006903621,42.28105355736643,16.0
k000,COP28 tripling pledge,large_then_smr_2047,1231114.320478125,1498403.040625,1540549.232223054,20.281107001587266,59.930761573832456,41.0
k000,COP28 tripling pledge,smr_then_large_2047,1133820.692071875,1434852.7546875,1499974.6906811376,10.775421677124529,45.172615569431265,12.0
k000,COP28 tripling pledge,large_then_smr_2048,1234660.145528125,1508507.3125,1549161.3043288423,20.627537674314976,63.057880710168426,44.0
k000,COP28 tripling pledge,smr_then_large_2048,1116514.773734375,1428633.7484374996,1497860.958520459,9.084616054373628,47.710579323637134,8.0
k000,COP28 tripling pledge,large_then_smr_2049,1236477.611440625,1515761.525,1557555.5127869262,20.805105921436212,65.85986005965499,47.0
k000,COP28 tripling pledge,smr_then_large_2049,1097756.914775,1421928.2796874996,1494421.1595558883,7.251954372932844,49.696947626016495,6.0
k000,COP28 tripling pledge,large_then_smr_2050,1234043.361378125,1520595.7999999998,1563731.1978542914,20.567277242680795,68.13105732464392,43.0
k000,COP28 tripling pledge,smr_then_large_2050,1076690.61915625,1416482.3078125,1490430.563248503,5.193756108727891,51.867656353687714,3.0
k000,2025 EO,pure_large,1815648.001878125,2286092.5312499995,2349786.007734531,20.530172840342598,78.12681762442593,33.0
k000,2025 EO,pure_smr,1541472.909934375,2079915.3031249999,2218646.0415419163,2.329303956994336,53.20890793124673,1.0
k000,2025 EO,const_0.1,1837608.590546875,2279732.765625,2344411.9804141717,21.988006927777008,74.40674764562905,41.0
k000,2025 EO,const_0.2,1832797.2158375,2255124.15,2320430.102045908,21.668608109988128,67.9661697965073,39.0
k000,2025 EO,const_0.3,1819935.10944375,2228685.503125,2298617.259481038,20.814768651499506,60.8461132621079,34.0
k000,2025 EO,const_0.4,1798424.278253125,2201171.353125,2278898.77756986,19.386791313015646,53.16823936715284,29.0
k000,2025 EO,const_0.5,1771245.202103125,2177192.96875,2262924.963448104,17.582532589622286,45.287122227890194,24.0
k000,2025 EO,const_0.6,1738354.732434375,2161996.634375,2250842.4214071855,15.399128102698729,37.1830457642777,21.0
k000,2025 EO,const_0.7,1702347.2795625,2146347.759375,2246015.6560628745,13.008805466538936,41.450409148026864,15.0
k000,2025 EO,const_0.8,1658950.00565,2128975.925,2240804.9563373253,10.12791615315735,45.94887428185881,11.0
k000,2025 EO,const_0.9,1607116.545775,2110956.81875,2233661.626497006,6.6869981606917195,49.84759219299138,5.0
k000,2025 EO,large_then_smr_2032,1579944.109828125,2094495.4624999997,2226186.8753742515,4.883180241258994,51.74271948142125,3.0
k000,2025 EO,smr_then_large_2032,1847076.4336875,2301127.759375,2364118.6664171657,22.61652124827545,78.09687839176918,47.0
k000,2025 EO,large_then_smr_2033,1611217.256140625,2109689.9875,2231417.0311876247,6.959220160014108,49.6201664628828,6.0
k000,2025 EO,smr_then_large_2033,1852456.273153125,2294563.771875,2356756.4496007985,22.97365709177283,75.37875205131472,49.0
k000,2025 EO,large_then_smr_2034,1636082.532596875,2113584.9593749996,2233128.89496008,8.60987935491013,47.47689330467033,8.0
k000,2025 EO,smr_then_large_2034,1850980.3864625,2283034.2312499997,2345806.075224551,22.875681670474325,72.2074089592998,48.0
k000,2025 EO,large_then_smr_2035,1657427.16413125,2121936.815625,2234196.5898203594,10.026823677482811,45.21392959993874,10.0
k000,2025 EO,smr_then_large_2035,1845604.297528125,2268803.959375,2333620.173527944,22.518794802648078,69.05076994718172,46.0
k000,2025 EO,large_then_smr_2036,1676052.056740625,2127909.71875,2234993.1807634733,11.263220557835547,43.022030082699494,12.0
k000,2025 EO,smr_then_large_2036,1838320.37476875,2257018.7656249995,2321870.8143712576,22.03525808835377,65.57779821396487,42.0
k000,2025 EO,large_then_smr_2037,1692621.400578125,2135519.684375,2235976.878992016,12.363161666750441,40.916672622606995,14.0
k000,2025 EO,smr_then_large_2037,1829751.112340625,2241451.6875,2310658.6390968063,21.466395246818536,62.44293733824026,37.0
k000,2025 EO,large_then_smr_2038,1707843.81803125,2142179.5124999993,2237491.0446606786,13.373688269249996,38.912590342605256,17.0
k000,2025 EO,smr_then_large_2038,1820566.365125,2227687.875,2300709.272080838,20.856673996747485,59.26075289160616,36.0
k000,2025 EO,large_then_smr_2039,1722193.640040625,2149624.28125,2239889.1826347304,14.3262884016705,37.011714605333104,18.0
k000,2025 EO,smr_then_large_2039,1811009.33640625,2216683.509375,2292028.5462824353,20.222239171208887,56.304560693250956,32.0
k000,2025 EO,large_then_smr_2040,1736669.8483375,2153675.0468749995,2243983.406811377,15.287278575035756,38.042035375293565,20.0
k000,2025 EO,smr_then_large_2040,1802589.911215625,2206480.3249999997,2286356.5329341316,19.663323141013247,53.33509167331848,30.0
k000,2025 EO,large_then_smr_2041,1757796.745425,2164777.5687499996,2253838.9694361277,16.68976879059651,42.30416478703656,23.0
k000,2025 EO,smr_then_large_2041,1792585.88045,2197867.3,2278226.7892964073,18.999214483369474,50.80290721905373,27.0
k000,2025 EO,large_then_smr_2042,1777498.22475,2176730.1718749995,2261878.5479041915,17.997633919628328,47.66710451879848,26.0
k000,2025 EO,smr_then_large_2042,1771548.9155,2180882.1218749997,2266878.6435878244,17.602694332526966,45.22750929900824,25.0
k000,2025 EO,large_then_smr_2043,1794319.725196875,2195028.08125,2272079.4852794413,19.11431422010423,52.66920513413057,28.0
k000,2025 EO,smr_then_large_2043,1749429.3504625,2170472.3499999996,2258347.5225798404,16.134306740678074,39.784439800020735,22.0
k000,2025 EO,large_then_smr_2044,1808573.587025,2207966.865625,2283393.162924152,20.060544121499838,57.32759373286751,31.0
k000,2025 EO,smr_then_large_2044,1726664.233478125,2160154.021875,2252301.77756986,14.62306475874158,39.30623980435792,19.0
k000,2025 EO,large_then_smr_2045,1820464.7257875,2225655.5437499997,2296367.375249501,20.849926760001388,61.65516542796624,35.0
k000,2025 EO,smr_then_large_2045,1703490.4837875,2148055.175,2248009.716816367,13.084696059147484,41.95827246739802,16.0
k000,2025 EO,large_then_smr_2046,1830028.434765625,2241237.765625,2310309.983408184,21.484805048599046,65.65976184217082,38.0
k000,2025 EO,smr_then_large_2046,1680046.59260625,2137827.46875,2244732.050523952,11.528394257695155,44.38112644498067,13.0
k000,2025 EO,large_then_smr_2047,1837220.388315625,2260907.71875,2324545.4172904193,21.96223646897598,69.34236214107258,40.0
k000,2025 EO,smr_then_large_2047,1656259.973921875,2128622.046875,2241873.43250998,9.949340796699753,46.587883555366226,9.0
k000,2025 EO,large_then_smr_2048,1841875.33166875,2274526.9593749996,2338356.738148703,22.271250730734753,72.69490480457007,44.0
k000,2025 EO,smr_then_large_2048,1632000.189425,2119440.9687499995,2239089.620758483,8.338876645359209,48.593617140051634,7.0
k000,2025 EO,large_then_smr_2049,1844139.8148625,2289417.03125,2351342.820983034,22.421576427375516,75.78647079493255,45.0
k000,2025 EO,smr_then_large_2049,1606974.1142,2111980.6812499994,2235852.974800399,6.677542967650494,50.41886893142099,4.0
k000,2025 EO,large_then_smr_2050,1840931.994278125,2298463.1468749996,2361209.037799401,22.20862811962226,78.43073651734994,43.0
k000,2025 EO,smr_then_large_2050,1577971.56304375,2097258.5281249997,2229877.99750499,4.75223448271414,51.93162583292876,2.0
probe_lr0_boak1,EIA 2026 AEO high,pure_large,159434.26768964843,191840.36621093747,196578.2692661552,10.55145512781894,30.73501374446485,28.0
probe_lr0_boak1,EIA 2026 AEO high,pure_smr,144613.87548085937,189358.11308593748,196041.44992047155,0.2750199047718527,12.351574894221178,1.0
probe_lr0_boak1,EIA 2026 AEO high,const_0.1,160136.1741488281,193561.9908203125,198293.29027881735,11.038155895165756,29.555375250944365,35.0
probe_lr0_boak1,EIA 2026 AEO high,const_0.2,160168.68316347655,194699.06328124998,199380.06250779692,11.060697591666989,28.052721478644862,36.0
probe_lr0_boak1,EIA 2026 AEO high,const_0.3,159543.244196875,195149.358984375,199828.32653443114,10.62701925605325,25.32518768031124,34.0
probe_lr0_boak1,EIA 2026 AEO high,const_0.4,158365.20229863282,195022.83242187498,199741.1809428019,9.810166969907822,22.514502962583737,26.0
probe_lr0_boak1,EIA 2026 AEO high,const_0.5,156745.82607558594,194490.5669921875,199359.55452376496,8.687294199508743,19.14760985704119,24.0
probe_lr0_boak1,EIA 2026 AEO high,const_0.6,154880.53155390624,193936.21191406247,198950.48517808135,7.393902091263578,15.883513054076468,22.0
probe_lr0_boak1,EIA 2026 AEO high,const_0.7,152676.007434375,193039.878515625,198325.60539857784,5.865288746026147,12.349443236070652,20.0
probe_lr0_boak1,EIA 2026 AEO high,const_0.8,150145.06480097657,191717.0224609375,197538.27586233782,4.110337348050128,10.486000227473419,18.0
probe_lr0_boak1,EIA 2026 AEO high,const_0.9,147532.38099980468,190744.691796875,196885.0611199476,2.298706760762116,11.440054033488787,8.0
probe_lr0_boak1,EIA 2026 AEO high,large_then_smr_2032,144613.87548085937,189358.11308593748,196041.44992047155,0.2750199047718527,12.351574894221178,2.0
probe_lr0_boak1,EIA 2026 AEO high,smr_then_large_2032,159434.26768964843,191840.36621093747,196578.2692661552,10.55145512781894,30.73501374446485,29.0
probe_lr0_boak1,EIA 2026 AEO high,large_then_smr_2033,144613.87548085937,189358.11308593748,196041.44992047155,0.2750199047718527,12.351574894221178,3.0
probe_lr0_boak1,EIA 2026 AEO high,smr_then_large_2033,159434.26768964843,191840.36621093747,196578.2692661552,10.55145512781894,30.73501374446485,30.0
probe_lr0_boak1,EIA 2026 AEO high,large_then_smr_2034,144613.87548085937,189358.11308593748,196041.44992047155,0.2750199047718527,12.351574894221178,4.0
probe_lr0_boak1,EIA 2026 AEO high,smr_then_large_2034,159434.26768964843,191840.36621093747,196578.2692661552,10.55145512781894,30.73501374446485,31.0
probe_lr0_boak1,EIA 2026 AEO high,large_then_smr_2035,144613.87548085937,189358.11308593748,196041.44992047155,0.2750199047718527,12.351574894221178,5.0
probe_lr0_boak1,EIA 2026 AEO high,smr_then_large_2035,159434.26768964843,191840.36621093747,196578.2692661552,10.55145512781894,30.73501374446485,32.0
probe_lr0_boak1,EIA 2026 AEO high,large_then_smr_2036,144613.87548085937,189358.11308593748,196041.44992047155,0.2750199047718527,12.351574894221178,6.0
probe_lr0_boak1,EIA 2026 AEO high,smr_then_large_2036,159434.26768964843,191840.36621093747,196578.2692661552,10.55145512781894,30.73501374446485,33.0
probe_lr0_boak1,EIA 2026 AEO high,large_then_smr_2037,150324.6058892578,191945.4806640625,197653.7823883483,4.23483083901884,10.665311410730023,19.0
probe_lr0_boak1,EIA 2026 AEO high,smr_then_large_2037,161712.1361144531,196431.38222656248,200888.65836296158,12.130925291924827,29.747365331027666,49.0
probe_lr0_boak1,EIA 2026 AEO high,large_then_smr_2038,154925.16116796876,194104.1802734375,199070.4957272954,7.424848191169819,15.611056264544864,23.0
probe_lr0_boak1,EIA 2026 AEO high,smr_then_large_2038,160563.3573455078,197118.0966796875,201698.79753773703,11.334364010795086,25.211589531857562,48.0
probe_lr0_boak1,EIA 2026 AEO high,large_then_smr_2039,158406.1586769531,195502.98281249998,200165.73874126747,9.838566054280884,21.71006068084084,27.0
probe_lr0_boak1,EIA 2026 AEO high,smr_then_large_2039,157564.08139746095,196099.71718749998,200822.1671032934,9.25467107406779,19.4614619852189,25.0
probe_lr0_boak1,EIA 2026 AEO high,large_then_smr_2040,160335.9194140625,195727.5439453125,200309.5936486402,11.176658928713959,26.340358048599114,47.0
probe_lr0_boak1,EIA 2026 AEO high,smr_then_large_2040,153551.57437792968,194117.1349609375,199357.1150355539,6.472405403407528,13.278144665607089,21.0
probe_lr0_boak1,EIA 2026 AEO high,large_then_smr_2041,160231.61791972656,194025.6841796875,198748.68970652446,11.104336446615637,29.186411498384516,45.0
probe_lr0_boak1,EIA 2026 AEO high,smr_then_large_2041,148895.35558652342,191589.434765625,197658.53788516717,3.243791064453364,11.612926904898124,17.0
probe_lr0_boak1,EIA 2026 AEO high,large_then_smr_2042,160224.7211033203,193982.41289062498,198702.73376684132,11.09955420563,29.25080274261888,43.0
probe_lr0_boak1,EIA 2026 AEO high,smr_then_large_2042,148778.17873222657,191534.31757812496,197615.37661395958,3.162540829246488,11.638059885811375,16.0
probe_lr0_boak1,EIA 2026 AEO high,large_then_smr_2043,160220.26578359376,193951.1064453125,198661.09508327095,11.096464894367315,29.314245981322518,41.0
probe_lr0_boak1,EIA 2026 AEO high,smr_then_large_2043,148666.97819140626,191497.93281249996,197574.33132173153,3.085434559830079,11.661467496658696,15.0
probe_lr0_boak1,EIA 2026 AEO high,large_then_smr_2044,160218.11658808595,193897.864453125,198623.54501153942,11.094974645789105,29.37684143222296,38.0
probe_lr0_boak1,EIA 2026 AEO high,smr_then_large_2044,148561.448125,191396.35820312498,197535.12986526947,3.0122601879086295,11.683249955167625,14.0
probe_lr0_boak1,EIA 2026 AEO high,large_then_smr_2045,160218.1512404297,193856.7265625,198590.0037892964,11.094998673666428,29.438686604460507,39.0
probe_lr0_boak1,EIA 2026 AEO high,smr_then_large_2045,148461.29927089842,191296.52109375,197497.7182432011,2.9428171396182634,11.703515604827388,13.0
probe_lr0_boak1,EIA 2026 AEO high,large_then_smr_2046,160220.25597949218,193831.39921874995,198560.41625343065,11.096458096219656,29.49987900717547,40.0
probe_lr0_boak1,EIA 2026 AEO high,smr_then_large_2046,148366.25721035156,191288.4927734375,197462.3763878493,2.8769151334557233,11.722372789127208,12.0
probe_lr0_boak1,EIA 2026 AEO high,large_then_smr_2047,160224.38838027345,193804.92148437497,198534.42732503742,11.099323496024594,29.560502606571994,42.0
probe_lr0_boak1,EIA 2026 AEO high,smr_then_large_2047,148276.07086621094,191253.505078125,197428.63321793912,2.8143800729453177,11.739924434381853,11.0
probe_lr0_boak1,EIA 2026 AEO high,large_then_smr_2048,160230.4984873047,193790.76347656248,198511.89927956587,11.103560234042586,29.620673871901,44.0
probe_lr0_boak1,EIA 2026 AEO high,smr_then_large_2048,148190.498953125,191264.2896484375,197396.5691741517,2.7550446512269673,11.756243672446551,10.0
probe_lr0_boak1,EIA 2026 AEO high,large_then_smr_2049,160238.49905117188,193770.66718749996,198492.80421188872,11.109107811675536,29.680506563826174,46.0
probe_lr0_boak1,EIA 2026 AEO high,smr_then_large_2049,148109.304325,191197.37558593744,197365.96140531436,2.6987444315950513,11.771422595287143,9.0
probe_lr0_boak1,EIA 2026 AEO high,large_then_smr_2050,160193.8956529297,193335.42421875,198042.817903256,11.078179889775345,30.36914319852241,37.0
probe_lr0_boak1,EIA 2026 AEO high,smr_then_large_2050,146882.43114785157,190552.72636718745,196904.00249500998,1.848032618153101,11.991996396415548,7.0
probe_lr0_boak1,Abou-Jaoude mod,pure_large,217836.4779921875,263707.461328125,270324.3577688373,14.237459388791397,39.00711808421482,34.0
probe_lr0_boak1,Abou-Jaoude mod,pure_smr,191031.90332265626,254521.861328125,265509.57690868265,0.18064696477570116,14.902209488902685,1.0
probe_lr0_boak1,Abou-Jaoude mod,const_0.1,219209.256765625,266526.553515625,273146.2212761976,14.957369850187975,37.871967320449485,45.0
probe_lr0_boak1,Abou-Jaoude mod,const_0.2,218879.64848164062,267528.82773437497,274186.9491095933,14.784517198038392,35.67165721404468,41.0
probe_lr0_boak1,Abou-Jaoude mod,const_0.3,217700.89732109374,267798.5072265625,274515.5541495135,14.166358388854496,32.68449005986012,33.0
probe_lr0_boak1,Abou-Jaoude mod,const_0.4,215714.59265039064,267322.808984375,274285.75332148204,13.12470365203235,29.144030755677463,29.0
probe_lr0_boak1,Abou-Jaoude mod,const_0.5,213010.69731875,266357.40078125,273640.95585391717,11.706731161901857,25.1792739392552,25.0
probe_lr0_boak1,Abou-Jaoude mod,const_0.6,209663.45939257814,264596.96640624997,272575.3080245759,9.951377971379763,21.002053920518186,21.0
probe_lr0_boak1,Abou-Jaoude mod,const_0.7,205804.2289496094,262797.96953124995,271251.56444922654,7.927526479360869,16.420550326509975,16.0
probe_lr0_boak1,Abou-Jaoude mod,const_0.8,201266.7288691406,260209.474609375,269488.1978153069,5.547977902617094,13.074050039111302,12.0
probe_lr0_boak1,Abou-Jaoude mod,const_0.9,196375.17770273436,257508.39140624998,267618.9437765095,2.982758418392004,14.011808484315878,7.0
probe_lr0_boak1,Abou-Jaoude mod,large_then_smr_2032,191872.12118125,254875.59414062498,265681.3165310005,0.6212726780792517,14.648227097798205,2.0
probe_lr0_boak1,Abou-Jaoude mod,smr_then_large_2032,218380.1882589844,264650.11093749997,271272.6428549152,14.522591062306173,39.08864261333781,37.0
probe_lr0_boak1,Abou-Jaoude mod,large_then_smr_2033,192719.64966875,255248.56523437495,265901.52398328343,1.0657322197685797,14.412156873004037,3.0
probe_lr0_boak1,Abou-Jaoude mod,smr_then_large_2033,218687.91777109375,265185.737109375,271854.0677083333,14.683970083700322,38.80059351068936,39.0
probe_lr0_boak1,Abou-Jaoude mod,large_then_smr_2034,193502.29327382814,255450.7722656249,266067.1801241267,1.4761649345970675,14.192990947888813,4.0
probe_lr0_boak1,Abou-Jaoude mod,smr_then_large_2034,218875.4025886719,265636.762890625,272295.4280813373,14.782290573599465,38.46183560602291,40.0
probe_lr0_boak1,Abou-Jaoude mod,large_then_smr_2035,194282.41882929686,255801.14140624998,266248.00700162177,1.8852771378535664,13.989791105141219,5.0
probe_lr0_boak1,Abou-Jaoude mod,smr_then_large_2035,219005.989403125,266067.9890625,272649.85715288174,14.850772703178036,38.48499605345022,43.0
probe_lr0_boak1,Abou-Jaoude mod,large_then_smr_2036,195100.81229492187,256275.36406249998,266515.49490082334,2.3144577377012245,13.80172155292061,6.0
probe_lr0_boak1,Abou-Jaoude mod,smr_then_large_2036,219016.44552265626,266352.10859375,272875.736947979,14.85625608475547,38.087493044337194,44.0
probe_lr0_boak1,Abou-Jaoude mod,large_then_smr_2037,197079.91731835937,257426.36660156248,267108.4977622879,3.352336846953087,13.311804138643243,8.0
probe_lr0_boak1,Abou-Jaoude mod,smr_then_large_2037,219529.15072421875,267621.63046874997,274174.6804671906,15.125128131263764,37.326889693198915,47.0
probe_lr0_boak1,Abou-Jaoude mod,large_then_smr_2038,198940.8055296875,258198.95976562498,267689.2414467939,4.328220883584919,12.850401975399674,10.0
probe_lr0_boak1,Abou-Jaoude mod,smr_then_large_2038,219460.92088046874,268155.783203125,274823.29442677146,15.089347145102327,36.24101787188107,46.0
probe_lr0_boak1,Abou-Jaoude mod,large_then_smr_2039,200733.56679257812,259064.410546875,268294.44219373754,5.2683778942514765,12.415974584111064,11.0
probe_lr0_boak1,Abou-Jaoude mod,smr_then_large_2039,219005.6880125,268325.5171875,274892.7759091193,14.85061464838574,35.152425630062304,42.0
probe_lr0_boak1,Abou-Jaoude mod,large_then_smr_2040,202431.20917460936,259881.96249999997,268876.34482597304,6.158652812674189,13.5788437287484,13.0
probe_lr0_boak1,Abou-Jaoude mod,smr_then_large_2040,218666.28776796875,268568.63437499997,275153.09359406185,14.672626911857172,34.00665334498877,38.0
probe_lr0_boak1,Abou-Jaoude mod,large_then_smr_2041,204066.38747890625,260718.97343749995,269462.3044535928,7.016170418780759,15.638595361756373,15.0
probe_lr0_boak1,Abou-Jaoude mod,smr_then_large_2041,218279.41069296876,268657.0390625,275432.76730913174,14.469741451391036,32.77660947966894,36.0
probe_lr0_boak1,Abou-Jaoude mod,large_then_smr_2042,206356.80528632813,261916.51484375,270303.6799214072,8.2173076831654,18.464403477960957,18.0
probe_lr0_boak1,Abou-Jaoude mod,smr_then_large_2042,217165.21938828126,268387.9734375,275153.13246163924,13.885439019154925,31.112224260455868,32.0
probe_lr0_boak1,Abou-Jaoude mod,large_then_smr_2043,208419.94684648438,263104.34531249997,271059.25435067364,9.299257099369834,20.762603655191995,19.0
probe_lr0_boak1,Abou-Jaoude mod,smr_then_large_2043,216216.1595105469,268245.1326171875,275220.1699413673,13.38773454725238,29.12656516441926,31.0
probe_lr0_boak1,Abou-Jaoude mod,large_then_smr_2044,210387.2578609375,264205.425,271914.8083208583,10.330951213184745,22.97411910808782,22.0
probe_lr0_boak1,Abou-Jaoude mod,smr_then_large_2044,214913.53,267848.75546874997,274830.2084268962,12.704611650750735,27.42256382166146,28.0
probe_lr0_boak1,Abou-Jaoude mod,large_then_smr_2045,212091.19591054687,265043.89804687497,272485.65164982533,11.224527695587515,25.224853273702184,23.0
probe_lr0_boak1,Abou-Jaoude mod,smr_then_large_2045,213554.5009824219,267334.894140625,274417.64688591566,11.991911814457303,25.13906169947119,26.0
probe_lr0_boak1,Abou-Jaoude mod,large_then_smr_2046,213789.24948085938,266058.35703124997,273215.85966348555,12.115018248714817,27.40324637789359,27.0
probe_lr0_boak1,Abou-Jaoude mod,smr_then_large_2046,212277.10293984375,266763.251953125,274149.4273796158,11.322020764265176,23.880129754404336,24.0
probe_lr0_boak1,Abou-Jaoude mod,large_then_smr_2047,216090.38207109374,266878.93828124995,273838.88097243017,13.321774542463524,30.62458888566497,30.0
probe_lr0_boak1,Abou-Jaoude mod,smr_then_large_2047,209536.55232734376,265438.730859375,273441.8508607784,9.884825570035016,20.244660583630623,20.0
probe_lr0_boak1,Abou-Jaoude mod,large_then_smr_2048,218051.63819570313,267849.323046875,274491.70771737775,14.350293360574955,33.56721529967511,35.0
probe_lr0_boak1,Abou-Jaoude mod,smr_then_large_2048,206326.48108789063,263722.33789062494,272218.161403755,8.201405115241831,16.760432862844354,17.0
probe_lr0_boak1,Abou-Jaoude mod,large_then_smr_2049,219569.6582832031,268399.1201171875,274943.9322136976,15.146371040931914,36.43583931112808,48.0
probe_lr0_boak1,Abou-Jaoude mod,smr_then_large_2049,202684.18960351564,261463.91953124997,270622.54125343065,6.291320406916019,13.178671511869787,14.0
probe_lr0_boak1,Abou-Jaoude mod,large_then_smr_2050,220345.93572695312,267877.49140625,274465.38543226046,15.553465223560071,39.234719771094205,49.0
probe_lr0_boak1,Abou-Jaoude mod,smr_then_large_2050,197617.82036289063,258618.38554687498,268396.9871818862,3.6344231062018695,14.010136900634587,9.0
probe_lr0_boak1,IAEA high,pure_large,531276.893859375,647926.7492187499,665180.2696482036,17.69542868169716,43.67372840362027,38.0
probe_lr0_boak1,IAEA high,pure_smr,452140.95364140626,617720.00078125,647386.1552208083,0.16419682174670738,13.296196419783616,1.0
probe_lr0_boak1,IAEA high,const_0.1,535277.8837070313,655163.071875,672391.4668787426,18.581780451769934,43.05760671670149,45.0
probe_lr0_boak1,IAEA high,const_0.2,533913.2985757813,657375.0351562499,674545.130988024,18.27947964808083,40.09034016539911,41.0
probe_lr0_boak1,IAEA high,const_0.3,530210.7366882813,657547.35,675179.8481474551,17.459239555566715,36.783709102131766,35.0
probe_lr0_boak1,IAEA high,const_0.4,523831.637484375,655404.3296875,673849.6204154191,16.0460577965167,32.61727684119699,31.0
probe_lr0_boak1,IAEA high,const_0.5,516189.32824140624,651804.7757812499,672301.2525261976,14.353033174393033,28.23942583033314,26.0
probe_lr0_boak1,IAEA high,const_0.6,506866.4407953125,647326.0984374998,669897.5300960579,12.287704816992921,23.525111006814072,20.0
probe_lr0_boak1,IAEA high,const_0.7,495924.425928125,642238.9757812499,666310.1058196108,9.863686107878848,18.489441621817633,15.0
probe_lr0_boak1,IAEA high,const_0.8,483223.78890859376,635735.9078124999,661429.4305451597,7.050074343803096,13.260370360289757,10.0
probe_lr0_boak1,IAEA high,const_0.9,468473.6714015625,627688.3578125,654862.7490643712,3.782434769861901,13.273852727606528,5.0
probe_lr0_boak1,IAEA high,large_then_smr_2032,463111.98434765625,623959.52578125,651735.0503992016,2.5946435002614674,13.216430650220671,3.0
probe_lr0_boak1,IAEA high,smr_then_large_2032,536846.4527484375,655831.8437499999,672985.7538672654,18.929270447813337,44.43976224615445,48.0
probe_lr0_boak1,IAEA high,large_then_smr_2033,472937.11948125,628705.2484375,655668.1021082834,4.7712363556435875,13.371652677842226,6.0
probe_lr0_boak1,IAEA high,smr_then_large_2033,537985.8554390625,659831.86640625,676726.1745571357,19.18168588252201,43.34741357709413,49.0
probe_lr0_boak1,IAEA high,large_then_smr_2034,481834.3853609375,633209.1289062499,659313.4422717065,6.742275438856634,13.479556615291699,9.0
probe_lr0_boak1,IAEA high,smr_then_large_2034,536778.771659375,660909.22265625,678105.7985279441,18.914276844886267,41.488726457457545,47.0
probe_lr0_boak1,IAEA high,large_then_smr_2035,489468.72269296873,637153.8179687499,662199.7649076846,8.433534018665933,15.933904761202783,13.0
probe_lr0_boak1,IAEA high,smr_then_large_2035,534043.2726859375,660756.16875,677934.3005239521,18.308273218418957,39.344427760916886,42.0
probe_lr0_boak1,IAEA high,large_then_smr_2036,496219.9261132812,640613.71171875,664609.8627744511,9.929149186302679,18.820207879504068,16.0
probe_lr0_boak1,IAEA high,smr_then_large_2036,530762.6469109375,659219.63828125,677475.2507173154,17.581505949983885,37.05557870259231,37.0
probe_lr0_boak1,IAEA high,large_then_smr_2037,501865.34118828125,643076.1664062499,666103.6456773952,11.179795610075276,21.568087411413142,18.0
probe_lr0_boak1,IAEA high,smr_then_large_2037,527032.5979679688,658140.975,676591.3712886727,16.755176564270712,34.855588656177574,33.0
probe_lr0_boak1,IAEA high,large_then_smr_2038,506922.46790859377,644850.77578125,667389.8544161677,12.300116678287194,24.153808159833446,21.0
probe_lr0_boak1,IAEA high,smr_then_large_2038,522986.84448359377,656398.9359375,675498.6747754491,15.858908166025591,32.599547268566305,30.0
probe_lr0_boak1,IAEA high,large_then_smr_2039,511561.53659375,646970.3320312499,668599.5150636227,13.327824044999481,26.587460266158658,23.0
probe_lr0_boak1,IAEA high,smr_then_large_2039,518821.3725703125,654148.5664062499,674399.7683383233,14.936118170522843,30.352606046211985,27.0
probe_lr0_boak1,IAEA high,large_then_smr_2040,515696.9597234375,649269.6492187498,669617.297873004,14.24395723967519,28.885856017438215,25.0
probe_lr0_boak1,IAEA high,smr_then_large_2040,514574.94761015626,652577.4578125,673356.6385354291,13.995394393850301,28.113297332184615,24.0
probe_lr0_boak1,IAEA high,large_then_smr_2041,519382.5171117188,651144.2171874999,670411.2486589322,15.060430272397697,31.115541886500083,28.0
probe_lr0_boak1,IAEA high,smr_then_large_2041,510235.2228914063,650531.4414062499,672165.6027632236,13.034001630420551,25.941898904264495,22.0
probe_lr0_boak1,IAEA high,large_then_smr_2042,522847.32393046876,652452.81328125,671075.99750499,15.827999742377296,33.16727089134565,29.0
probe_lr0_boak1,IAEA high,smr_then_large_2042,505148.28186328127,647843.653125,670562.3570671157,11.90707570553333,23.50292654156807,19.0
probe_lr0_boak1,IAEA high,large_then_smr_2043,525868.567196875,653547.2023437499,671730.1145833334,16.497305194019045,35.06871044197823,32.0
probe_lr0_boak1,IAEA high,smr_then_large_2043,499981.50899921876,645463.3039062498,668779.3279066866,10.76246438483517,20.913405115531898,17.0
probe_lr0_boak1,IAEA high,large_then_smr_2044,528458.7912351562,654064.321875,672263.0057697105,17.071125610624335,36.82403851461128,34.0
probe_lr0_boak1,IAEA high,smr_then_large_2044,494604.27366796875,642183.4992187499,666671.0036489521,9.571228656820704,18.3873321600776,14.0
probe_lr0_boak1,IAEA high,large_then_smr_2045,530643.8823601563,654623.8742187499,672623.6855663672,17.555195668324828,38.43623542202007,36.0
probe_lr0_boak1,IAEA high,smr_then_large_2045,489408.17669140623,639896.48828125,664750.1923340819,8.420121073944967,15.975615294236695,12.0
probe_lr0_boak1,IAEA high,large_then_smr_2046,532384.0438757812,655021.0640624999,672719.083270958,17.940699080809182,39.90713919682211,39.0
probe_lr0_boak1,IAEA high,smr_then_large_2046,484086.7750453125,636872.321875,662533.0081087825,7.241254356488457,13.465440801705617,11.0
probe_lr0_boak1,IAEA high,large_then_smr_2047,533764.2566875,655563.4140624999,672733.180358034,18.24646193333445,41.238338646873224,40.0
probe_lr0_boak1,IAEA high,smr_then_large_2047,478997.3026023437,633970.8609374999,660569.3621506986,6.113767639369071,13.33071751073359,8.0
probe_lr0_boak1,IAEA high,large_then_smr_2048,534803.1551203125,655455.8046875,672606.0674276447,18.476612346085087,42.437265516108994,43.0
probe_lr0_boak1,IAEA high,smr_then_large_2048,473635.413303125,631527.9031249998,658099.318238523,4.925931565733248,13.36374325311339,7.0
probe_lr0_boak1,IAEA high,large_then_smr_2049,535461.5123125,655157.3156249999,672168.6234718064,18.62246026993757,43.60659694489332,46.0
probe_lr0_boak1,IAEA high,smr_then_large_2049,468216.9658859375,628209.51171875,655476.2766966068,3.7255659956771954,13.407319510405001,4.0
probe_lr0_boak1,IAEA high,large_then_smr_2050,535221.3640476563,653450.9390624999,670748.9500374252,18.569259475202024,44.47384027086141,44.0
probe_lr0_boak1,IAEA high,smr_then_large_2050,460983.70398359373,623681.009375,651830.362369012,2.1231589077666975,13.403778441915897,2.0
probe_lr0_boak1,McKinsey GEP 2025,pure_large,671320.8462375,823794.10703125,842543.9428954591,19.476387079025432,46.2454464062002,38.0
probe_lr0_boak1,McKinsey GEP 2025,pure_smr,562837.7796640625,777124.8343749999,819932.5644024451,0.1694268883950608,13.959022715291626,1.0
probe_lr0_boak1,McKinsey GEP 2025,const_0.1,676614.7086984375,832081.146875,851816.1316117764,20.418546947992656,46.1113193944507,44.0
probe_lr0_boak1,McKinsey GEP 2025,const_0.2,674199.499878125,832922.2656249999,853892.13563498,19.988707139636336,43.455647386349504,41.0
probe_lr0_boak1,McKinsey GEP 2025,const_0.3,668615.2922625,831003.4609375,854261.8887225549,18.994873931039653,40.07358499460756,35.0
probe_lr0_boak1,McKinsey GEP 2025,const_0.4,659938.6928875,827652.5984375,852929.1213198603,17.450681237982145,35.95079990279093,30.0
probe_lr0_boak1,McKinsey GEP 2025,const_0.5,649447.05524375,823929.6093749999,851154.5479353792,15.58346235562066,31.385078381299714,25.0
probe_lr0_boak1,McKinsey GEP 2025,const_0.6,636699.9242578126,816744.8648437499,847968.2504054392,13.314828565446197,26.169500044831718,21.0
probe_lr0_boak1,McKinsey GEP 2025,const_0.7,621837.178509375,810485.0624999999,843583.9314496008,10.669674353343519,20.540175485442475,15.0
probe_lr0_boak1,McKinsey GEP 2025,const_0.8,605031.233365625,802519.9125,837976.0519897705,7.678684845901376,14.364223496148183,10.0
probe_lr0_boak1,McKinsey GEP 2025,const_0.9,585418.4527921875,791908.3546874999,830107.9108969561,4.188156916341135,14.006424474300642,4.0
probe_lr0_boak1,McKinsey GEP 2025,large_then_smr_2032,574813.80306875,783921.2843749999,824548.7956586826,2.30082503577168,13.711257730885585,2.0
probe_lr0_boak1,McKinsey GEP 2025,smr_then_large_2032,677557.7308828125,832370.10625,851051.8792415169,20.586378595342747,47.75746963939325,46.0
probe_lr0_boak1,McKinsey GEP 2025,large_then_smr_2033,585626.975534375,790220.7124999999,828705.2584518463,4.225268148622993,13.737322302467863,5.0
probe_lr0_boak1,McKinsey GEP 2025,smr_then_large_2033,679055.9395859375,836239.1437499999,855235.9913298403,20.853017958536903,47.41138618780882,49.0
probe_lr0_boak1,McKinsey GEP 2025,large_then_smr_2034,595516.8398125,795314.9703124998,832549.1936751497,5.985388155732471,13.694856488680072,7.0
probe_lr0_boak1,McKinsey GEP 2025,smr_then_large_2034,678086.0636046875,837099.3585937499,856832.275511477,20.68040708431197,46.16636839253486,48.0
probe_lr0_boak1,McKinsey GEP 2025,large_then_smr_2035,604155.1776265625,800051.8648437499,835685.127744511,7.522771358081568,13.988785769772061,9.0
probe_lr0_boak1,McKinsey GEP 2025,smr_then_large_2035,676131.2530375,836922.6632812499,857645.6183258482,20.332505324221483,44.928964466565525,43.0
probe_lr0_boak1,McKinsey GEP 2025,large_then_smr_2036,611692.6671625,803471.3874999998,837991.984624501,8.86423427025989,17.04076829570319,12.0
probe_lr0_boak1,McKinsey GEP 2025,smr_then_large_2036,673069.07215625,835775.5812499999,857276.2127931637,19.787522533466934,43.009838375596864,39.0
probe_lr0_boak1,McKinsey GEP 2025,large_then_smr_2037,618409.333575,807039.78125,839781.2748565369,10.05961355972804,19.488788564365205,14.0
probe_lr0_boak1,McKinsey GEP 2025,smr_then_large_2037,670016.418484375,834315.5148437499,857248.8142153193,19.24423532026141,41.47708973410309,36.0
probe_lr0_boak1,McKinsey GEP 2025,large_then_smr_2038,624628.2921875,809425.65234375,841414.2025324352,11.16641474217281,21.832033315255206,17.0
probe_lr0_boak1,McKinsey GEP 2025,smr_then_large_2038,666392.76258125,832780.30078125,856469.7959393712,18.59932563549677,39.688525651067806,33.0
probe_lr0_boak1,McKinsey GEP 2025,large_then_smr_2039,630432.2518484375,811453.7648437499,842982.0300960579,12.19935768581543,24.095588273353854,18.0
probe_lr0_boak1,McKinsey GEP 2025,smr_then_large_2039,663042.7263765625,831119.12109375,856223.8515469062,18.003112625632344,38.11663148795195,32.0
probe_lr0_boak1,McKinsey GEP 2025,large_then_smr_2040,636148.090728125,813861.20546875,844706.8034867764,13.216617588138332,26.412351330530207,20.0
probe_lr0_boak1,McKinsey GEP 2025,smr_then_large_2040,658630.044353125,829528.03046875,854643.7834643214,17.21777829787581,36.20703524727802,29.0
probe_lr0_boak1,McKinsey GEP 2025,large_then_smr_2041,641943.1481109374,817204.8484375,846298.0633108782,14.247976174564712,28.661754725118538,23.0
probe_lr0_boak1,McKinsey GEP 2025,smr_then_large_2041,655164.5058703125,827803.3031249999,854270.0935628742,16.6010091039347,34.49298308097667,27.0
probe_lr0_boak1,McKinsey GEP 2025,large_then_smr_2042,649654.266325,820781.4796874999,848078.2250499002,15.620340148838675,31.79002610806324,26.0
probe_lr0_boak1,McKinsey GEP 2025,smr_then_large_2042,647588.0026375,824710.9351562498,852408.7868637724,15.252602841828628,31.313995208485654,24.0
probe_lr0_boak1,McKinsey GEP 2025,large_then_smr_2043,656304.8625609375,823734.56875,849524.4705276946,16.803960789616553,34.80132254130043,28.0
probe_lr0_boak1,McKinsey GEP 2025,smr_then_large_2043,639661.0452171875,820408.9507812499,850306.7898889721,13.841825508730365,27.89882444276967,22.0
probe_lr0_boak1,McKinsey GEP 2025,large_then_smr_2044,661893.105984375,826160.83515625,850493.3709456088,17.7985122594427,37.569962345833765,31.0
probe_lr0_boak1,McKinsey GEP 2025,smr_then_large_2044,631314.87244375,816022.5156249998,847776.6182322854,12.356439534949859,24.51306078731535,19.0
probe_lr0_boak1,McKinsey GEP 2025,large_then_smr_2045,666678.716278125,828119.8328125,851400.045377994,18.65021741811606,40.099388169654176,34.0
probe_lr0_boak1,McKinsey GEP 2025,smr_then_large_2045,622967.33394375,812231.88125,845207.3938061377,10.870810499932183,21.233015345649942,16.0
probe_lr0_boak1,McKinsey GEP 2025,large_then_smr_2046,670567.9791078125,830060.6640625,852131.041729042,19.3423977278683,42.16758258711804,37.0
probe_lr0_boak1,McKinsey GEP 2025,smr_then_large_2046,614545.8435859375,808334.1679687499,842496.8430326846,9.372020096786674,18.147115228809923,13.0
probe_lr0_boak1,McKinsey GEP 2025,large_then_smr_2047,673660.9820015625,831375.9960937499,852553.8924338822,19.892865977202963,44.004568987977095,40.0
probe_lr0_boak1,McKinsey GEP 2025,smr_then_large_2047,605781.965103125,803771.1164062499,839275.7167228044,7.812294156806532,14.960032406156097,11.0
probe_lr0_boak1,McKinsey GEP 2025,large_then_smr_2048,675941.802403125,832595.203125,852679.7629740519,20.29878839519743,45.60773062606053,42.0
probe_lr0_boak1,McKinsey GEP 2025,smr_then_large_2048,596931.852471875,799416.8578125,835784.2136976048,6.237220943527949,14.378397306172173,8.0
probe_lr0_boak1,McKinsey GEP 2025,large_then_smr_2049,677617.5523375,833248.3960937499,852594.5055202096,20.597025145819963,47.12348015029383,47.0
probe_lr0_boak1,McKinsey GEP 2025,smr_then_large_2049,588053.6505046875,794437.33125,832189.146768962,4.657148611881343,14.286302301193844,6.0
probe_lr0_boak1,McKinsey GEP 2025,large_then_smr_2050,677549.99499375,831733.1,850863.0863585329,20.585001822848326,48.15517334514196,45.0
probe_lr0_boak1,McKinsey GEP 2025,smr_then_large_2050,576384.108165625,786582.325,826524.0495259481,2.580295546240574,14.056006391649627,3.0
probe_lr0_boak1,COP28 tripling pledge,pure_large,1231059.39851875,1525557.3359375,1563765.0106037925,23.098072470955,57.29290395028534,39.0
probe_lr0_boak1,COP28 tripling pledge,pure_smr,1001571.631721875,1410692.9437499999,1493676.3115643712,0.15076238798902458,18.766606848241,1.0
probe_lr0_boak1,COP28 tripling pledge,const_0.1,1238656.156040625,1538293.5624999998,1577739.7296656687,23.857699674237992,56.48572116353793,44.0
probe_lr0_boak1,COP28 tripling pledge,const_0.2,1231340.200175,1537050.4921874998,1577926.6022954092,23.126150842049533,52.330364863540154,41.0
probe_lr0_boak1,COP28 tripling pledge,const_0.3,1218140.443175,1532448.9203124999,1575581.0699226547,21.80625949826866,47.781871189536744,34.0
probe_lr0_boak1,COP28 tripling pledge,const_0.4,1199080.17341875,1522075.203125,1569947.0525823354,19.90035433187787,42.20443702665053,29.0
probe_lr0_boak1,COP28 tripling pledge,const_0.5,1176872.823396875,1511207.0515625,1564107.7861776447,17.6797612510973,36.044952563464804,25.0
probe_lr0_boak1,COP28 tripling pledge,const_0.6,1150397.047296875,1496672.3156249998,1555623.8293413173,15.032352840906814,29.718941243258218,21.0
probe_lr0_boak1,COP28 tripling pledge,const_0.7,1120821.937109375,1482149.671875,1545972.904004491,12.07503082900561,23.24429879728797,16.0
probe_lr0_boak1,COP28 tripling pledge,const_0.8,1087442.72226875,1464047.5453124999,1534062.0136601797,8.737322662836851,18.39812414851846,9.0
probe_lr0_boak1,COP28 tripling pledge,const_0.9,1048413.959496875,1439912.015625,1517260.1853168663,4.83469580833678,19.036767706858665,4.0
probe_lr0_boak1,COP28 tripling pledge,large_then_smr_2032,1029509.9990125,1426936.059375,1506565.0649326348,2.9444205702015327,19.08350221998641,2.0
probe_lr0_boak1,COP28 tripling pledge,smr_then_large_2032,1245778.0298875,1543815.0187499998,1582573.229478543,24.569841544879228,59.33361102566061,48.0
probe_lr0_boak1,COP28 tripling pledge,large_then_smr_2033,1053941.430359375,1440678.815625,1517880.8508607785,5.387407569955935,19.152232202351005,5.0
probe_lr0_boak1,COP28 tripling pledge,smr_then_large_2033,1245910.76218125,1549107.390625,1587452.057010978,24.58311392599661,57.91738591371415,49.0
probe_lr0_boak1,COP28 tripling pledge,large_then_smr_2034,1073742.65838125,1452377.0484375,1525557.984219062,7.367403827637362,18.814660027090863,7.0
probe_lr0_boak1,COP28 tripling pledge,smr_then_large_2034,1241758.902553125,1548661.1703125,1588180.5291916167,24.167954496640792,56.08381872472062,45.0
probe_lr0_boak1,COP28 tripling pledge,large_then_smr_2035,1090243.3440375,1460382.29375,1530956.849301397,9.017366941665424,18.15538653724027,10.0
probe_lr0_boak1,COP28 tripling pledge,smr_then_large_2035,1234437.367046875,1545896.4171875,1585743.5077969062,23.435847736047865,53.498483957311294,42.0
probe_lr0_boak1,COP28 tripling pledge,large_then_smr_2036,1102472.671921875,1466929.2937499997,1533980.856786427,10.240221575644272,18.6533640857544,12.0
probe_lr0_boak1,COP28 tripling pledge,smr_then_large_2036,1226923.569253125,1541944.29375,1584228.6820733533,22.684515975403293,51.44372777983505,38.0
probe_lr0_boak1,COP28 tripling pledge,large_then_smr_2037,1108846.53796875,1470743.1046875,1536025.2239271458,10.877567446609106,20.07325458844029,13.0
probe_lr0_boak1,COP28 tripling pledge,smr_then_large_2037,1223308.46703125,1540489.0734374998,1583063.4643837325,22.323028856395283,50.19443262414678,37.0
probe_lr0_boak1,COP28 tripling pledge,large_then_smr_2038,1115294.940478125,1474446.1437499998,1538255.5898827345,11.522366487480765,21.513468792208208,14.0
probe_lr0_boak1,COP28 tripling pledge,smr_then_large_2038,1220388.793359375,1539315.4328124998,1582477.3161177645,22.031080148084005,49.3210665672706,35.0
probe_lr0_boak1,COP28 tripling pledge,large_then_smr_2039,1122011.98213125,1477822.340625,1540786.0409181637,12.194027725924421,22.968838277379547,17.0
probe_lr0_boak1,COP28 tripling pledge,smr_then_large_2039,1216859.714021875,1537560.515625,1580389.1401571857,21.67819476776358,48.06791853282554,33.0
probe_lr0_boak1,COP28 tripling pledge,large_then_smr_2040,1130168.78341875,1482989.603125,1544950.0751621756,13.009655726675646,24.88565639568234,18.0
probe_lr0_boak1,COP28 tripling pledge,smr_then_large_2040,1213098.44816875,1534738.0578124998,1578427.0526447105,21.302092219724376,47.56112279789482,32.0
probe_lr0_boak1,COP28 tripling pledge,large_then_smr_2041,1140107.20315,1488052.275,1549214.1388473054,14.003434185941071,27.553979609176633,20.0
probe_lr0_boak1,COP28 tripling pledge,smr_then_large_2041,1210509.90205625,1532465.8984375,1577990.4700598803,21.043254151200358,46.398059630991874,31.0
probe_lr0_boak1,COP28 tripling pledge,large_then_smr_2042,1161977.048009375,1499740.9484374998,1556138.8960828343,16.190278907379493,32.483458308860335,23.0
probe_lr0_boak1,COP28 tripling pledge,smr_then_large_2042,1194188.36825,1524259.1718749998,1572865.9066866268,19.411205077259346,41.835569976492394,27.0
probe_lr0_boak1,COP28 tripling pledge,large_then_smr_2043,1180651.61525,1509472.0640624997,1561899.14626996,18.057616287132383,37.055819207473924,26.0
probe_lr0_boak1,COP28 tripling pledge,smr_then_large_2043,1176318.971134375,1515062.3624999998,1567165.4825973054,17.624379564373278,37.172849227911236,24.0
probe_lr0_boak1,COP28 tripling pledge,large_then_smr_2044,1196611.779609375,1517437.0328125,1566521.1061626747,19.65353072580419,41.28261156688688,28.0
probe_lr0_boak1,COP28 tripling pledge,smr_then_large_2044,1157513.063821875,1505060.4734374997,1560974.035741018,15.743909016793172,32.5060943621565,22.0
probe_lr0_boak1,COP28 tripling pledge,large_then_smr_2045,1210305.100053125,1523603.3453125,1570740.888473054,21.022775259724273,45.17050371091671,30.0
probe_lr0_boak1,COP28 tripling pledge,smr_then_large_2045,1138114.948134375,1493547.33125,1554329.0457834331,13.804221416363001,27.890720587559805,19.0
probe_lr0_boak1,COP28 tripling pledge,large_then_smr_2046,1221789.903553125,1530930.8109374999,1574571.2546781437,22.171182213327615,48.71989873880076,36.0
probe_lr0_boak1,COP28 tripling pledge,smr_then_large_2046,1118294.881378125,1481796.9328125,1547285.100985529,11.822341405637532,23.379452659403604,15.0
probe_lr0_boak1,COP28 tripling pledge,large_then_smr_2047,1231157.418115625,1535740.4515624999,1577915.023016467,23.107873804224713,51.92235031535685,40.0
probe_lr0_boak1,COP28 tripling pledge,smr_then_large_2047,1098169.36451875,1473170.1453125,1539812.771706587,9.809918336651851,18.988764524813433,11.0
probe_lr0_boak1,COP28 tripling pledge,large_then_smr_2048,1238393.034703125,1541394.0374999999,1580634.7354041915,23.83138922202813,54.75878465961871,43.0
probe_lr0_boak1,COP28 tripling pledge,smr_then_large_2048,1077552.3869875,1460090.4046874999,1531565.5765344312,7.748352341276195,18.68744628251051,8.0
probe_lr0_boak1,COP28 tripling pledge,large_then_smr_2049,1243763.447171875,1544240.8046875,1582765.1421531937,24.368396147991696,57.33231393153482,46.0
probe_lr0_boak1,COP28 tripling pledge,smr_then_large_2049,1055632.261659375,1446256.0453124999,1521546.937000998,5.556479894292192,19.168178058227635,6.0
probe_lr0_boak1,COP28 tripling pledge,large_then_smr_2050,1245139.90639375,1542529.2359375,1581528.6418413173,24.506033273585764,59.25652532732225,47.0
probe_lr0_boak1,COP28 tripling pledge,smr_then_large_2050,1031443.50415,1430232.575,1510065.4993138723,3.137758727422314,19.258284799371776,3.0
probe_lr0_boak1,2025 EO,pure_large,1845452.578209375,2311094.853125,2369324.539545908,26.04128033029396,63.17044128586058,41.0
probe_lr0_boak1,2025 EO,pure_smr,1466267.388821875,2095683.546875,2228458.384231537,0.14357517275554807,16.7389580180942,1.0
probe_lr0_boak1,2025 EO,const_0.1,1855471.946028125,2325629.234375,2385219.3073852295,26.72558615472253,60.908034369681666,44.0
probe_lr0_boak1,2025 EO,const_0.2,1839427.897290625,2316559.265625,2377277.8444361277,25.6298048442549,56.04872532715885,39.0
probe_lr0_boak1,2025 EO,const_0.3,1815800.065134375,2301864.9656249997,2368438.780189621,24.01606399197429,50.849704791539224,34.0
probe_lr0_boak1,2025 EO,const_0.4,1783693.732865625,2279924.565625,2356079.587075848,21.82325596556075,44.64455206616304,29.0
probe_lr0_boak1,2025 EO,const_0.5,1746178.103428125,2260312.571875,2343155.652694611,19.26100211925092,37.913532284140636,25.0
probe_lr0_boak1,2025 EO,const_0.6,1703042.9638625,2235636.015625,2328157.5598802394,16.314945264540203,30.955190136118244,20.0
probe_lr0_boak1,2025 EO,const_0.7,1656960.2862,2212833.3,2313845.1828842317,13.167576558233215,24.097353210379055,15.0
probe_lr0_boak1,2025 EO,const_0.8,1603543.3764875,2182847.08125,2293926.383732535,9.519292245241587,16.896735636528337,10.0
probe_lr0_boak1,2025 EO,const_0.9,1541791.3785,2145035.86875,2267263.6603043913,5.301735543323895,16.615991191238717,5.0
probe_lr0_boak1,2025 EO,large_then_smr_2032,1510559.510625,2123152.381249999,2250623.3651447105,3.1686519514978015,17.319604582812623,3.0
probe_lr0_boak1,2025 EO,smr_then_large_2032,1869306.439578125,2339784.640625,2398249.9351297407,27.670458594335745,64.92271536706822,49.0
probe_lr0_boak1,2025 EO,large_then_smr_2033,1547401.768615625,2144061.8843749994,2268361.585454092,5.68491567034289,17.62393755468271,6.0
probe_lr0_boak1,2025 EO,smr_then_large_2033,1868246.984134375,2344228.875,2401729.7647205587,27.598099584865714,63.32426187133416,48.0
probe_lr0_boak1,2025 EO,large_then_smr_2034,1577545.179690625,2160478.8187499996,2280550.2299151695,7.743659509267107,17.258759331658457,8.0
probe_lr0_boak1,2025 EO,smr_then_large_2034,1860940.273375,2339851.1125,2399242.568238523,27.099063635641624,61.08714240203592,45.0
probe_lr0_boak1,2025 EO,large_then_smr_2035,1603893.05411875,2176165.1875,2290390.616516966,9.543174634237126,16.838511332772,11.0
probe_lr0_boak1,2025 EO,smr_then_large_2035,1850136.982509375,2333656.290625,2393906.318862275,26.361217197016174,58.595752617352524,42.0
probe_lr0_boak1,2025 EO,large_then_smr_2036,1627258.200403125,2190435.1,2298266.488023952,11.138974487108293,19.640218728171998,12.0
probe_lr0_boak1,2025 EO,smr_then_large_2036,1837838.01581875,2323804.628125,2387885.783932136,25.52121863691763,56.00013535284372,38.0
probe_lr0_boak1,2025 EO,large_then_smr_2037,1648314.13615,2199204.515625,2304813.5631237524,12.577059177782708,22.77237039060905,14.0
probe_lr0_boak1,2025 EO,smr_then_large_2037,1824544.2954875,2316057.203125,2381272.7453842317,24.6132800907376,53.37631088897848,36.0
probe_lr0_boak1,2025 EO,large_then_smr_2038,1667778.937103125,2209983.128125,2310908.021956088,13.906472061362019,25.76565025875689,17.0
probe_lr0_boak1,2025 EO,smr_then_large_2038,1810966.20746875,2307075.33125,2375034.312999002,23.685919713923568,50.93051875918695,33.0
probe_lr0_boak1,2025 EO,large_then_smr_2039,1686135.676521875,2219787.84375,2316641.7259231536,15.160206221940555,28.484422170455872,19.0
probe_lr0_boak1,2025 EO,smr_then_large_2039,1797251.0215125,2297305.665625,2368849.0834580837,22.749195780561305,48.21063273141169,31.0
probe_lr0_boak1,2025 EO,large_then_smr_2040,1704377.38044375,2229178.0687499996,2322850.82996507,16.406083653237204,31.245807954911413,21.0
probe_lr0_boak1,2025 EO,smr_then_large_2040,1784960.296053125,2290456.53125,2364888.1588073852,21.909760082576113,45.86591355355144,30.0
probe_lr0_boak1,2025 EO,large_then_smr_2041,1728870.156359375,2244828.3281249995,2333965.179266467,18.07889869692895,35.41393389710214,23.0
probe_lr0_boak1,2025 EO,smr_then_large_2041,1771265.163428125,2281761.99375,2358116.2225548904,20.974405757718277,43.64658579232185,27.0
probe_lr0_boak1,2025 EO,large_then_smr_2042,1755489.468196875,2260274.921875,2342203.477919162,19.896952536472902,39.78736880833748,26.0
probe_lr0_boak1,2025 EO,smr_then_large_2042,1743322.06569375,2264052.678125,2347159.759481038,19.065939587185458,38.92705349660998,24.0
probe_lr0_boak1,2025 EO,large_then_smr_2043,1778898.71748125,2273487.534375,2349899.4333832334,21.495764549424504,43.86472203649753,28.0
probe_lr0_boak1,2025 EO,smr_then_large_2043,1714734.104446875,2247036.3718749997,2336174.493013972,17.113430332742755,34.276771412029994,22.0
probe_lr0_boak1,2025 EO,large_then_smr_2044,1799441.662746875,2285092.275,2357547.605913174,22.8988128605043,47.786905787689356,32.0
probe_lr0_boak1,2025 EO,smr_then_large_2044,1685900.0479125,2230008.846875,2325420.289795409,15.144113187657936,29.790063764395967,18.0
probe_lr0_boak1,2025 EO,large_then_smr_2045,1817344.834115625,2298637.05,2365136.4205339323,24.121569092734013,51.407842796601706,35.0
probe_lr0_boak1,2025 EO,smr_then_large_2045,1657023.611990625,2214255.5906249997,2314651.513473054,13.171901602302375,25.456924852241258,16.0
probe_lr0_boak1,2025 EO,large_then_smr_2046,1832664.7890875,2309784.815625,2372654.5928143715,25.16789602741535,54.73022230893592,37.0
probe_lr0_boak1,2025 EO,smr_then_large_2046,1628207.634859375,2196806.140625,2303719.053018962,11.203819249779768,21.25103421684435,13.0
probe_lr0_boak1,2025 EO,large_then_smr_2047,1845376.78759375,2320049.528125,2379908.979416168,26.036103959823546,57.74898598158708,40.0
probe_lr0_boak1,2025 EO,smr_then_large_2047,1599352.52315625,2179535.521874999,2292439.989520958,9.23306407238886,17.174632896289697,9.0
probe_lr0_boak1,2025 EO,large_then_smr_2048,1855339.56318125,2327562.0374999996,2386413.178018962,26.716544630864956,60.44854899541924,43.0
probe_lr0_boak1,2025 EO,smr_then_large_2048,1570322.5793,2163454.340625,2280563.2189371255,7.25036815553763,16.631840666300832,7.0
probe_lr0_boak1,2025 EO,large_then_smr_2049,1862718.07396875,2333711.646875,2391785.6303642713,27.220484400203144,62.90701046051493,46.0
probe_lr0_boak1,2025 EO,smr_then_large_2049,1540792.8673875,2146085.934375,2267679.1664171657,5.233538928287793,16.61804867763245,4.0
probe_lr0_boak1,2025 EO,large_then_smr_2050,1864827.474903125,2335512.65,2392714.6074101795,27.364552905478156,64.82126677446755,47.0
probe_lr0_boak1,2025 EO,smr_then_large_2050,1507273.614784375,2123827.1781249996,2251356.8445608784,2.944230840018353,16.686765308268043,2.0
probe_lr1_boak0,EIA 2026 AEO high,pure_large,156167.46681308595,189483.8017578125,194707.1002994012,6.249129340230745,39.74344653750702,1.0
probe_lr1_boak0,EIA 2026 AEO high,pure_smr,157449.90232050783,196414.0734375,201722.75758638972,7.121639209790552,49.72710302626971,7.0
probe_lr1_boak0,EIA 2026 AEO high,const_0.1,158357.00664140625,190158.3537109375,194986.76616298652,7.738791080682935,37.54153196176726,14.0
probe_lr1_boak0,EIA 2026 AEO high,const_0.2,159927.4079763672,190682.69453125,195150.52903567866,8.807219595016463,35.67166193156678,36.0
probe_lr1_boak0,EIA 2026 AEO high,const_0.3,160870.78738242187,190743.55761718747,195217.27236932385,9.449051357907141,32.088350092315494,39.0
probe_lr1_boak0,EIA 2026 AEO high,const_0.4,161289.30802128906,190580.735546875,195312.56167352793,9.733793464557165,28.937644936899147,43.0
probe_lr1_boak0,EIA 2026 AEO high,const_0.5,161287.05386621095,190737.094140625,195510.58803486777,9.73225984158603,26.430420265002642,42.0
probe_lr1_boak0,EIA 2026 AEO high,const_0.6,161062.3480548828,191166.532421875,196043.42118107536,9.57938038917179,30.97362892817422,40.0
probe_lr1_boak0,EIA 2026 AEO high,const_0.7,160514.93433867188,191897.6669921875,196751.26717658434,9.206945387674805,35.75176163206527,38.0
probe_lr1_boak0,EIA 2026 AEO high,const_0.8,159634.00361210937,192769.3884765625,197794.28585017464,8.607600821124661,40.467843943373865,35.0
probe_lr1_boak0,EIA 2026 AEO high,const_0.9,158696.13554472657,194521.106640625,199575.06243762476,7.969518718437456,45.12527763109545,20.0
probe_lr1_boak0,EIA 2026 AEO high,large_then_smr_2032,157449.90232050783,196414.0734375,201722.75758638972,7.121639209790552,49.72710302626971,8.0
probe_lr1_boak0,EIA 2026 AEO high,smr_then_large_2032,156167.46681308595,189483.8017578125,194707.1002994012,6.249129340230745,39.74344653750702,2.0
probe_lr1_boak0,EIA 2026 AEO high,large_then_smr_2033,157449.90232050783,196414.0734375,201722.75758638972,7.121639209790552,49.72710302626971,9.0
probe_lr1_boak0,EIA 2026 AEO high,smr_then_large_2033,156167.46681308595,189483.8017578125,194707.1002994012,6.249129340230745,39.74344653750702,3.0
probe_lr1_boak0,EIA 2026 AEO high,large_then_smr_2034,157449.90232050783,196414.0734375,201722.75758638972,7.121639209790552,49.72710302626971,10.0
probe_lr1_boak0,EIA 2026 AEO high,smr_then_large_2034,156167.46681308595,189483.8017578125,194707.1002994012,6.249129340230745,39.74344653750702,4.0
probe_lr1_boak0,EIA 2026 AEO high,large_then_smr_2035,157449.90232050783,196414.0734375,201722.75758638972,7.121639209790552,49.72710302626971,11.0
probe_lr1_boak0,EIA 2026 AEO high,smr_then_large_2035,156167.46681308595,189483.8017578125,194707.1002994012,6.249129340230745,39.74344653750702,5.0
probe_lr1_boak0,EIA 2026 AEO high,large_then_smr_2036,157449.90232050783,196414.0734375,201722.75758638972,7.121639209790552,49.72710302626971,12.0
probe_lr1_boak0,EIA 2026 AEO high,smr_then_large_2036,156167.46681308595,189483.8017578125,194707.1002994012,6.249129340230745,39.74344653750702,6.0
probe_lr1_boak0,EIA 2026 AEO high,large_then_smr_2037,159956.61779277344,193170.4986328125,198078.27787393963,8.827092604579118,40.886147251635784,37.0
probe_lr1_boak0,EIA 2026 AEO high,smr_then_large_2037,161163.87286933593,191787.647265625,196143.7682603543,9.648453182386676,37.342746401360294,41.0
probe_lr1_boak0,EIA 2026 AEO high,large_then_smr_2038,161521.5803875,191640.0943359375,196446.4188342066,9.891820851331934,32.32546800827381,46.0
probe_lr1_boak0,EIA 2026 AEO high,smr_then_large_2038,162898.44843007813,192187.5453125,196615.25683788673,10.828578254942808,31.529880613281307,49.0
probe_lr1_boak0,EIA 2026 AEO high,large_then_smr_2039,162146.54888789062,191200.94707031248,195940.39445328093,10.31702054488302,28.177442583539285,47.0
probe_lr1_boak0,EIA 2026 AEO high,smr_then_large_2039,162736.20539785156,192246.657421875,196922.9694829092,10.71819559159191,29.688169523230183,48.0
probe_lr1_boak0,EIA 2026 AEO high,large_then_smr_2040,161413.76930820313,191309.227734375,195664.3805358034,9.818471173948529,33.729166790945676,44.0
probe_lr1_boak0,EIA 2026 AEO high,smr_then_large_2040,161495.17418867187,192848.89316406247,197665.2152413922,9.873855293639746,37.330355192031206,45.0
probe_lr1_boak0,EIA 2026 AEO high,large_then_smr_2041,158931.71980429688,190536.3525390625,195289.93725829592,8.129799364441448,37.17940036404254,25.0
probe_lr1_boak0,EIA 2026 AEO high,smr_then_large_2041,159515.35610371095,194607.603125,199473.03425960577,8.526878538033461,44.35437299356009,34.0
probe_lr1_boak0,EIA 2026 AEO high,large_then_smr_2042,158867.77260253907,190500.3029296875,195276.73735341817,8.086292642784473,37.27823238388818,24.0
probe_lr1_boak0,EIA 2026 AEO high,smr_then_large_2042,159460.84435820312,194674.6455078125,199528.85903193612,8.489791264882303,44.51153472114942,33.0
probe_lr1_boak0,EIA 2026 AEO high,large_then_smr_2043,158808.85025195312,190499.2451171875,195266.27689152944,8.046204597712137,37.37431109695314,23.0
probe_lr1_boak0,EIA 2026 AEO high,smr_then_large_2043,159409.20903886718,194677.28515625,199582.00833489271,8.454660979204977,44.66038337575614,32.0
probe_lr1_boak0,EIA 2026 AEO high,large_then_smr_2044,158754.6918033203,190469.89394531248,195258.27616641717,8.009357691432092,37.46786240195977,22.0
probe_lr1_boak0,EIA 2026 AEO high,smr_then_large_2044,159360.29728085938,194757.89042968748,199632.9153178019,8.421383678824288,44.801341520872654,31.0
probe_lr1_boak0,EIA 2026 AEO high,large_then_smr_2045,158705.0551359375,190441.95312499997,195252.4556434007,7.9755871962041285,37.55909890947028,21.0
probe_lr1_boak0,EIA 2026 AEO high,smr_then_large_2045,159313.9649560547,194772.02187499998,199681.41271363522,8.38986130562284,44.93482906235934,30.0
probe_lr1_boak0,EIA 2026 AEO high,large_then_smr_2046,158659.71326484374,190419.587890625,195248.35601453343,7.944738681947738,37.648235887678915,19.0
probe_lr1_boak0,EIA 2026 AEO high,smr_then_large_2046,159270.07617578126,194804.0333984375,199728.07086608035,8.36000140722647,45.06125527554846,29.0
probe_lr1_boak0,EIA 2026 AEO high,large_then_smr_2047,158618.49895898436,190385.6685546875,195246.0864520958,7.916698372379537,37.73544874029951,18.0
probe_lr1_boak0,EIA 2026 AEO high,smr_then_large_2047,159228.5140158203,194798.3501953125,199772.42961732784,8.331724433798744,45.18084605916237,28.0
probe_lr1_boak0,EIA 2026 AEO high,large_then_smr_2048,158581.2517966797,190409.91972656248,195245.71819641965,7.8913571240002955,37.821067013703484,17.0
probe_lr1_boak0,EIA 2026 AEO high,smr_then_large_2048,159189.16456660157,194824.9671875,199814.61875467814,8.304952886530748,45.29401068853333,27.0
probe_lr1_boak0,EIA 2026 AEO high,large_then_smr_2049,158547.78712773437,190400.60917968748,195247.0552020958,7.868589309348131,37.90526345397265,15.0
probe_lr1_boak0,EIA 2026 AEO high,smr_then_large_2049,159151.9115673828,194854.94531249997,199854.796375998,8.279607666984848,45.401131862673324,26.0
probe_lr1_boak0,EIA 2026 AEO high,large_then_smr_2050,157903.75485527344,190189.1029296875,195182.05880426647,7.43041950604406,38.92578617970856,13.0
probe_lr1_boak0,EIA 2026 AEO high,smr_then_large_2050,158577.68599433594,195450.13769531247,200498.70512100798,7.888931116828929,46.98847966253847,16.0
probe_lr1_boak0,Abou-Jaoude mod,pure_large,213539.8265875,261397.46171874995,268354.4033105664,7.645883899434147,47.4018901107548,7.0
probe_lr1_boak0,Abou-Jaoude mod,pure_smr,210985.830684375,269962.98984375,277789.3055841442,6.358409095033807,51.11936181674164,1.0
probe_lr1_boak0,Abou-Jaoude mod,const_0.1,217092.97342421874,262810.7296875,269498.6222243014,9.43703282923972,45.55201050534669,21.0
probe_lr1_boak0,Abou-Jaoude mod,const_0.2,219058.23811289063,263316.80234374997,269875.53194392467,10.42772696760807,42.63956235140756,29.0
probe_lr1_boak0,Abou-Jaoude mod,const_0.3,220240.79534960937,262961.5412109375,270294.0313591567,11.023856603201367,39.15378071565719,39.0
probe_lr1_boak0,Abou-Jaoude mod,const_0.4,220661.73427851562,263016.63203125,270684.0990207086,11.23605281874539,34.68973373796226,45.0
probe_lr1_boak0,Abou-Jaoude mod,const_0.5,220407.6464328125,263297.5921875,271232.0144554641,11.107966591572175,29.776374220183385,42.0
probe_lr1_boak0,Abou-Jaoude mod,const_0.6,219541.15446679687,264014.50937499997,271882.7417898578,10.671166135825384,33.4161472452983,32.0
probe_lr1_boak0,Abou-Jaoude mod,const_0.7,218186.89963242188,265295.84921874997,272814.63172873005,9.988483373546172,38.06125550353185,24.0
probe_lr1_boak0,Abou-Jaoude mod,const_0.8,216165.10122539062,266453.15898437495,273963.8655423528,8.969290466680304,42.53699922623107,17.0
probe_lr1_boak0,Abou-Jaoude mod,const_0.9,213802.2947703125,268042.65195312497,275675.9417337201,7.778194672491522,46.97286571272122,9.0
probe_lr1_boak0,Abou-Jaoude mod,large_then_smr_2032,211326.7622441406,269242.03125,277094.4104213448,6.53027342445034,50.20144695306163,2.0
probe_lr1_boak0,Abou-Jaoude mod,smr_then_large_2032,214499.96052851563,261771.59179687494,268751.6234951971,8.129889475321995,47.3826790932023,11.0
probe_lr1_boak0,Abou-Jaoude mod,large_then_smr_2033,211701.227659375,268701.55351562495,276491.1050711078,6.719042242224741,49.196180640157664,3.0
probe_lr1_boak0,Abou-Jaoude mod,smr_then_large_2033,215215.55454609374,262076.187890625,268905.2655236402,8.490621952098548,46.980496165059876,13.0
probe_lr1_boak0,Abou-Jaoude mod,large_then_smr_2034,212020.43904726562,268242.1171875,275909.8990378618,6.879957386483188,48.38654927947191,4.0
probe_lr1_boak0,Abou-Jaoude mod,smr_then_large_2034,215804.35503515624,262247.536328125,268976.5175040544,8.787437539609483,46.53461585166659,15.0
probe_lr1_boak0,Abou-Jaoude mod,large_then_smr_2035,212357.5419265625,267694.662890625,275379.74019928894,7.049891669875927,47.49268166326536,5.0
probe_lr1_boak0,Abou-Jaoude mod,smr_then_large_2035,216329.97540859375,262455.51796875,269024.60769086826,9.052403895527384,46.270424977339914,18.0
probe_lr1_boak0,Abou-Jaoude mod,large_then_smr_2036,212755.68783828124,267385.223046875,274986.9020474676,7.250597876642227,46.65105556977999,6.0
probe_lr1_boak0,Abou-Jaoude mod,smr_then_large_2036,216718.05412304687,262410.192578125,268985.8587356537,9.248035206592183,45.77816726691952,20.0
probe_lr1_boak0,Abou-Jaoude mod,large_then_smr_2037,213634.25239804687,266301.83125,273968.40733376995,7.693484152753047,44.562595841817235,8.0
probe_lr1_boak0,Abou-Jaoude mod,smr_then_large_2037,218214.57872890626,263073.139453125,269725.5306496382,10.002436465361468,44.95415521115525,25.0
probe_lr1_boak0,Abou-Jaoude mod,large_then_smr_2038,214439.43403164062,265518.524609375,273124.7246678518,8.099377938623824,42.6426617919188,10.0
probe_lr1_boak0,Abou-Jaoude mod,smr_then_large_2038,219110.74541484375,263421.88203125,270029.1308086951,10.454196010972225,43.41104341954903,31.0
probe_lr1_boak0,Abou-Jaoude mod,large_then_smr_2039,215227.64075703124,265015.00546874997,272504.02913703845,8.496714636915959,40.816346992481456,14.0
probe_lr1_boak0,Abou-Jaoude mod,smr_then_large_2039,219600.53010546876,263223.12363281247,269960.6118856038,10.701097522438682,42.19322913374643,33.0
probe_lr1_boak0,Abou-Jaoude mod,large_then_smr_2040,215957.84903164062,264377.548046875,271980.16311127745,8.864814191959843,38.90825540461262,16.0
probe_lr1_boak0,Abou-Jaoude mod,smr_then_large_2040,220158.89906796874,263203.070703125,270185.1885291916,10.982572512237335,40.828345017281315,37.0
probe_lr1_boak0,Abou-Jaoude mod,large_then_smr_2041,216664.16221757812,263879.6064453125,271570.91450692364,9.220868181630538,37.274669093483325,19.0
probe_lr1_boak0,Abou-Jaoude mod,smr_then_large_2041,220642.14543203125,263408.1828125,270515.87945983035,11.226178039281162,39.51720685336621,43.0
probe_lr1_boak0,Abou-Jaoude mod,large_then_smr_2042,217600.7451128906,263322.945703125,271146.9532965319,9.693001624942545,34.75018267367634,23.0
probe_lr1_boak0,Abou-Jaoude mod,smr_then_large_2042,220829.8033984375,263269.88203125,270567.25362556137,11.320776822034665,37.54716780740142,47.0
probe_lr1_boak0,Abou-Jaoude mod,large_then_smr_2043,218368.84619648437,262951.6943359375,270856.3831711577,10.080203026146654,32.33800469740045,26.0
probe_lr1_boak0,Abou-Jaoude mod,smr_then_large_2043,221122.34469765626,263302.68671875,271007.8828358907,11.468247517476984,34.81197850730001,49.0
probe_lr1_boak0,Abou-Jaoude mod,large_then_smr_2044,219103.42885117186,262851.71640624997,270818.9702781936,10.450507715556087,30.18729820069517,30.0
probe_lr1_boak0,Abou-Jaoude mod,smr_then_large_2044,221026.01942304688,263307.862109375,271216.2327376497,11.419689740256286,32.80537433372839,48.0
probe_lr1_boak0,Abou-Jaoude mod,large_then_smr_2045,219624.87890234374,262593.08749999997,270632.134644773,10.713371803088728,29.778792335143866,34.0
probe_lr1_boak0,Abou-Jaoude mod,smr_then_large_2045,220818.80351132812,263663.1994140625,271460.77636133984,11.315231755385481,30.127607387342476,46.0
probe_lr1_boak0,Abou-Jaoude mod,large_then_smr_2046,220184.7701375,262835.07304687495,270663.56214913924,10.995614173793495,32.39968041293569,38.0
probe_lr1_boak0,Abou-Jaoude mod,smr_then_large_2046,220658.740903125,264146.4845703125,271948.2784743014,11.234543851800368,31.140632147269482,44.0
probe_lr1_boak0,Abou-Jaoude mod,large_then_smr_2047,220393.38443320311,262973.6365234375,270385.98662830587,11.100777087025602,36.52111712690146,41.0
probe_lr1_boak0,Abou-Jaoude mod,smr_then_large_2047,220030.92410390626,265206.2912109375,272935.14361121505,10.918060058782375,35.41742093255232,36.0
probe_lr1_boak0,Abou-Jaoude mod,large_then_smr_2048,220378.4113625,263265.1408203125,270451.8060753493,11.093229130017844,40.33720184518961,40.0
probe_lr1_boak0,Abou-Jaoude mod,smr_then_large_2048,218871.1494296875,266142.13554687495,273722.91160647455,10.333415161736442,39.08024087745346,28.0
probe_lr1_boak0,Abou-Jaoude mod,large_then_smr_2049,220017.64707421875,263965.931640625,270550.46340132237,10.911367079682835,44.07139359525581,35.0
probe_lr1_boak0,Abou-Jaoude mod,smr_then_large_2049,217187.33793710938,267061.783203125,274453.8703530439,9.48460218227883,42.44986635254508,22.0
probe_lr1_boak0,Abou-Jaoude mod,large_then_smr_2050,218474.3660296875,263782.6837890625,270405.6815509606,10.133395800045516,47.16131327112365,27.0
probe_lr1_boak0,Abou-Jaoude mod,smr_then_large_2050,214633.01585117186,268163.28125,275759.6534665045,8.196962948424156,46.5813910167898,12.0
probe_lr1_boak0,IAEA high,pure_large,520187.3770859375,640907.18828125,660461.9555264472,9.049680389228916,53.021845990351316,8.0
probe_lr1_boak0,IAEA high,pure_smr,504445.31921875,658255.3703124999,681190.983376996,5.749588048076351,51.20507533085503,1.0
probe_lr1_boak0,IAEA high,const_0.1,529753.8328671874,645106.3531249999,663893.1783308383,11.055148017542123,51.35357088245138,22.0
probe_lr1_boak0,IAEA high,const_0.2,534410.5677132813,646007.9015624999,664553.16937999,12.031364413773545,48.30206255297354,35.0
probe_lr1_boak0,IAEA high,const_0.3,536912.1426828125,647419.2796875,665644.3597180638,12.55578304235555,44.22793316850936,44.0
probe_lr1_boak0,IAEA high,const_0.4,536885.144140625,646999.678125,666383.5480913174,12.550123192604842,38.97006155892412,43.0
probe_lr1_boak0,IAEA high,const_0.5,535677.5658476562,648650.2078125,667861.0384543414,12.29697205381537,33.88332120904509,41.0
probe_lr1_boak0,IAEA high,const_0.6,532845.1216414062,649605.0796874999,669541.6513847306,11.703191525840625,33.65329878428466,29.0
probe_lr1_boak0,IAEA high,const_0.7,528451.712121875,651428.509375,671881.2639720559,10.782177435480012,38.333700249503416,18.0
probe_lr1_boak0,IAEA high,const_0.8,522317.3357015625,654407.03984375,674692.5218001497,9.496195080872075,42.62457296739204,11.0
probe_lr1_boak0,IAEA high,const_0.9,514171.918275,655811.1835937499,677625.8098802395,7.78862737329052,46.91387833323225,4.0
probe_lr1_boak0,IAEA high,large_then_smr_2032,510876.1218671875,655430.12578125,677766.2260479042,7.097711828754832,47.90642653731682,3.0
probe_lr1_boak0,IAEA high,smr_then_large_2032,529288.7727804688,644859.075,664097.3560691117,10.957654967821142,52.898852255626295,19.0
probe_lr1_boak0,IAEA high,large_then_smr_2033,516338.7745984375,654007.5812499999,675026.3922467565,8.242877130068456,44.882051250039694,6.0
probe_lr1_boak0,IAEA high,smr_then_large_2033,534275.38015625,647527.3328125,665875.4786052895,12.003024318384373,51.46272213074673,34.0
probe_lr1_boak0,IAEA high,large_then_smr_2034,521058.79549609375,653087.73515625,673059.4741766467,9.232360522001784,42.09885983392839,10.0
probe_lr1_boak0,IAEA high,smr_then_large_2034,536917.1451007812,647660.5148437499,666293.8802395209,12.556831726165836,49.369444037931835,45.0
probe_lr1_boak0,IAEA high,large_then_smr_2035,524718.0676875,650511.7687499999,671272.6614271457,9.999473451895353,39.40068866811729,13.0
probe_lr1_boak0,IAEA high,smr_then_large_2035,537963.5834765625,648318.75078125,666123.5595371757,12.776202236586963,46.50356128961107,47.0
probe_lr1_boak0,IAEA high,large_then_smr_2036,527673.2262726562,649039.24453125,669908.2868325849,10.618979255777127,36.62828364760772,16.0
probe_lr1_boak0,IAEA high,smr_then_large_2036,538367.11710625,648151.6265624999,666274.1320172156,12.860797163880745,43.72003576710699,49.0
probe_lr1_boak0,IAEA high,large_then_smr_2037,529710.8400882812,648362.88203125,668329.428767465,11.046135209839955,33.95911095135694,21.0
probe_lr1_boak0,IAEA high,smr_then_large_2037,538193.777040625,647784.6164062499,666601.2310691117,12.824458952713556,40.88619775251588,48.0
probe_lr1_boak0,IAEA high,large_then_smr_2038,531337.5898695312,647119.6359375,667193.656998503,11.387159524409691,31.39329832592691,25.0
probe_lr1_boak0,IAEA high,smr_then_large_2038,537569.9427539062,647917.76953125,667042.9832834331,12.693681212654548,38.099180490652124,46.0
probe_lr1_boak0,IAEA high,large_then_smr_2039,532709.3796328125,646848.0359375,666545.9608907186,11.67473519778541,32.3884866256249,28.0
probe_lr1_boak0,IAEA high,smr_then_large_2039,536691.1504226562,648493.234375,667693.0609406187,12.50945524510385,35.33528535649946,42.0
probe_lr1_boak0,IAEA high,large_then_smr_2040,533730.8726234375,646344.9484374999,666086.7780376746,11.888876272817859,34.8864461733477,31.0
probe_lr1_boak0,IAEA high,smr_then_large_2040,535595.5492507813,649138.56640625,668494.4045970559,12.279778473060038,32.61464062244558,40.0
probe_lr1_boak0,IAEA high,large_then_smr_2041,534440.1381835938,645500.8765624999,665592.9412113273,12.037563430663576,37.25126759910632,36.0
probe_lr1_boak0,IAEA high,smr_then_large_2041,534263.8070039062,649370.69296875,669409.2852108283,12.000598176152218,33.21280243429342,33.0
probe_lr1_boak0,IAEA high,large_then_smr_2042,534757.8157898438,645573.5929687499,665005.2657497505,12.104159897541424,39.75227668655132,38.0
probe_lr1_boak0,IAEA high,smr_then_large_2042,532412.5898234375,650124.40234375,670506.674869012,11.612517552220016,35.460044614221545,27.0
probe_lr1_boak0,IAEA high,large_then_smr_2043,534791.1608640625,645977.31640625,664621.1639221557,12.111150204969642,42.06716230880298,39.0
probe_lr1_boak0,IAEA high,smr_then_large_2043,530343.0344226563,651454.46875,671686.4460142215,11.1786655116971,37.55481635914526,23.0
probe_lr1_boak0,IAEA high,large_then_smr_2044,534546.8597625,645937.43515625,664391.1474239022,12.059936049806232,44.20239040722715,37.0
probe_lr1_boak0,IAEA high,smr_then_large_2044,527920.750553125,652637.5421875,672721.7162238024,10.67086910328727,39.50864106406212,17.0
probe_lr1_boak0,IAEA high,large_then_smr_2045,534047.638528125,645884.9390625,664228.3318987025,11.955281614788838,46.16294637329237,32.0
probe_lr1_boak0,IAEA high,smr_then_large_2045,525546.4579960938,654106.18203125,674100.9147018463,10.173133372087458,41.331463307486196,14.0
probe_lr1_boak0,IAEA high,large_then_smr_2046,533249.4060992188,645850.06015625,664108.3436252495,11.78794385327648,47.95233177301694,30.0
probe_lr1_boak0,IAEA high,smr_then_large_2046,522912.13008515624,655790.4625,675337.2627869261,9.620885029696979,43.058934206857295,12.0
probe_lr1_boak0,IAEA high,large_then_smr_2047,532231.9014375,645884.8078124999,664179.9828156187,11.574638873104597,49.57312446650973,26.0
probe_lr1_boak0,IAEA high,smr_then_large_2047,520371.54989375,656551.11015625,676839.5149388723,9.08828952646106,44.61201958474558,9.0
probe_lr1_boak0,IAEA high,large_then_smr_2048,531012.2283664063,645496.98203125,664281.0301584331,11.318952240862174,51.05347783069055,24.0
probe_lr1_boak0,IAEA high,smr_then_large_2048,517446.25080234377,656857.5335937499,677918.728386976,8.475043329008535,46.11257000792436,7.0
probe_lr1_boak0,IAEA high,large_then_smr_2049,529521.778946875,645285.11875,664128.6492951597,11.00650130491925,52.326567311453424,20.0
probe_lr1_boak0,IAEA high,smr_then_large_2049,514349.3250578125,657126.3062499999,678870.6372879242,7.825818112275692,47.52139512407753,5.0
probe_lr1_boak0,IAEA high,large_then_smr_2050,526734.4284390626,644695.05546875,663548.5763473054,10.422174011718724,53.35630941837968,15.0
probe_lr1_boak0,IAEA high,smr_then_large_2050,509994.49970625,657132.7093749999,679933.4635728543,6.912892628771798,49.248564672584564,2.0
probe_lr1_boak0,McKinsey GEP 2025,pure_large,654926.8133546875,812978.85546875,834726.7485653693,9.563940600144395,54.006120134574566,10.0
probe_lr1_boak0,McKinsey GEP 2025,pure_smr,631755.150721875,837750.65234375,865448.0844560878,5.687509498928918,56.025497854465726,1.0
probe_lr1_boak0,McKinsey GEP 2025,const_0.1,667730.0008421876,818558.159375,840079.1841317365,11.70580995832147,52.352654202271886,22.0
probe_lr1_boak0,McKinsey GEP 2025,const_0.2,673423.4362546875,819312.0617187498,841361.0782809381,12.658275495883883,48.58885342986719,33.0
probe_lr1_boak0,McKinsey GEP 2025,const_0.3,676238.03415,821180.66875,843026.3183632734,13.12913488097414,44.10410828262803,45.0
probe_lr1_boak0,McKinsey GEP 2025,const_0.4,676110.17281875,820275.6265625,844188.6204777944,13.107744717956727,39.03878187924518,43.0
probe_lr1_boak0,McKinsey GEP 2025,const_0.5,674296.990659375,822314.92265625,846510.7771644212,12.804414058169836,33.62761871437434,38.0
probe_lr1_boak0,McKinsey GEP 2025,const_0.6,670288.5037171874,824838.2992187499,849432.3340818363,12.133826724936867,36.278016193486735,26.0
probe_lr1_boak0,McKinsey GEP 2025,const_0.7,664200.3830375,826521.6546875,852664.7230538923,11.115333545372167,41.499742211019544,17.0
probe_lr1_boak0,McKinsey GEP 2025,const_0.8,656237.287165625,830610.621875,856880.9545908184,9.78317223313274,46.63123516852769,11.0
probe_lr1_boak0,McKinsey GEP 2025,const_0.9,645481.4422796875,834540.60703125,861255.4396831337,7.9838066763143924,51.46563080942677,5.0
probe_lr1_boak0,McKinsey GEP 2025,large_then_smr_2032,638913.0963203125,834880.87109375,861851.180607535,6.884975704884277,53.18291075373357,2.0
probe_lr1_boak0,McKinsey GEP 2025,smr_then_large_2032,664897.5457921874,818042.4476562499,839071.0234842814,11.231963216177611,53.71390042196337,19.0
probe_lr1_boak0,McKinsey GEP 2025,large_then_smr_2033,645089.778996875,831871.6734375,858900.6595558883,7.918284587772133,50.48553039452607,4.0
probe_lr1_boak0,McKinsey GEP 2025,smr_then_large_2033,670457.5590265625,819482.14140625,841197.1173902196,12.162108306171307,52.428152506811074,27.0
probe_lr1_boak0,McKinsey GEP 2025,large_then_smr_2034,650533.7151359376,829688.153125,856520.3042352794,8.829010921781913,47.926178909438,7.0
probe_lr1_boak0,McKinsey GEP 2025,smr_then_large_2034,673550.981521875,820106.65546875,841896.7818737525,12.679612783948757,50.54324086669365,34.0
probe_lr1_boak0,McKinsey GEP 2025,large_then_smr_2035,654912.996728125,828049.55234375,854351.637880489,9.561629190653868,45.49813325587426,9.0
probe_lr1_boak0,McKinsey GEP 2025,smr_then_large_2035,675571.7414859375,820612.0984375,842514.902507485,13.017669525793877,48.57274113027298,41.0
probe_lr1_boak0,McKinsey GEP 2025,large_then_smr_2036,658409.8268640625,826064.0499999999,852213.0584144212,10.146620492720414,43.037314076627155,13.0
probe_lr1_boak0,McKinsey GEP 2025,smr_then_large_2036,676403.7127453125,820148.17421875,842585.7740456586,13.156851565350754,46.455270245736806,46.0
probe_lr1_boak0,McKinsey GEP 2025,large_then_smr_2037,661260.1292984375,824200.9132812499,850253.6528817365,10.62345295742389,40.70378310974858,15.0
probe_lr1_boak0,McKinsey GEP 2025,smr_then_large_2037,677098.6248375,820829.0593749997,843357.2236776447,13.273104718585937,44.24984826703348,48.0
probe_lr1_boak0,McKinsey GEP 2025,large_then_smr_2038,663780.2227609375,823034.8203125,848724.8392277944,11.045044141052264,38.49158842367201,16.0
probe_lr1_boak0,McKinsey GEP 2025,smr_then_large_2038,677081.4574953126,820179.1171874999,843672.0382672156,13.270232761565184,42.30277462226812,47.0
probe_lr1_boak0,McKinsey GEP 2025,large_then_smr_2039,666057.2605796875,822626.8867187499,847502.1365082335,11.425974088079332,36.37587933179101,21.0
probe_lr1_boak0,McKinsey GEP 2025,smr_then_large_2039,677195.6224046875,820911.7546875,844662.6632048403,13.289331624360727,40.10415149029492,49.0
probe_lr1_boak0,McKinsey GEP 2025,large_then_smr_2040,668382.10734375,822073.146875,846639.6858158683,11.81490208364795,34.150792714890535,24.0
probe_lr1_boak0,McKinsey GEP 2025,smr_then_large_2040,676130.453059375,820763.6921875,844578.6283058883,13.111137437622322,38.08830258358549,44.0
probe_lr1_boak0,McKinsey GEP 2025,large_then_smr_2041,670856.2967109375,821459.98515625,845949.5038672654,12.228813884680337,32.266827319492954,28.0
probe_lr1_boak0,McKinsey GEP 2025,smr_then_large_2041,675852.4087046875,822308.98046875,845807.7646581837,13.064622873643573,36.23081112885795,42.0
probe_lr1_boak0,McKinsey GEP 2025,large_then_smr_2042,672968.257284375,820393.3109375,844520.5553268463,12.582127748305336,34.639332067511965,31.0
probe_lr1_boak0,McKinsey GEP 2025,smr_then_large_2042,673926.8913390625,823764.4125,847344.2330651197,12.74249944554439,32.638053238339545,35.0
probe_lr1_boak0,McKinsey GEP 2025,large_then_smr_2043,674296.154215625,819705.4382812498,843525.2387100798,12.804274127918896,38.095062221280266,37.0
probe_lr1_boak0,McKinsey GEP 2025,smr_then_large_2043,671418.7638125,825417.0828125,849350.8073228543,12.322910065884868,36.02644840872906,30.0
probe_lr1_boak0,McKinsey GEP 2025,large_then_smr_2044,674832.0506359375,819726.7687499999,842711.2380551397,12.89392524979341,41.28493681780843,40.0
probe_lr1_boak0,McKinsey GEP 2025,smr_then_large_2044,668240.4032078125,826221.6593749999,851315.2005988024,11.791196131752159,39.075918063595424,23.0
probe_lr1_boak0,McKinsey GEP 2025,large_then_smr_2045,674829.807515625,820113.41484375,842255.8603106288,12.89354999396991,44.014562687689875,39.0
probe_lr1_boak0,McKinsey GEP 2025,smr_then_large_2045,664835.082371875,827472.42734375,853440.3940868264,11.221513592901774,41.928610639705774,18.0
probe_lr1_boak0,McKinsey GEP 2025,large_then_smr_2046,674198.1555984375,819236.7726562499,841829.0943425648,12.787879754603457,46.5056904512645,36.0
probe_lr1_boak0,McKinsey GEP 2025,smr_then_large_2046,661119.59901875,829549.2234375,855838.1537861776,10.599943382151904,44.624012249595815,14.0
probe_lr1_boak0,McKinsey GEP 2025,large_then_smr_2047,673016.0469140625,819512.3882812499,841446.6876871258,12.590122565499588,48.76050797270498,32.0
probe_lr1_boak0,McKinsey GEP 2025,smr_then_large_2047,656847.6834625,831783.21484375,858018.1480788423,9.885286579727895,47.17091355899161,12.0
probe_lr1_boak0,McKinsey GEP 2025,large_then_smr_2048,671273.9369984375,819055.8984375,841110.0086701597,12.298681715281884,50.79721347228627,29.0
probe_lr1_boak0,McKinsey GEP 2025,smr_then_large_2048,652306.8212265625,834522.9578124998,860267.6815431637,9.125637180517456,49.42464629712067,8.0
probe_lr1_boak0,McKinsey GEP 2025,large_then_smr_2049,669155.2938125,819499.4898437499,840968.2972180638,11.944249904820579,52.69425638794178,25.0
probe_lr1_boak0,McKinsey GEP 2025,smr_then_large_2049,647488.4974640625,836166.73515625,862460.48936502,8.319570719743446,51.559884102542924,6.0
probe_lr1_boak0,McKinsey GEP 2025,large_then_smr_2050,665004.33831875,818581.2484375,839867.16688498,11.24982873916162,54.234497081889046,20.0
probe_lr1_boak0,McKinsey GEP 2025,smr_then_large_2050,640396.576484375,837502.1609375,863833.253742515,7.13314989666044,53.72402942276278,3.0
probe_lr1_boak0,COP28 tripling pledge,pure_large,1195350.2247875,1506947.29375,1550607.3181761478,10.991692157326618,58.66046437197418,14.0
probe_lr1_boak0,COP28 tripling pledge,pure_smr,1134606.773875,1536445.1390624999,1597883.7146332336,5.351488755472217,54.89633112453036,1.0
probe_lr1_boak0,COP28 tripling pledge,const_0.1,1218276.697803125,1513511.5515624997,1558710.622005988,13.12048084405303,56.56771459926157,26.0
probe_lr1_boak0,COP28 tripling pledge,const_0.2,1227387.38810625,1513102.0234375,1559476.9839071857,13.966434534022811,52.64560090824681,33.0
probe_lr1_boak0,COP28 tripling pledge,const_0.3,1230986.017184375,1513095.7734375,1561028.2490643712,14.300577551311873,47.67316173166698,38.0
probe_lr1_boak0,COP28 tripling pledge,const_0.4,1228979.557871875,1512381.6140625,1562714.3635853294,14.114272057138571,42.231441277499044,34.0
probe_lr1_boak0,COP28 tripling pledge,const_0.5,1223884.17730625,1515968.1921875,1567222.2613522955,13.641151377159773,36.42587687475461,28.0
probe_lr1_boak0,COP28 tripling pledge,const_0.6,1214615.881271875,1517042.9984375,1572148.0456586827,12.780563543620696,36.79409361290703,22.0
probe_lr1_boak0,COP28 tripling pledge,const_0.7,1202282.283665625,1521442.9875,1578897.4902694612,11.635353679332932,41.497918158158136,18.0
probe_lr1_boak0,COP28 tripling pledge,const_0.8,1186171.724509375,1530098.221875,1587216.8867889221,10.139442116953147,46.243488770847115,9.0
probe_lr1_boak0,COP28 tripling pledge,const_0.9,1164361.8186125,1536481.7984375,1594105.877744511,8.114329885333706,50.7826677778651,4.0
probe_lr1_boak0,COP28 tripling pledge,large_then_smr_2032,1152790.251753125,1536020.3796874997,1594528.7736402196,7.039876758542356,52.558014542387895,2.0
probe_lr1_boak0,COP28 tripling pledge,smr_then_large_2032,1217803.909678125,1515864.2374999996,1560988.9384356288,13.076581112461843,58.84743812240821,24.0
probe_lr1_boak0,COP28 tripling pledge,large_then_smr_2033,1167741.471990625,1534778.3078124998,1591720.752245509,8.428140381675899,50.15255083113027,5.0
probe_lr1_boak0,COP28 tripling pledge,smr_then_large_2033,1226650.708228125,1518302.1921875,1562746.303018962,13.898031697301143,56.828428032172745,32.0
probe_lr1_boak0,COP28 tripling pledge,large_then_smr_2034,1178444.657778125,1529170.1828125,1587166.3628368264,9.42196183868032,47.59716456392768,7.0
probe_lr1_boak0,COP28 tripling pledge,smr_then_large_2034,1231226.867571875,1518004.0890625,1563058.501996008,14.322941199647762,54.78698236861208,39.0
probe_lr1_boak0,COP28 tripling pledge,large_then_smr_2035,1186301.347240625,1526055.709375,1582138.042789421,10.151477958822042,44.943316539140504,10.0
probe_lr1_boak0,COP28 tripling pledge,smr_then_large_2035,1232434.342159375,1514550.4046875,1561690.5253243514,14.435058673610191,52.41239803802269,44.0
probe_lr1_boak0,COP28 tripling pledge,large_then_smr_2036,1190499.4618125,1517896.6578125,1576281.8443737526,10.541284921284085,42.19412022937324,11.0
probe_lr1_boak0,COP28 tripling pledge,smr_then_large_2036,1233097.916453125,1513941.4515624999,1562249.0175274452,14.496673447429727,49.54213029822516,48.0
probe_lr1_boak0,COP28 tripling pledge,large_then_smr_2037,1193417.629478125,1516787.4874999998,1574731.858782435,10.812245147408687,41.17579706380345,13.0
probe_lr1_boak0,COP28 tripling pledge,smr_then_large_2037,1232923.99726875,1515101.015625,1562065.3934630738,14.480524553011913,48.6030744622076,47.0
probe_lr1_boak0,COP28 tripling pledge,large_then_smr_2038,1196542.11914375,1516648.9828124999,1573577.1158932135,11.102362962191755,40.22793471394187,15.0
probe_lr1_boak0,COP28 tripling pledge,smr_then_large_2038,1233299.383465625,1514427.559375,1562507.423278443,14.515380236592904,47.738770985217954,49.0
probe_lr1_boak0,COP28 tripling pledge,large_then_smr_2039,1200040.524975,1515147.1781249999,1572858.1465818363,11.42719996394371,39.354009358893975,16.0
probe_lr1_boak0,COP28 tripling pledge,smr_then_large_2039,1232896.039615625,1513561.7640624999,1562008.728293413,14.477928604841457,46.88194796710471,46.0
probe_lr1_boak0,COP28 tripling pledge,large_then_smr_2040,1205050.39874375,1517240.99375,1573870.5626871258,11.892381092919543,38.838586011076,19.0
probe_lr1_boak0,COP28 tripling pledge,smr_then_large_2040,1232153.5022625,1513573.0546874998,1561497.8199226547,14.40898188478875,45.746099190258334,41.0
probe_lr1_boak0,COP28 tripling pledge,large_then_smr_2041,1211654.598965625,1518481.0515625,1574758.163485529,12.505599999622813,38.251619531350876,21.0
probe_lr1_boak0,COP28 tripling pledge,smr_then_large_2041,1232363.227984375,1513619.325,1562449.9006362276,14.42845551877243,44.660367746892675,43.0
probe_lr1_boak0,COP28 tripling pledge,large_then_smr_2042,1220162.578309375,1515500.70625,1570447.5201472056,13.295590250697776,34.488249418385145,27.0
probe_lr1_boak0,COP28 tripling pledge,smr_then_large_2042,1229458.818046875,1515386.6140625,1564988.1544411178,14.158772737109851,40.28913635809282,36.0
probe_lr1_boak0,COP28 tripling pledge,large_then_smr_2043,1226118.083840625,1515612.0765625,1566890.0610653693,13.848575997350618,37.887331630017165,31.0
probe_lr1_boak0,COP28 tripling pledge,smr_then_large_2043,1224455.591678125,1517931.1453125,1568269.910741018,13.694208838263858,35.85450387292001,29.0
probe_lr1_boak0,COP28 tripling pledge,large_then_smr_2044,1229982.923909375,1513778.834375,1564075.5805264472,14.207437467614914,42.02832853859699,37.0
probe_lr1_boak0,COP28 tripling pledge,smr_then_large_2044,1217938.603415625,1518455.8484375,1572092.4134231538,13.089087811785697,36.715157071683706,25.0
probe_lr1_boak0,COP28 tripling pledge,large_then_smr_2045,1232197.026765625,1513891.1609374997,1562760.0057385229,14.413023259569107,45.7966024434561,42.0
probe_lr1_boak0,COP28 tripling pledge,smr_then_large_2045,1210244.789640625,1521669.8625,1576473.5581337325,12.374695165745573,40.02181586355962,20.0
probe_lr1_boak0,COP28 tripling pledge,large_then_smr_2046,1232776.74586875,1514493.66875,1562275.4419286428,14.466851838756606,49.20625827500497,45.0
probe_lr1_boak0,COP28 tripling pledge,smr_then_large_2046,1201591.21561875,1525005.5984375,1581289.900261976,11.571186031786665,42.905608203366036,17.0
probe_lr1_boak0,COP28 tripling pledge,large_then_smr_2047,1231807.835334375,1515379.55625,1562337.7736402196,14.376885720434707,52.26280627040663,40.0
probe_lr1_boak0,COP28 tripling pledge,smr_then_large_2047,1192073.755721875,1530834.9890624997,1586447.7684630738,10.687462619946054,45.54570820093971,12.0
probe_lr1_boak0,COP28 tripling pledge,large_then_smr_2048,1229267.0120375,1518663.33125,1562654.6593687625,14.140962999758392,54.961731459136764,35.0
probe_lr1_boak0,COP28 tripling pledge,smr_then_large_2048,1181549.155921875,1536519.0203124997,1591296.2726422155,9.710223383396512,48.07680473918404,8.0
probe_lr1_boak0,COP28 tripling pledge,large_then_smr_2049,1225394.961034375,1518983.9390625,1563285.6605538921,13.781431973583432,57.35841767307045,30.0
probe_lr1_boak0,COP28 tripling pledge,smr_then_large_2049,1169241.8033125,1538821.4999999998,1594730.577220559,8.56745044224091,50.33693630797323,6.0
probe_lr1_boak0,COP28 tripling pledge,large_then_smr_2050,1217570.86160625,1517959.621875,1562208.6417789422,13.054941931479544,59.248701775278775,23.0
probe_lr1_boak0,COP28 tripling pledge,smr_then_large_2050,1154786.7969125,1539617.2718749994,1597984.5191492017,7.225261695201356,52.63512304284623,3.0
probe_lr1_boak0,2025 EO,pure_large,1790649.347228125,2269948.3406249993,2339936.259481038,11.995492386881198,63.67849872155648,18.0
probe_lr1_boak0,2025 EO,pure_smr,1678155.02544375,2322110.096875,2416263.5336826346,4.959577187474898,59.16080271335489,1.0
probe_lr1_boak0,2025 EO,const_0.1,1824883.549059375,2285127.428125,2353208.0593812377,14.136657711347295,60.668569903434935,28.0
probe_lr1_boak0,2025 EO,const_0.2,1835025.656528125,2283453.484375,2353364.1646706588,14.77099202228406,55.77489469858641,35.0
probe_lr1_boak0,2025 EO,const_0.3,1838043.601459375,2284569.0749999997,2356404.2613522955,14.95974825705166,50.61705835993104,40.0
probe_lr1_boak0,2025 EO,const_0.4,1832958.15433125,2283308.7812499995,2359416.292664671,14.641680872165022,44.565545325230374,33.0
probe_lr1_boak0,2025 EO,const_0.5,1822524.996765625,2287051.85,2364994.41753992,13.989142941988552,38.31539642427598,27.0
probe_lr1_boak0,2025 EO,const_0.6,1806602.637315625,2290853.2156249997,2372212.836452096,12.993284937000555,39.33956661735884,22.0
probe_lr1_boak0,2025 EO,const_0.7,1787679.835709375,2306223.81875,2384992.845808383,11.80976540174827,44.91338334955129,16.0
probe_lr1_boak0,2025 EO,const_0.8,1761426.98026875,2317407.2093749996,2398440.8833582834,10.167790396320347,49.969342311743155,10.0
probe_lr1_boak0,2025 EO,const_0.9,1726766.2392625,2325116.9687499995,2410638.413672655,7.999947338996969,54.583032592595124,5.0
probe_lr1_boak0,2025 EO,large_then_smr_2032,1708195.39766875,2324163.09375,2413211.17003493,6.838441010831514,56.41673546103933,3.0
probe_lr1_boak0,2025 EO,smr_then_large_2032,1825273.0615625,2291132.925,2356954.034056886,14.161019624887688,63.93653830016641,29.0
probe_lr1_boak0,2025 EO,large_then_smr_2033,1731170.1320875,2324933.596875,2408723.8466816368,8.275387165403188,53.98051676327177,6.0
probe_lr1_boak0,2025 EO,smr_then_large_2033,1837032.47194375,2293022.5625,2359862.628493014,14.89650754041184,61.89554299842918,38.0
probe_lr1_boak0,2025 EO,large_then_smr_2034,1747995.338478125,2319267.53125,2401614.449351297,9.3277133939559,51.53784424198564,8.0
probe_lr1_boak0,2025 EO,smr_then_large_2034,1842596.703246875,2292807.984375,2360751.9343812377,15.244520302102243,59.442914154610136,46.0
probe_lr1_boak0,2025 EO,large_then_smr_2035,1761581.657346875,2312889.1781249996,2394372.3611526946,10.177464616207335,49.163060002375566,11.0
probe_lr1_boak0,2025 EO,smr_then_large_2035,1844396.4131125,2290988.8499999996,2360139.6807634733,15.357082481216882,56.853226582621225,49.0
probe_lr1_boak0,2025 EO,large_then_smr_2036,1772749.748221875,2307350.6125,2387300.121506986,10.87596867480665,46.8698574083335,12.0
probe_lr1_boak0,2025 EO,smr_then_large_2036,1844267.4688875,2289754.771875,2359866.424026946,15.349017712985361,54.23276314596739,48.0
probe_lr1_boak0,2025 EO,large_then_smr_2037,1782150.4873125,2298692.7093749996,2380759.186252495,11.463934378357104,44.534550554377056,14.0
probe_lr1_boak0,2025 EO,smr_then_large_2037,1842685.22543125,2286216.6468749996,2359523.2755738525,15.250056888950802,51.63434668971622,47.0
probe_lr1_boak0,2025 EO,large_then_smr_2038,1790466.4675875,2293015.0875,2375371.11501996,11.984054248291399,42.304271762381376,17.0
probe_lr1_boak0,2025 EO,smr_then_large_2038,1840319.412734375,2284929.30625,2359866.8539171657,15.1020880203994,49.22882176679294,43.0
probe_lr1_boak0,2025 EO,large_then_smr_2039,1798139.314153125,2290782.7249999996,2371191.188997006,12.46394956138347,40.18773037141332,19.0
probe_lr1_boak0,2025 EO,smr_then_large_2039,1837350.23148125,2284721.521875,2360405.156686627,14.916381691606224,46.61868992042354,39.0
probe_lr1_boak0,2025 EO,large_then_smr_2040,1806049.540934375,2287505.49375,2368446.173527944,12.958691731104949,38.20716099575132,21.0
probe_lr1_boak0,2025 EO,smr_then_large_2040,1835295.41028125,2286268.5999999996,2363310.647704591,14.787863669684603,44.51350037893941,36.0
probe_lr1_boak0,2025 EO,large_then_smr_2041,1819968.240415625,2291158.1625,2370409.063747505,13.82923157420748,36.62647849974028,24.0
probe_lr1_boak0,2025 EO,smr_then_large_2041,1831448.624384375,2287267.1093749995,2363744.75998004,14.547267887325358,42.10394914576529,32.0
probe_lr1_boak0,2025 EO,large_then_smr_2042,1828302.2764,2287751.5531249996,2365149.549026946,14.350480731718356,40.30604525720186,30.0
probe_lr1_boak0,2025 EO,smr_then_large_2042,1822089.494625,2289617.0875,2367364.7413922157,13.961904623805076,37.61729090784688,26.0
probe_lr1_boak0,2025 EO,large_then_smr_2043,1834312.212534375,2284768.9031249997,2361170.6998502994,14.726369935053983,44.41357752201515,34.0
probe_lr1_boak0,2025 EO,smr_then_large_2043,1811225.50669375,2290927.071875,2371762.689246507,13.28242056986178,38.71626642725518,23.0
probe_lr1_boak0,2025 EO,large_then_smr_2044,1838299.095421875,2283965.753125,2358693.7256736527,14.975728031191334,48.17865060027953,41.0
probe_lr1_boak0,2025 EO,smr_then_large_2044,1799264.9799875,2296654.659375,2377348.7118263473,12.534353909157684,42.09013069262284,20.0
probe_lr1_boak0,2025 EO,large_then_smr_2045,1840461.019740625,2283954.090625,2357374.8395708585,15.110944777538899,51.62177131100073,44.0
probe_lr1_boak0,2025 EO,smr_then_large_2045,1786435.314184375,2303605.4656249997,2383975.929266467,11.731927269344402,45.22050873186977,15.0
probe_lr1_boak0,2025 EO,large_then_smr_2046,1840834.5168,2286381.875,2356975.633233533,15.13430501115164,54.7574304620427,45.0
probe_lr1_boak0,2025 EO,smr_then_large_2046,1772876.849515625,2310748.471875,2391628.6838822355,10.883918177593769,48.12436968363568,13.0
probe_lr1_boak0,2025 EO,large_then_smr_2047,1839379.38046875,2286613.84375,2357069.7371506984,15.043294054617547,57.592812867231686,42.0
probe_lr1_boak0,2025 EO,smr_then_large_2047,1758512.225628125,2318594.490625,2399313.7685878244,9.985488159609925,50.69264353955264,9.0
probe_lr1_boak0,2025 EO,large_then_smr_2048,1835944.538434375,2291021.078125,2357220.250249501,14.82846314676478,60.12616336802146,37.0
probe_lr1_boak0,2025 EO,smr_then_large_2048,1743231.38446875,2324733.8125,2406632.076721557,9.029753675703793,53.06267829668236,7.0
probe_lr1_boak0,2025 EO,large_then_smr_2049,1830652.058975,2290566.79375,2357469.2889221557,14.497447002304284,62.41766162102531,31.0
probe_lr1_boak0,2025 EO,smr_then_large_2049,1726738.117475,2329310.1999999997,2413126.6231287424,7.998188472336258,55.10622620093784,4.0
probe_lr1_boak0,2025 EO,large_then_smr_2050,1820382.45375,2289769.08125,2355539.123502994,13.855138391981908,64.2944460091535,25.0
probe_lr1_boak0,2025 EO,smr_then_large_2050,1706283.440271875,2329618.503125,2417305.227794411,6.718858351938961,57.181843861793226,2.0
ob@k100,EIA 2026 AEO high,pure_large,159600.69497265626,191731.259375,196195.995594748,0.004338261608048501,7.82288298385771,1.0
ob@k100,EIA 2026 AEO high,pure_smr,203707.6754580078,268592.47441406245,276812.4788002121,27.641369522098127,60.529698667152225,44.0
ob@k100,EIA 2026 AEO high,const_0.1,166804.4202361328,201765.7046875,206270.21829777944,4.518126739257382,9.490104221276082,8.0
ob@k100,EIA 2026 AEO high,const_0.2,173125.90780839845,211051.416015625,215634.4249079965,8.479113134722084,14.351787288486609,18.0
ob@k100,EIA 2026 AEO high,const_0.3,178604.5069701172,219460.7115234375,224295.05650417914,11.91195334799403,20.57314684284797,21.0
ob@k100,EIA 2026 AEO high,const_0.4,183378.8258501953,227212.7787109375,232335.45039608283,14.90349796710684,26.601587390350325,22.0
ob@k100,EIA 2026 AEO high,const_0.5,187612.30823476563,234595.8189453125,240078.9992670908,17.55615937615435,32.310283022781114,25.0
ob@k100,EIA 2026 AEO high,const_0.6,191540.57828789062,241842.94375,247776.45053642715,20.01757752500992,38.192081725817836,26.0
ob@k100,EIA 2026 AEO high,const_0.7,195051.70165097655,248802.81718749998,255216.20105881986,22.2176153665772,43.94514782420658,29.0
ob@k100,EIA 2026 AEO high,const_0.8,198119.34032109374,255488.45546874998,262421.9833847929,24.139769748695322,49.43843326422631,31.0
ob@k100,EIA 2026 AEO high,const_0.9,201120.83909257813,262129.3345703125,269774.0212699601,26.020481474209742,54.98082531603524,33.0
ob@k100,EIA 2026 AEO high,large_then_smr_2032,203707.6754580078,268592.47441406245,276812.4788002121,27.641369522098127,60.529698667152225,45.0
ob@k100,EIA 2026 AEO high,smr_then_large_2032,159600.69497265626,191731.259375,196195.995594748,0.004338261608048501,7.82288298385771,2.0
ob@k100,EIA 2026 AEO high,large_then_smr_2033,203707.6754580078,268592.47441406245,276812.4788002121,27.641369522098127,60.529698667152225,46.0
ob@k100,EIA 2026 AEO high,smr_then_large_2033,159600.69497265626,191731.259375,196195.995594748,0.004338261608048501,7.82288298385771,3.0
ob@k100,EIA 2026 AEO high,large_then_smr_2034,203707.6754580078,268592.47441406245,276812.4788002121,27.641369522098127,60.529698667152225,47.0
ob@k100,EIA 2026 AEO high,smr_then_large_2034,159600.69497265626,191731.259375,196195.995594748,0.004338261608048501,7.82288298385771,4.0
ob@k100,EIA 2026 AEO high,large_then_smr_2035,203707.6754580078,268592.47441406245,276812.4788002121,27.641369522098127,60.529698667152225,48.0
ob@k100,EIA 2026 AEO high,smr_then_large_2035,159600.69497265626,191731.259375,196195.995594748,0.004338261608048501,7.82288298385771,5.0
ob@k100,EIA 2026 AEO high,large_then_smr_2036,203707.6754580078,268592.47441406245,276812.4788002121,27.641369522098127,60.529698667152225,49.0
ob@k100,EIA 2026 AEO high,smr_then_large_2036,159600.69497265626,191731.259375,196195.995594748,0.004338261608048501,7.82288298385771,6.0
ob@k100,EIA 2026 AEO high,large_then_smr_2037,198732.01892519533,256154.76796875,263102.82243325847,24.523668568062742,49.9880587046052,32.0
ob@k100,EIA 2026 AEO high,smr_then_large_2037,174720.27818222655,212205.667578125,216800.56253898452,9.478131053822695,16.231574583196714,19.0
ob@k100,EIA 2026 AEO high,large_then_smr_2038,192993.3425548828,243772.46914062498,249805.86525386726,20.92786635047872,39.735321190142976,28.0
ob@k100,EIA 2026 AEO high,smr_then_large_2038,184878.71579414062,227956.671875,232759.53724582086,15.843315311481122,26.450789486132013,23.0
ob@k100,EIA 2026 AEO high,large_then_smr_2039,186422.056665625,231504.49570312497,236798.12068051397,16.810358610329732,30.034218612559606,24.0
ob@k100,EIA 2026 AEO high,smr_then_large_2039,192015.8962126953,240341.570703125,245932.8078608408,20.31540739687932,36.36204721473126,27.0
ob@k100,EIA 2026 AEO high,large_then_smr_2040,178437.64485429687,218655.0275390625,223408.06997723304,11.807399069728506,20.11323648737767,20.0
ob@k100,EIA 2026 AEO high,smr_then_large_2040,197303.6703734375,251447.69765624998,257712.91472523703,23.628678406836073,45.33327912446389,30.0
ob@k100,EIA 2026 AEO high,large_then_smr_2041,168475.52269101562,204245.9013671875,208905.13651603044,5.5652242797570395,10.067747574487091,17.0
ob@k100,EIA 2026 AEO high,smr_then_large_2041,201247.8301044922,261122.29589843747,268493.9504896457,26.100052882804256,53.75117989625252,34.0
ob@k100,EIA 2026 AEO high,large_then_smr_2042,168242.46908769532,203898.07421874997,208560.4403692615,5.419195019774656,10.041570272334603,16.0
ob@k100,EIA 2026 AEO high,smr_then_large_2042,201325.01193964845,261403.673828125,268735.5209346931,26.148414316016932,53.94419436031433,35.0
ob@k100,EIA 2026 AEO high,large_then_smr_2043,168024.00662070312,203574.79199218747,208235.7277008483,5.282308432593472,10.01961511569058,15.0
ob@k100,EIA 2026 AEO high,smr_then_large_2043,201398.17273554686,261567.68242187495,268964.4971619261,26.194256202744114,54.1273791801083,36.0
ob@k100,EIA 2026 AEO high,large_then_smr_2044,167819.3756628906,203309.3228515625,207930.0791619885,5.154088542777929,10.001796437834562,14.0
ob@k100,EIA 2026 AEO high,smr_then_large_2044,201467.52075390625,261736.69999999995,269181.5676459581,26.237709037877266,54.30123122261313,37.0
ob@k100,EIA 2026 AEO high,large_then_smr_2045,167627.8632908203,202997.51308593748,207642.26564839072,5.034088639011321,9.988033467287254,13.0
ob@k100,EIA 2026 AEO high,smr_then_large_2045,201533.2545640625,261925.441796875,269387.38150261977,26.27889724314928,54.46623511670457,38.0
ob@k100,EIA 2026 AEO high,large_then_smr_2046,167448.79582773437,202740.58046875,207371.5055280065,4.9218866015881,9.978269908775212,12.0
ob@k100,EIA 2026 AEO high,smr_then_large_2046,201595.56297753906,262075.5419921875,269582.6091021083,26.317939126136828,54.62285101505252,39.0
ob@k100,EIA 2026 AEO high,large_then_smr_2047,167281.61919277345,202497.7763671875,207117.00952781935,4.817135248500725,9.97245925750733,11.0
ob@k100,EIA 2026 AEO high,smr_then_large_2047,201654.63198847655,262226.18359375,269767.87694922654,26.354951229070245,54.77149256553578,40.0
ob@k100,EIA 2026 AEO high,large_then_smr_2048,167125.79294902342,202278.87011718747,206878.03217783183,4.719495946913219,9.97056724679542,10.0
ob@k100,EIA 2026 AEO high,smr_then_large_2048,201710.6332529297,262394.3427734375,269943.6706430888,26.390041110066107,54.91258075889491,41.0
ob@k100,EIA 2026 AEO high,large_then_smr_2049,166980.75603496094,202071.82597656248,206653.75590225798,4.628617140797676,9.97258163853656,9.0
ob@k100,EIA 2026 AEO high,smr_then_large_2049,201763.72491464842,262583.1791015625,270110.37315993017,26.423307860554278,55.046512109664626,42.0
ob@k100,EIA 2026 AEO high,large_then_smr_2050,164613.54405253907,198581.3498046875,203132.66363367016,3.145343726057175,9.680421407453638,7.0
ob@k100,EIA 2026 AEO high,smr_then_large_2050,202528.74611328126,264802.76777343743,272577.79869947606,26.902663158715626,57.026612686414715,43.0
ob@k100,Abou-Jaoude mod,pure_large,217791.88827070312,263363.316796875,269948.6688264097,0.060922587972005615,10.424160120384371,1.0
ob@k100,Abou-Jaoude mod,pure_smr,270720.06262304686,365020.3695312499,377951.65164982533,24.37790702042189,62.532767783903175,49.0
ob@k100,Abou-Jaoude mod,const_0.1,228184.694878125,277595.53359375,284359.0222991517,4.835727681375895,12.319830029459492,7.0
ob@k100,Abou-Jaoude mod,const_0.2,236416.98295039064,289720.689453125,296788.58611682884,8.617917854120094,14.750522988840846,11.0
ob@k100,Abou-Jaoude mod,const_0.3,243517.0258761719,301052.336328125,308479.78649731784,11.87991650433999,21.183559644332767,16.0
ob@k100,Abou-Jaoude mod,const_0.4,249601.80660703126,311604.558984375,319579.11216629244,14.67546953668497,27.777975959388947,20.0
ob@k100,Abou-Jaoude mod,const_0.5,254827.92959648438,321680.1318359375,330241.93077126995,17.07652630714153,33.76610855219746,26.0
ob@k100,Abou-Jaoude mod,const_0.6,259268.03900898437,331185.29921875,340422.95321076596,19.116461989475443,39.730935655146965,31.0
ob@k100,Abou-Jaoude mod,const_0.7,263093.2403984375,340433.82734375,350316.74780127243,20.87388823318261,45.90580290218537,36.0
ob@k100,Abou-Jaoude mod,const_0.8,266110.563965625,348647.840234375,359713.301280252,22.26014821869661,51.6670685934032,40.0
ob@k100,Abou-Jaoude mod,const_0.9,268707.7138125,357267.5359375,368992.052527757,23.45336625744429,57.11364735832987,45.0
ob@k100,Abou-Jaoude mod,large_then_smr_2032,269842.45998828125,362926.259375,375680.27350767213,23.974706836992034,61.245140366524495,48.0
ob@k100,Abou-Jaoude mod,smr_then_large_2032,220376.82990390624,266852.2189453125,273441.27378056385,1.2485317625289307,10.983850809541059,2.0
ob@k100,Abou-Jaoude mod,large_then_smr_2033,269092.1212296875,361088.14140625,373609.752994012,23.629975960950016,60.05802841780616,46.0
ob@k100,Abou-Jaoude mod,smr_then_large_2033,222594.03708398438,269853.20273437497,276440.1823930264,2.2671913543477897,11.424754569059852,3.0
ob@k100,Abou-Jaoude mod,large_then_smr_2034,268334.5511269531,359170.340625,371561.5303611527,23.281922762061143,58.938912649572806,44.0
ob@k100,Abou-Jaoude mod,smr_then_large_2034,224576.683890625,272557.39023437497,279137.764626996,3.1780860172012355,11.772621219401017,4.0
ob@k100,Abou-Jaoude mod,large_then_smr_2035,267671.9812960937,357543.825390625,369663.70809162926,22.977515885013723,57.884096056656595,43.0
ob@k100,Abou-Jaoude mod,smr_then_large_2035,226400.2996015625,275027.16757812497,281665.09934038174,4.015916442986072,12.18407994795441,5.0
ob@k100,Abou-Jaoude mod,large_then_smr_2036,267158.9073234375,356078.408203125,367986.7035226422,22.741792436048307,56.89004315353294,41.0
ob@k100,Abou-Jaoude mod,smr_then_large_2036,227998.86846171875,277310.934765625,283937.4850065494,4.750352772262133,12.397804534572234,6.0
ob@k100,Abou-Jaoude mod,large_then_smr_2037,265600.3188425781,351971.4125,363473.47363866016,22.025724438437976,54.30049562501022,39.0
ob@k100,Abou-Jaoude mod,smr_then_large_2037,232616.35342421875,283681.3109375,290524.9395349925,6.871780751294851,13.215425942042955,9.0
ob@k100,Abou-Jaoude mod,large_then_smr_2038,264100.3236472656,347746.820703125,359159.3978293413,21.336576167984767,51.8498765256393,37.0
ob@k100,Abou-Jaoude mod,smr_then_large_2038,236344.51932148437,289471.10234374995,296235.1654269586,8.584625624459918,14.049940509535455,10.0
ob@k100,Abou-Jaoude mod,large_then_smr_2039,262726.7294265625,343900.19101562497,355148.2360747256,20.70550075890329,49.53089234619586,35.0
ob@k100,Abou-Jaoude mod,smr_then_large_2039,239412.81478203126,293908.998046875,301006.6639689371,9.994303813085576,16.769227794171467,13.0
ob@k100,Abou-Jaoude mod,large_then_smr_2040,261415.29207109375,340655.42578125,351363.17722367763,20.102982305408688,47.336841816147526,33.0
ob@k100,Abou-Jaoude mod,smr_then_large_2040,242351.42493554688,298623.809375,305649.83401946106,11.344400207500781,19.145289426215847,14.0
ob@k100,Abou-Jaoude mod,large_then_smr_2041,260202.726334375,337361.7874999999,347747.6565072979,19.545888800788187,45.261045200914346,32.0
ob@k100,Abou-Jaoude mod,smr_then_large_2041,245043.54792851562,302955.51328125,310192.0037113273,12.581252105593174,21.611884612967394,17.0
ob@k100,Abou-Jaoude mod,large_then_smr_2042,258296.95429140626,332897.05703125,342483.6059911427,18.67031299134943,42.21403814943918,29.0
ob@k100,Abou-Jaoude mod,smr_then_large_2042,248389.40676757813,308551.50703125,316095.7350221432,14.118452250851064,25.051610525052954,19.0
ob@k100,Abou-Jaoude mod,large_then_smr_2043,256371.9410296875,328136.473046875,337421.611035741,17.785897118512857,38.93008178130882,27.0
ob@k100,Abou-Jaoude mod,smr_then_large_2043,251608.44801875,314248.725,322043.498089758,15.59738812857597,28.474330213366457,22.0
ob@k100,Abou-Jaoude mod,large_then_smr_2044,254600.42305898436,323646.59531249997,332793.47461327346,16.972002147780966,35.902747822382125,25.0
ob@k100,Abou-Jaoude mod,smr_then_large_2044,254206.8304609375,319132.53125,327178.7053861028,16.791172463089424,31.420430559712063,24.0
ob@k100,Abou-Jaoude mod,large_then_smr_2045,252717.51420859376,319253.1480468749,328087.75092783186,16.10693045840305,33.23627028243971,23.0
ob@k100,Abou-Jaoude mod,smr_then_large_2045,256506.62530273438,323664.419140625,332010.6539421158,17.847775605935716,34.273395090431386,28.0
ob@k100,Abou-Jaoude mod,large_then_smr_2046,251061.88509609376,315474.33945312497,323846.36547218065,15.346278729012907,30.729327488803044,21.0
ob@k100,Abou-Jaoude mod,smr_then_large_2046,258678.44613203124,328078.3359375,336749.1408667041,18.845583180867575,36.89702685300633,30.0
ob@k100,Abou-Jaoude mod,large_then_smr_2047,246795.48371445312,307004.39765624993,315004.13812999,13.386150361665512,25.704480101740796,18.0
ob@k100,Abou-Jaoude mod,smr_then_large_2047,262392.2658472656,335969.769921875,345415.70761601796,20.55183693523083,42.15846462418322,34.0
ob@k100,Abou-Jaoude mod,large_then_smr_2048,242480.5989125,299395.34374999994,306733.1742686502,11.403747079466104,20.81560712902148,15.0
ob@k100,Abou-Jaoude mod,smr_then_large_2048,265214.5262523437,343238.619140625,353086.5809318862,21.84847833982078,47.37344216730913,38.0
ob@k100,Abou-Jaoude mod,large_then_smr_2049,237944.40782460937,291546.83906249993,298645.02211982285,9.319668242124349,16.084187093872625,12.0
ob@k100,Abou-Jaoude mod,smr_then_large_2049,267203.5918742188,349208.06249999994,359916.2035850175,22.76232202239839,51.456177779193155,42.0
ob@k100,Abou-Jaoude mod,large_then_smr_2050,230685.59341640625,280442.13671875,287321.0871382236,5.984724629913736,14.077047094999063,8.0
ob@k100,Abou-Jaoude mod,smr_then_large_2050,269213.7285390625,356890.92929687497,368398.8746725299,23.685846451197012,56.59842841094942,47.0
ob@k100,IAEA high,pure_large,530530.1962992188,648612.4359375,664076.615862026,0.3256432371611421,16.693150273694506,1.0
ob@k100,IAEA high,pure_smr,644859.1332742188,891534.2796874999,926985.0436002994,21.945758779403697,66.24561710658426,46.0
ob@k100,IAEA high,const_0.1,556855.4779179688,684004.8984375,700203.2779752994,5.3038722432080085,18.24858790565051,5.0
ob@k100,IAEA high,const_0.2,576373.73779375,713334.1,730516.984125499,8.994862860834255,18.035987180571773,10.0
ob@k100,IAEA high,const_0.3,592770.7579390625,740766.94921875,759485.7468500499,12.095613024965088,22.49550101807903,16.0
ob@k100,IAEA high,const_0.4,605983.1852820313,766580.9289062499,786712.6516966068,14.594142385129894,28.77794817830475,20.0
ob@k100,IAEA high,const_0.5,617503.058078125,791665.70859375,813287.4327282935,16.772602077604297,35.602865211760616,25.0
ob@k100,IAEA high,const_0.6,627036.6836445313,814214.4742187499,838800.6076908683,18.57545349681457,42.29398195288631,30.0
ob@k100,IAEA high,const_0.7,634655.068690625,835948.34609375,863125.9509418663,20.016124330462368,48.56404276888908,35.0
ob@k100,IAEA high,const_0.8,640160.4064796875,856864.6,885944.9276758982,21.057208436095507,54.72033359492031,40.0
ob@k100,IAEA high,const_0.9,643402.5075328125,874745.14140625,906998.107378992,21.67030430860866,60.52172552043548,44.0
ob@k100,IAEA high,large_then_smr_2032,642365.1782195312,877889.6937499997,911103.1163922156,21.47414067583212,61.89667768861029,42.0
ob@k100,IAEA high,smr_then_large_2032,553484.139259375,678044.52734375,693557.0319361277,4.666336958971401,19.23968011584234,3.0
ob@k100,IAEA high,large_then_smr_2033,639334.8503445312,864398.82421875,895804.5933133733,20.90109206257768,57.758453860310894,39.0
ob@k100,IAEA high,smr_then_large_2033,569949.2560445312,700515.7531249999,717366.3062312874,7.779964503583628,19.8158578647632,8.0
ob@k100,IAEA high,large_then_smr_2034,635976.2033804688,851489.78671875,881155.2675274451,20.26595683478743,53.82028190119451,36.0
ob@k100,IAEA high,smr_then_large_2034,582543.6434695312,720021.4796874999,737229.9176334831,10.161619739053965,19.724337200173075,12.0
ob@k100,IAEA high,large_then_smr_2035,631931.3756179687,838150.5484374999,866615.0671157684,19.501061735720405,50.072015173364754,33.0
ob@k100,IAEA high,smr_then_large_2035,592498.49245,736814.0515625,754650.9937936626,12.04412639797945,20.31590037236896,15.0
ob@k100,IAEA high,large_then_smr_2036,627558.0730921875,825512.4749999999,852450.2195296906,18.674050583423526,46.50408617143185,31.0
ob@k100,IAEA high,smr_then_large_2036,601015.2298007812,751989.0328124999,770895.7460703593,13.654679687800446,24.30399887211876,18.0
ob@k100,IAEA high,large_then_smr_2037,622623.2647914062,812584.63203125,838220.6935192116,17.74085616681631,42.890532756057475,28.0
ob@k100,IAEA high,smr_then_large_2037,608284.1430945313,766289.05703125,786039.2570172156,15.029263843269174,27.868417621919775,22.0
ob@k100,IAEA high,large_then_smr_2038,617613.7500351563,800110.01953125,824570.5784056886,16.79353442390203,39.45056249050799,26.0
ob@k100,IAEA high,smr_then_large_2038,614515.1068632812,779533.5656249998,800074.7563622755,16.207567081139388,31.363195687801223,24.0
ob@k100,IAEA high,large_then_smr_2039,612675.4152578125,788714.328125,811645.090256986,15.859673134736076,36.17529337317696,23.0
ob@k100,IAEA high,smr_then_large_2039,619979.4838890625,791564.225,813236.0247317865,17.240905322442195,34.769035547310786,27.0
ob@k100,IAEA high,large_then_smr_2040,607696.9194046875,777664.0125,799266.9540918163,14.918217205738202,33.05638116835693,21.0
ob@k100,IAEA high,smr_then_large_2040,624766.311253125,803386.1742187499,825565.2592939122,18.146115879192408,38.00315079958043,29.0
ob@k100,IAEA high,large_then_smr_2041,602704.2848445312,766520.1374999998,787278.9258982036,13.974087583730304,29.919483353497505,19.0
ob@k100,IAEA high,smr_then_large_2041,628913.7036734375,813870.1765625,837068.494011976,18.930406415767454,41.041442440916846,32.0
ob@k100,IAEA high,large_then_smr_2042,596825.8540007812,754138.94140625,774197.5482472555,12.862449905539101,26.546190149907755,17.0
ob@k100,IAEA high,smr_then_large_2042,632808.724640625,824049.7929687499,849005.3221057884,19.666972376915723,44.2607691309642,34.0
ob@k100,IAEA high,large_then_smr_2043,590928.8789203125,741947.66484375,761676.436252495,11.747305428884536,23.405202950409837,14.0
ob@k100,IAEA high,smr_then_large_2043,636086.654615625,834173.1320312499,860096.139127994,20.28684365949729,47.31650566168332,37.0
ob@k100,IAEA high,large_then_smr_2044,585006.7822414063,730990.36171875,749720.0909431138,10.627410345120383,20.604831352770123,13.0
ob@k100,IAEA high,smr_then_large_2044,638643.4854726562,843240.73515625,870141.2426709082,20.77035185972725,50.024904516806835,38.0
ob@k100,IAEA high,large_then_smr_2045,579057.48516875,720540.25859375,738267.2889221557,9.502371544715203,17.904572855073674,11.0
ob@k100,IAEA high,smr_then_large_2045,640922.3560570312,851406.7656249999,879695.0312188123,21.20129652381329,52.572431589673954,41.0
ob@k100,IAEA high,large_then_smr_2046,573016.2522164063,710137.76484375,727227.550867016,8.359947256489418,17.95419210090766,9.0
ob@k100,IAEA high,smr_then_large_2046,642636.0921867187,859286.22890625,888396.3835454092,21.525371723960223,55.007438535071046,43.0
ob@k100,IAEA high,large_then_smr_2047,566947.9254929688,699809.43984375,716699.0006861277,7.212399414445844,18.262853475762252,7.0
ob@k100,IAEA high,smr_then_large_2047,644162.5108382812,866587.4203124999,896706.6698166168,21.814024347572317,57.33186071928295,45.0
ob@k100,IAEA high,large_then_smr_2048,560861.5119429687,690092.5765625,706718.6957335329,6.0614312722541195,18.492421896857287,6.0
ob@k100,IAEA high,smr_then_large_2048,645039.2759210938,872674.4156249999,904022.9564932635,21.979824563120154,59.34792143654547,47.0
ob@k100,IAEA high,large_then_smr_2049,554645.928521875,680977.278125,696861.403255988,4.886036527213509,18.743765404725,4.0
ob@k100,IAEA high,smr_then_large_2049,645505.2349609375,878179.26640625,910641.8488647705,22.067939510620953,61.247068301657734,49.0
ob@k100,IAEA high,large_then_smr_2050,545633.6690945312,668290.978125,683750.1247193114,3.1817777868524133,18.62301775447615,2.0
ob@k100,IAEA high,smr_then_large_2050,645499.371471875,884253.2875,918396.974239022,22.066830698500713,63.58445005308383,48.0
ob@k100,McKinsey GEP 2025,pure_large,670576.2650015625,824839.1921875,844404.1819797904,0.5189154911928514,18.22963849246353,1.0
ob@k100,McKinsey GEP 2025,pure_smr,807095.704053125,1130304.3601562497,1177387.1392527446,20.98308440551774,66.51128387797733,44.0
ob@k100,McKinsey GEP 2025,const_0.1,704453.1884984375,869942.1734374999,891298.8985466567,5.597042749508576,20.008313186998098,4.0
ob@k100,McKinsey GEP 2025,const_0.2,728553.4511953125,906499.83203125,929783.7179703094,9.209655357169362,19.816146963454084,10.0
ob@k100,McKinsey GEP 2025,const_0.3,748480.922190625,940335.4953124999,966605.1214757984,12.196769392478004,22.744811644463585,15.0
ob@k100,McKinsey GEP 2025,const_0.4,764607.7210265625,972644.20546875,1001461.089757984,14.614165315862333,29.39289496842847,20.0
ob@k100,McKinsey GEP 2025,const_0.5,778403.311890625,1003800.4781249999,1035456.5243263473,16.68211478647555,36.03014806766982,26.0
ob@k100,McKinsey GEP 2025,const_0.6,789465.075828125,1033431.4085937499,1067459.4765469062,18.340265503179634,42.68821843277251,31.0
ob@k100,McKinsey GEP 2025,const_0.7,797968.0486953125,1059952.29375,1097849.387974052,19.61485521902461,48.97163422461019,37.0
ob@k100,McKinsey GEP 2025,const_0.8,804261.4576953124,1085150.9984374999,1126877.5788423154,20.55823284874289,54.98962753453921,41.0
ob@k100,McKinsey GEP 2025,const_0.9,807329.7262859375,1108558.83984375,1153313.5171843811,21.018164175367758,60.8785879919067,45.0
ob@k100,McKinsey GEP 2025,large_then_smr_2032,805379.257209375,1116866.7289062499,1161633.6218812375,20.72579021805999,63.038573725680386,43.0
ob@k100,McKinsey GEP 2025,smr_then_large_2032,694866.8704125,855381.2062499999,875357.9174775449,4.16006033923821,20.456387970991646,3.0
ob@k100,McKinsey GEP 2025,large_then_smr_2033,803139.8947234375,1102453.14375,1146566.5728231038,20.390111339718572,59.74086164225107,40.0
ob@k100,McKinsey GEP 2025,smr_then_large_2033,712244.37829375,879082.359375,900342.4742702096,6.764936678186526,21.136190683936928,6.0
ob@k100,McKinsey GEP 2025,large_then_smr_2034,800608.631928125,1088844.6921875,1132178.553112525,20.01067680812592,56.81757225660068,38.0
ob@k100,McKinsey GEP 2025,smr_then_large_2034,725584.239159375,898951.0249999999,921284.6427145709,8.76457253916187,21.235613739579126,8.0
ob@k100,McKinsey GEP 2025,large_then_smr_2035,797426.5310640625,1076484.2374999998,1117965.2653131238,19.53368210292501,53.69888678583755,35.0
ob@k100,McKinsey GEP 2025,smr_then_large_2035,736777.6121296874,916306.828125,940084.027257984,10.442451358302037,21.50126107044399,12.0
ob@k100,McKinsey GEP 2025,large_then_smr_2036,793750.745996875,1063962.8796875,1103831.4280813374,18.98268447921468,50.739968209336276,34.0
ob@k100,McKinsey GEP 2025,smr_then_large_2036,745960.0664125,932940.5171875,956939.2176896208,11.818894865519848,21.50827120508879,14.0
ob@k100,McKinsey GEP 2025,large_then_smr_2037,789824.93030625,1051538.09765625,1089984.0136601797,18.39420743903937,47.93322787482517,32.0
ob@k100,McKinsey GEP 2025,smr_then_large_2037,754294.943840625,947856.1265624999,973140.7519336328,13.068287192021586,23.231726743463717,17.0
ob@k100,McKinsey GEP 2025,large_then_smr_2038,785956.259865625,1039106.7749999999,1076767.0582896706,17.81429643207351,45.271545565357954,29.0
ob@k100,McKinsey GEP 2025,smr_then_large_2038,761341.2596390625,960694.1890625,987917.9663485528,14.124525026901928,25.898458785738878,19.0
ob@k100,McKinsey GEP 2025,large_then_smr_2039,782241.7765765626,1028328.3960937499,1064257.109967565,17.257497971832972,42.74853884962589,28.0
ob@k100,McKinsey GEP 2025,smr_then_large_2039,767978.97675625,973864.9093749999,1002397.3584393712,15.119514203793626,28.835770782855498,21.0
ob@k100,McKinsey GEP 2025,large_then_smr_2040,779062.4614796875,1018438.59453125,1052718.220496507,16.78092085119494,40.357904930325546,27.0
ob@k100,McKinsey GEP 2025,smr_then_large_2040,772946.77105,984679.590625,1014626.7920409181,15.86418311149784,31.236288687522045,23.0
ob@k100,McKinsey GEP 2025,large_then_smr_2041,776486.2099484375,1009085.5593749998,1041573.0798403193,16.394742539391476,37.96023511243751,24.0
ob@k100,McKinsey GEP 2025,smr_then_large_2041,778300.351096875,996841.77578125,1027353.2430139721,16.666681035139547,33.759499172620664,25.0
ob@k100,McKinsey GEP 2025,large_then_smr_2042,768879.984415625,990305.9976562499,1020708.5191492016,15.254574624951571,33.72669464678202,22.0
ob@k100,McKinsey GEP 2025,smr_then_large_2042,786081.7269890625,1015895.5101562499,1048331.4665356786,17.83310386656824,37.98163558027898,30.0
ob@k100,McKinsey GEP 2025,large_then_smr_2043,760880.2962265625,971596.2531249999,1000471.079123004,14.055426932137848,29.92206761813408,18.0
ob@k100,McKinsey GEP 2025,smr_then_large_2043,792507.774978125,1034012.32265625,1067684.5852357785,18.79636398844777,41.925022521020644,33.0
ob@k100,McKinsey GEP 2025,large_then_smr_2044,752462.5850953124,952618.7695312498,980744.6223178643,12.793617891178995,26.047601566820372,16.0
ob@k100,McKinsey GEP 2025,smr_then_large_2044,797584.44843125,1049608.52734375,1085281.3419411178,19.557353806376774,45.62542503194091,36.0
ob@k100,McKinsey GEP 2025,large_then_smr_2045,743841.9968328126,934625.3578125,961792.6105601297,11.501397709421463,22.49201349457479,13.0
ob@k100,McKinsey GEP 2025,smr_then_large_2045,801830.0792140625,1063822.95703125,1101773.5123191117,20.193770906321912,49.209625133862694,39.0
ob@k100,McKinsey GEP 2025,large_then_smr_2046,734891.938896875,919067.7296874999,943578.2753243513,10.159790252883038,19.47192429110451,11.0
ob@k100,McKinsey GEP 2025,smr_then_large_2046,805212.0419125,1077967.54375,1117020.9422717066,20.700724761418194,52.3866401713462,42.0
ob@k100,McKinsey GEP 2025,large_then_smr_2047,725652.061775,903273.77265625,926115.5619074352,8.774739102048473,20.018843613113372,9.0
ob@k100,McKinsey GEP 2025,smr_then_large_2047,807532.14565625,1088416.953125,1130703.0350237025,21.048506698120445,55.35837045399751,46.0
ob@k100,McKinsey GEP 2025,large_then_smr_2048,716072.6349375,886949.48828125,909297.8537612276,7.338789685123488,20.422454516018757,7.0
ob@k100,McKinsey GEP 2025,smr_then_large_2048,809111.459634375,1099550.57109375,1143242.75998004,21.28524476444738,58.18118280452352,47.0
ob@k100,McKinsey GEP 2025,large_then_smr_2049,706385.28210625,871705.34375,893231.961857535,5.886662236837621,20.79599889756253,5.0
ob@k100,McKinsey GEP 2025,smr_then_large_2049,810011.528409375,1110107.596875,1154722.2609468563,21.42016444749085,60.85794873146902,49.0
ob@k100,McKinsey GEP 2025,large_then_smr_2050,693033.4930640626,852785.9601562499,873321.7789109282,3.885238350495994,20.69315626404482,2.0
ob@k100,McKinsey GEP 2025,smr_then_large_2050,809166.0250984374,1120954.8671875,1165853.1607098302,21.29342408953999,63.59368363935408,48.0
ob@k100,COP28 tripling pledge,pure_large,1222090.3658375,1522182.73125,1561619.7244261478,1.2201615619316166,23.89014150325543,1.0
ob@k100,COP28 tripling pledge,pure_smr,1433805.340065625,2067561.5046875,2165272.9517839323,18.75554560185498,69.9626961206759,39.0
ob@k100,COP28 tripling pledge,const_0.1,1282046.6801125,1603921.1234374999,1645949.245508982,6.186069147181664,24.837459961331366,4.0
ob@k100,COP28 tripling pledge,const_0.2,1322782.573040625,1669755.6546874999,1715665.602045908,9.560037045806462,24.415904399278727,8.0
ob@k100,COP28 tripling pledge,const_0.3,1355570.49178125,1731347.2546875,1782235.3378243514,12.27571055488545,23.90577221510682,13.0
ob@k100,COP28 tripling pledge,const_0.4,1381192.332825,1787826.5828124997,1845106.706025449,14.397850588437889,31.00788988117199,21.0
ob@k100,COP28 tripling pledge,const_0.5,1402594.155515625,1843526.2874999999,1907019.0945608784,16.170465782061733,38.367001918894125,25.0
ob@k100,COP28 tripling pledge,const_0.6,1418767.093171875,1896306.6546874999,1965234.311002994,17.509996317821106,45.139608959959006,34.0
ob@k100,COP28 tripling pledge,const_0.7,1431117.806265625,1946263.0359375,2021647.1175773453,18.532949455904077,51.96420707718863,37.0
ob@k100,COP28 tripling pledge,const_0.8,1439119.37016875,1994535.0015625,2075356.629241517,19.195682436756435,58.36655338108427,43.0
ob@k100,COP28 tripling pledge,const_0.9,1440758.938540625,2034211.3078124996,2123873.3500499004,19.33148039420068,64.45972011505376,45.0
ob@k100,COP28 tripling pledge,large_then_smr_2032,1436048.310546875,2044242.3140624985,2137857.1273702593,18.941320599217946,66.41412334472781,42.0
ob@k100,COP28 tripling pledge,smr_then_large_2032,1272761.812840625,1584019.4015625,1625057.7416417166,5.4170460114037935,26.434652635845577,3.0
ob@k100,COP28 tripling pledge,large_then_smr_2033,1435819.3147375,2022431.7124999997,2110865.9378742515,18.922353922554837,63.034260795621464,41.0
ob@k100,COP28 tripling pledge,smr_then_large_2033,1302937.61478125,1628071.9734375,1670497.8516716566,7.916369820079536,27.57616825893194,6.0
ob@k100,COP28 tripling pledge,large_then_smr_2034,1432006.84956875,1996454.5124999997,2082235.8895334331,18.6065848508744,59.585262306084175,38.0
ob@k100,COP28 tripling pledge,smr_then_large_2034,1325870.891359375,1665020.6546875,1709375.3794286428,9.815828342356225,27.815381045820054,9.0
ob@k100,COP28 tripling pledge,large_then_smr_2035,1425900.092953125,1971468.871875,2053024.050960579,18.10079010072157,56.09209197874993,35.0
ob@k100,COP28 tripling pledge,smr_then_large_2035,1343399.8498625,1696152.1453125,1743254.2407684631,11.267671889525332,27.177940997246342,11.0
ob@k100,COP28 tripling pledge,large_then_smr_2036,1415964.16258125,1946067.7593749997,2022866.5865768462,17.277842382923243,52.76059689319167,32.0
ob@k100,COP28 tripling pledge,smr_then_large_2036,1358786.950328125,1726473.45,1776004.6131487025,12.542115121088564,26.896350060806515,14.0
ob@k100,COP28 tripling pledge,large_then_smr_2037,1413815.387740625,1935977.6375,2011526.7029066866,17.099869180115753,51.432333217316824,30.0
ob@k100,COP28 tripling pledge,smr_then_large_2037,1364411.489084375,1738455.2875,1788523.5611277446,13.007969969088135,26.421302211647948,15.0
ob@k100,COP28 tripling pledge,large_then_smr_2038,1412338.193478125,1927220.99375,2001183.5164670658,16.977519928302335,50.18472339340442,28.0
ob@k100,COP28 tripling pledge,smr_then_large_2038,1370167.733115625,1750245.43125,1801035.7586701596,13.484733363285864,25.94465738464333,17.0
ob@k100,COP28 tripling pledge,large_then_smr_2039,1411760.2799375,1918559.8406249997,1991920.6994136726,16.929653990081963,49.015075594939226,27.0
ob@k100,COP28 tripling pledge,smr_then_large_2039,1374892.329559375,1759980.2,1811975.4398078842,13.876050101163571,26.744075505475998,18.0
ob@k100,COP28 tripling pledge,large_then_smr_2040,1413668.546575,1912638.4203124996,1985378.746756487,17.08770699724942,47.921150946983104,29.0
ob@k100,COP28 tripling pledge,smr_then_large_2040,1378864.554965625,1768616.8187499999,1821921.542789421,14.20505138340958,27.835215148306755,19.0
ob@k100,COP28 tripling pledge,large_then_smr_2041,1418102.811009375,1907618.3546874998,1979013.520209581,17.454976861248532,46.90153365232083,33.0
ob@k100,COP28 tripling pledge,smr_then_large_2041,1383547.216340625,1777615.9390625,1832650.5716067865,14.592894831134087,29.40185300357843,22.0
ob@k100,COP28 tripling pledge,large_then_smr_2042,1407118.01199375,1866892.7734375,1934303.1585578842,16.545156145719908,41.524128765339206,26.0
ob@k100,COP28 tripling pledge,smr_then_large_2042,1401515.91334375,1820974.5921874999,1880672.4907684631,16.081159909197513,35.04424750462617,24.0
ob@k100,COP28 tripling pledge,large_then_smr_2043,1394342.0931125,1829338.7515625,1890653.3971432135,15.486985154922483,36.361609283114355,23.0
ob@k100,COP28 tripling pledge,smr_then_large_2043,1415392.383790625,1861262.7593749994,1924714.3048278443,17.230484558017157,40.23579730049984,31.0
ob@k100,COP28 tripling pledge,large_then_smr_2044,1380184.65949375,1789716.1796874998,1848154.025760978,14.314389610230377,31.401005260773385,20.0
ob@k100,COP28 tripling pledge,smr_then_large_2044,1426103.99721875,1897377.040625,1965157.7695858283,18.117678559453168,45.033908179931345,36.0
ob@k100,COP28 tripling pledge,large_then_smr_2045,1365004.458034375,1753450.253125,1807244.9645708583,13.057082878082454,26.871235837078405,16.0
ob@k100,COP28 tripling pledge,smr_then_large_2045,1434239.587678125,1929022.0578125,2002463.4190369262,18.791512347624234,49.48241032581378,40.0
ob@k100,COP28 tripling pledge,large_then_smr_2046,1348751.105675,1716785.5312499998,1768038.6336701596,11.7108919598589,24.722933096287434,12.0
ob@k100,COP28 tripling pledge,smr_then_large_2046,1440180.66915,1960855.0656249998,2036880.2726422155,19.2835849825506,53.63113617651026,44.0
ob@k100,COP28 tripling pledge,large_then_smr_2047,1331401.691625,1682583.5265624998,1730280.3856037925,10.273919259446211,25.687228179472378,10.0
ob@k100,COP28 tripling pledge,smr_then_large_2047,1444162.3305375,1989506.4984374999,2068522.7886726547,19.613367804012796,57.50648892652253,47.0
ob@k100,COP28 tripling pledge,large_then_smr_2048,1312823.9493875,1649326.1468749999,1693933.874500998,8.735209747202408,26.343842315377614,7.0
ob@k100,COP28 tripling pledge,smr_then_large_2048,1446153.466928125,2013409.9765624998,2097142.561751497,19.77828453421939,60.939776467071916,49.0
ob@k100,COP28 tripling pledge,large_then_smr_2049,1293260.9772875,1616597.6296875,1658982.0678018962,7.114898146728779,26.82354133015912,5.0
ob@k100,COP28 tripling pledge,smr_then_large_2049,1445458.18240625,2033151.2812499995,2121827.860778443,19.720697293862194,63.952856947121006,48.0
ob@k100,COP28 tripling pledge,large_then_smr_2050,1267891.03399375,1579087.4046874999,1619682.2755738522,5.013621652947896,26.691838541312272,2.0
ob@k100,COP28 tripling pledge,smr_then_large_2050,1442603.072278125,2053978.659375,2145872.7860528943,19.484221566269113,67.19505845292085,46.0
ob@k100,2025 EO,pure_large,1829562.75648125,2299783.5468749995,2359574.779316367,1.7501643456172422,26.776010987138065,1.0
ob@k100,2025 EO,pure_smr,2108812.40536875,3088817.540625,3250343.221432136,17.28048576646118,68.86138925037436,34.0
ob@k100,2025 EO,const_0.1,1918828.99001875,2419971.525,2486631.4496007985,6.71465867672381,27.295902011211346,4.0
ob@k100,2025 EO,const_0.2,1974854.925809375,2509738.74375,2587960.4661926148,9.83051144215559,25.888840260496146,9.0
ob@k100,2025 EO,const_0.3,2019989.333309375,2601082.690625,2686491.593313373,12.340637626402785,24.94601335228398,14.0
ob@k100,2025 EO,const_0.4,2054525.647975,2686715.6406249995,2780040.734156687,14.261356487054401,31.901190343317545,20.0
ob@k100,2025 EO,const_0.5,2081850.55299375,2765849.6812499994,2869916.1783932135,15.78101661707011,38.51861022597226,24.0
ob@k100,2025 EO,const_0.6,2102369.584284375,2840468.471875,2956283.181511976,16.922171681928006,45.08913320619469,32.0
ob@k100,2025 EO,const_0.7,2118778.03603125,2915403.6625,3041820.0003742515,17.834719041119275,51.74087069318634,39.0
ob@k100,2025 EO,const_0.8,2126764.717159375,2981792.7718749996,3120762.2900449103,18.278894084847046,58.046095268565594,44.0
ob@k100,2025 EO,const_0.9,2125328.27824375,3042802.7562499996,3192211.8278443115,18.199007294836964,63.8842417116264,43.0
ob@k100,2025 EO,large_then_smr_2032,2117905.175921875,3061315.1593749993,3216087.7059630738,17.78617538812622,65.9707263336194,37.0
ob@k100,2025 EO,smr_then_large_2032,1905249.514009375,2392348.475,2452935.343313373,5.959443305845424,29.206801321436867,3.0
ob@k100,2025 EO,large_then_smr_2033,2120894.51546875,3031034.206249999,3180206.8566616764,17.95242592481969,63.2182306175525,41.0
ob@k100,2025 EO,smr_then_large_2033,1946337.80393125,2451636.121875,2515925.212075848,8.244546802525614,29.104986867123554,6.0
ob@k100,2025 EO,large_then_smr_2034,2118709.11295,2996615.525,3141537.8741267463,17.83088592043536,60.13116519745973,38.0
ob@k100,2025 EO,smr_then_large_2034,1976907.726696875,2499150.1624999996,2569638.7694610776,9.944676877001715,28.992508338050214,10.0
ob@k100,2025 EO,large_then_smr_2035,2114309.03519375,2962112.624999999,3102879.131237525,17.58617792490696,56.99402937419937,36.0
ob@k100,2025 EO,smr_then_large_2035,2000819.62964375,2541416.153125,2617243.4600798404,11.274524703233368,28.628980874302776,12.0
ob@k100,2025 EO,large_then_smr_2036,2108460.594871875,2930538.4968749997,3064813.943987026,17.260920011884718,54.015568587704045,33.0
ob@k100,2025 EO,smr_then_large_2036,2020646.861134375,2580914.45625,2660911.8285928145,12.377205688371996,28.012529225446745,15.0
ob@k100,2025 EO,large_then_smr_2037,2101799.196721875,2896797.759375,3027798.1281187623,16.89044987953589,51.18968610162137,31.0
ob@k100,2025 EO,smr_then_large_2037,2037224.75268125,2618278.3968749996,2701639.065743513,13.299176352358693,27.367839329084052,17.0
ob@k100,2025 EO,large_then_smr_2038,2095028.58155625,2866482.9125,2992399.141716567,16.513905700669774,48.42317206302931,29.0
ob@k100,2025 EO,smr_then_large_2038,2051532.852815625,2651777.9031249997,2739853.9497255487,14.094913768300744,27.882999647241952,18.0
ob@k100,2025 EO,large_then_smr_2039,2088658.320540625,2838610.0781249995,2958806.52994012,16.159627005955336,45.90984290237734,27.0
ob@k100,2025 EO,smr_then_large_2039,2063904.284328125,2684853.89375,2775654.8716317364,14.782944383882594,30.699358155214306,21.0
ob@k100,2025 EO,large_then_smr_2040,2083808.193428125,2811733.318749999,2927785.522080838,15.889889753682475,43.564097521518406,25.0
ob@k100,2025 EO,smr_then_large_2040,2076132.663309375,2718026.125,2811038.58246008,15.46301920865422,33.311343911014184,23.0
ob@k100,2025 EO,large_then_smr_2041,2088740.502246875,2793473.015625,2904678.5429141717,16.164197498051063,41.58616539455655,28.0
ob@k100,2025 EO,smr_then_large_2041,2085493.85126875,2746128.665625,2841382.3818612774,15.983636722299146,35.81541326229174,26.0
ob@k100,2025 EO,large_then_smr_2042,2072307.8393125,2742996.1,2844672.213697605,15.250303646481552,37.14883276401631,22.0
ob@k100,2025 EO,smr_then_large_2042,2100610.235325,2795972.9,2899698.633732535,16.8243264207455,40.28453999056012,30.0
ob@k100,2025 EO,large_then_smr_2043,2054514.8852375,2691473.4187499997,2786838.5920658684,14.26075792310487,32.83679606009753,19.0
ob@k100,2025 EO,smr_then_large_2043,2112140.403678125,2841391.7156249993,2953713.1393463076,17.465570630984825,44.431690216515655,35.0
ob@k100,2025 EO,large_then_smr_2044,2035583.83955,2639352.05,2731238.4986277446,13.207917837071314,28.649071601849368,16.0
ob@k100,2025 EO,smr_then_large_2044,2120775.41089375,2884376.425,3003685.793537924,17.945801986921065,48.31578052007439,40.0
ob@k100,2025 EO,large_then_smr_2045,2015619.755771875,2590729.3625,2677966.736776447,12.097625884396932,25.579528215936936,13.0
ob@k100,2025 EO,smr_then_large_2045,2126952.913825,2924742.8625,3050039.1751497006,18.28936054279652,52.02631544004682,45.0
ob@k100,2025 EO,large_then_smr_2046,1994544.53625625,2547390.4968749997,2627235.5787175647,10.925538705786515,26.50065679080834,11.0
ob@k100,2025 EO,smr_then_large_2046,2130976.590309375,2960114.1062499997,3092906.3816117765,18.513135180812306,55.47963690885659,47.0
ob@k100,2025 EO,large_then_smr_2047,1972184.333740625,2503337.453125,2578712.5183383236,9.68198787775049,27.18636931113381,8.0
ob@k100,2025 EO,smr_then_large_2047,2132930.786303125,2991621.778125,3132363.7406437127,18.621816756682396,58.70834195815283,49.0
ob@k100,2025 EO,large_then_smr_2048,1948220.724290625,2462582.49375,2531827.4864021954,8.349264421714905,28.016872368019317,7.0
ob@k100,2025 EO,smr_then_large_2048,2132809.897834375,3024309.478125,3168375.2018463076,18.615093608477054,61.739747720770936,48.0
ob@k100,2025 EO,large_then_smr_2049,1922744.7865375,2424134.06875,2486352.508233533,6.932433627550371,28.758418341040443,5.0
ob@k100,2025 EO,smr_then_large_2049,2130388.005840625,3051125.4187499997,3200646.9735528943,18.48040136711041,64.4276993676661,46.0
ob@k100,2025 EO,large_then_smr_2050,1890169.893640625,2375987.846875,2435863.4366267463,5.120798200420993,29.08732058290979,2.0
ob@k100,2025 EO,smr_then_large_2050,2123733.855259375,3074381.9499999997,3229075.7225548904,18.1103343044616,66.88335632218433,42.0
ob@k050,EIA 2026 AEO high,pure_large,160484.91927597657,192055.9078125,196854.9558929017,1.0227698185492198,38.51988296758933,1.0
ob@k050,EIA 2026 AEO high,pure_smr,196469.58875859375,261489.68632812498,270751.2494776073,23.674561641353733,85.1697181350831,44.0
ob@k050,EIA 2026 AEO high,const_0.1,167051.59757773438,199428.49140624996,204644.4372427021,5.156392052611962,37.05078662239616,8.0
ob@k050,EIA 2026 AEO high,const_0.2,172660.0811875,206878.3609375,212470.9202532435,8.686845576199037,34.96437990510066,18.0
ob@k050,EIA 2026 AEO high,const_0.3,177380.6031826172,213987.586328125,220022.100065494,11.658341023170346,31.544715172523862,21.0
ob@k050,EIA 2026 AEO high,const_0.4,181357.4429966797,220962.1126953125,227234.0095979915,14.16170006122681,36.99002907313575,22.0
ob@k050,EIA 2026 AEO high,const_0.5,184765.2202980469,228016.85585937498,234315.70378773703,16.306843065703667,45.19294246133818,25.0
ob@k050,EIA 2026 AEO high,const_0.6,187847.1438814453,234673.008203125,241581.36714071856,18.246866204130885,53.49993717800774,26.0
ob@k050,EIA 2026 AEO high,const_0.7,190492.2386691406,241237.7291015625,248775.37704278942,19.91191238473851,61.38491171318613,29.0
ob@k050,EIA 2026 AEO high,const_0.8,192683.37562695311,247799.62382812498,255881.86586202594,21.29119914594102,69.05116005459658,30.0
ob@k050,EIA 2026 AEO high,const_0.9,194789.93165039062,254843.2580078125,263360.2945671158,22.617243519616082,76.90079739521342,33.0
ob@k050,EIA 2026 AEO high,large_then_smr_2032,196469.58875859375,261489.68632812498,270751.2494776073,23.674561641353733,85.1697181350831,45.0
ob@k050,EIA 2026 AEO high,smr_then_large_2032,160484.91927597657,192055.9078125,196854.9558929017,1.0227698185492198,38.51988296758933,2.0
ob@k050,EIA 2026 AEO high,large_then_smr_2033,196469.58875859375,261489.68632812498,270751.2494776073,23.674561641353733,85.1697181350831,46.0
ob@k050,EIA 2026 AEO high,smr_then_large_2033,160484.91927597657,192055.9078125,196854.9558929017,1.0227698185492198,38.51988296758933,3.0
ob@k050,EIA 2026 AEO high,large_then_smr_2034,196469.58875859375,261489.68632812498,270751.2494776073,23.674561641353733,85.1697181350831,47.0
ob@k050,EIA 2026 AEO high,smr_then_large_2034,160484.91927597657,192055.9078125,196854.9558929017,1.0227698185492198,38.51988296758933,4.0
ob@k050,EIA 2026 AEO high,large_then_smr_2035,196469.58875859375,261489.68632812498,270751.2494776073,23.674561641353733,85.1697181350831,48.0
ob@k050,EIA 2026 AEO high,smr_then_large_2035,160484.91927597657,192055.9078125,196854.9558929017,1.0227698185492198,38.51988296758933,5.0
ob@k050,EIA 2026 AEO high,large_then_smr_2036,196469.58875859375,261489.68632812498,270751.2494776073,23.674561641353733,85.1697181350831,49.0
ob@k050,EIA 2026 AEO high,smr_then_large_2036,160484.91927597657,192055.9078125,196854.9558929017,1.0227698185492198,38.51988296758933,6.0
ob@k050,EIA 2026 AEO high,large_then_smr_2037,193206.9501876953,248361.20644531248,256574.26832272953,21.620781218644993,70.00401025659802,32.0
ob@k050,EIA 2026 AEO high,smr_then_large_2037,174542.2625859375,208527.2935546875,214100.4376013598,9.87164960033372,37.3049311552125,19.0
ob@k050,EIA 2026 AEO high,large_then_smr_2038,189067.34561777345,236524.8302734375,243500.60111807636,19.014964288968958,55.72568619169278,28.0
ob@k050,EIA 2026 AEO high,smr_then_large_2038,183326.7276544922,222191.334375,228336.57421095308,15.401334237390632,36.47484518504461,23.0
ob@k050,EIA 2026 AEO high,large_then_smr_2039,183971.07349101562,225086.1560546875,231329.2630910055,15.806939956733709,41.60495455594694,24.0
ob@k050,EIA 2026 AEO high,smr_then_large_2039,189000.28986796876,234022.657421875,240402.96467221808,18.972753733559202,50.67777372704634,27.0
ob@k050,EIA 2026 AEO high,large_then_smr_2040,177312.25039453126,213305.4693359375,219251.70469217814,11.615314002261377,33.215558842342425,20.0
ob@k050,EIA 2026 AEO high,smr_then_large_2040,192803.8872220703,244252.6287109375,251563.99706836327,21.367059327626098,63.60846244895467,31.0
ob@k050,EIA 2026 AEO high,large_then_smr_2041,168437.25120351563,201221.0974609375,206648.3191741517,6.028639538027197,36.659414467696095,17.0
ob@k050,EIA 2026 AEO high,smr_then_large_2041,195274.1757546875,253791.53769531247,262263.6925523952,22.92206767945037,75.37215329129106,34.0
ob@k050,EIA 2026 AEO high,large_then_smr_2042,168231.4728703125,200945.23769531248,206369.48165387975,5.899105266005813,36.748717663861036,16.0
ob@k050,EIA 2026 AEO high,smr_then_large_2042,195316.02422734376,254034.5533203125,262506.40934537177,22.948410644505795,75.6359687715857,35.0
ob@k050,EIA 2026 AEO high,large_then_smr_2043,168039.28939492189,200718.2423828125,206109.00747723304,5.7781287463122135,36.836277483020616,15.0
ob@k050,EIA 2026 AEO high,smr_then_large_2043,195355.55828867186,254235.2841796875,262736.8618856038,22.973296723494162,75.88629459567237,36.0
ob@k050,EIA 2026 AEO high,large_then_smr_2044,167859.98258808593,200485.10410156247,205865.325715756,5.665257889937627,36.92228572123465,14.0
ob@k050,EIA 2026 AEO high,smr_then_large_2044,195392.90362285156,254415.675,262955.4920783433,22.996805032658987,76.12379959083663,37.0
ob@k050,EIA 2026 AEO high,large_then_smr_2045,167692.88093320312,200325.84999999998,205637.50777351548,5.560069987587153,37.00696614057295,13.0
ob@k050,EIA 2026 AEO high,smr_then_large_2045,195428.179934375,254665.39042968745,263163.490526759,23.01901092412316,76.34916979683094,38.0
ob@k050,EIA 2026 AEO high,large_then_smr_2046,167537.35033222658,200151.19531249997,205424.62527289172,5.462165884366236,37.09051791386687,12.0
ob@k050,EIA 2026 AEO high,smr_then_large_2046,195461.50157597655,254915.8619140625,263360.7108439371,23.039986381160983,76.56301748569246,39.0
ob@k050,EIA 2026 AEO high,large_then_smr_2047,167392.88919570312,199987.248046875,205225.7560426023,5.371229837486733,37.17316480318621,11.0
ob@k050,EIA 2026 AEO high,smr_then_large_2047,195492.97839667968,255081.67578125,263547.51406561874,23.059800552030474,76.76591804560067,40.0
ob@k050,EIA 2026 AEO high,large_then_smr_2048,167259.00959023437,199789.3263671875,205040.59548091318,5.286954700435322,37.255088768895426,10.0
ob@k050,EIA 2026 AEO high,smr_then_large_2048,195522.7107423828,255241.7421875,263724.45695328095,23.078516602919766,76.95843702903969,41.0
ob@k050,EIA 2026 AEO high,large_then_smr_2049,167135.18437832032,199580.86562499998,204868.1017106412,5.209008648324244,37.336523408759696,9.0
ob@k050,EIA 2026 AEO high,smr_then_large_2049,195550.794025,255390.58320312496,263892.6337013473,23.096194594150244,77.14112031710286,42.0
ob@k050,EIA 2026 AEO high,large_then_smr_2050,165063.6032308594,197161.697265625,202156.45493388223,3.904980417107632,38.237650147703434,7.0
ob@k050,EIA 2026 AEO high,smr_then_large_2050,195944.1295621094,257573.09355468748,266397.56332647207,23.34379321965427,80.05685073817462,43.0
ob@k050,Abou-Jaoude mod,pure_large,219236.14240273437,264206.9640625,270652.9003087575,1.7594316969788186,42.17410160521723,1.0
ob@k050,Abou-Jaoude mod,pure_smr,259278.56723203126,349391.32421875,365344.84917664673,20.345301479859216,85.65563927483299,48.0
ob@k050,Abou-Jaoude mod,const_0.1,228734.75298398436,274712.7185546875,281475.0561923029,6.168254093075012,41.058098429815836,7.0
ob@k050,Abou-Jaoude mod,const_0.2,235883.32790976562,284227.5966796875,291638.9485949975,9.486296975596101,38.45827687176943,10.0
ob@k050,Abou-Jaoude mod,const_0.3,241795.02090429686,293649.324609375,301664.93979229045,12.230235602218313,35.323722187620724,16.0
ob@k050,Abou-Jaoude mod,const_0.4,246613.893803125,302304.0412109375,311320.51264658186,14.466936915380112,36.94578425994462,20.0
ob@k050,Abou-Jaoude mod,const_0.5,250517.20736796875,310460.309375,320630.3387054017,16.278677286928698,45.57423241287771,26.0
ob@k050,Abou-Jaoude mod,const_0.6,253591.23744140624,318920.63652343745,329709.7408230414,17.70550203336029,53.83172143739122,32.0
ob@k050,Abou-Jaoude mod,const_0.7,256012.4313613281,326959.150390625,338876.9058913423,18.829309972230305,61.91665197858332,37.0
ob@k050,Abou-Jaoude mod,const_0.8,257599.06765234374,334512.2080078125,347722.2420471557,19.565754271578363,69.90756404654634,41.0
ob@k050,Abou-Jaoude mod,const_0.9,258739.84193632813,341528.15917968744,356614.46875,20.09524973505688,77.9166035216127,46.0
ob@k050,Abou-Jaoude mod,large_then_smr_2032,258659.30213867186,346880.947265625,363013.0545159681,20.057866829352243,83.74226407721375,45.0
ob@k050,Abou-Jaoude mod,smr_then_large_2032,221690.55250898437,266741.27890625,273228.3667820609,2.8986570766359567,41.94651180959326,2.0
ob@k050,Abou-Jaoude mod,large_then_smr_2033,258156.0781625,345222.25351562497,360915.1907824975,19.824293180088354,82.11568193828568,43.0
ob@k050,Abou-Jaoude mod,smr_then_large_2033,223771.51118945313,268939.7029296875,275454.5363569736,3.8645433141359726,41.65060246735383,3.0
ob@k050,Abou-Jaoude mod,large_then_smr_2034,257646.1489765625,343189.4408203124,358852.9101484531,19.58760727785522,80.4155095613589,42.0
ob@k050,Abou-Jaoude mod,smr_then_large_2034,225608.06425234376,270957.31015624997,277503.6838978293,4.716987595963316,41.306564297192956,4.0
ob@k050,Abou-Jaoude mod,large_then_smr_2035,257223.68392148436,341449.5734375,356950.2583816741,19.391518241415184,78.81379594771884,40.0
ob@k050,Abou-Jaoude mod,smr_then_large_2035,227280.35375351564,272930.905078125,279449.44082927896,5.493188214196561,41.37306711427076,5.0
ob@k050,Abou-Jaoude mod,large_then_smr_2036,256942.05057421874,339872.99804687494,355281.4719233408,19.26079686924279,77.47398873644862,39.0
ob@k050,Abou-Jaoude mod,smr_then_large_2036,228726.4801,274547.258984375,281228.9104837201,6.164414197136693,40.972784665678894,6.0
ob@k050,Abou-Jaoude mod,large_then_smr_2037,255982.65505976562,336107.3999999999,350815.5461187001,18.81548916927405,73.77554441153178,36.0
ob@k050,Abou-Jaoude mod,smr_then_large_2037,232933.229584375,279849.684765625,286772.31708458083,8.116995701855869,40.63122682087483,9.0
ob@k050,Abou-Jaoude mod,large_then_smr_2038,255061.1442203125,332637.74453125,346605.45847367763,18.387765809897033,70.0361747182276,35.0
ob@k050,Abou-Jaoude mod,smr_then_large_2038,236226.71175195312,284329.57187499997,291561.04755333083,9.64568011494516,39.21855279983498,11.0
ob@k050,Abou-Jaoude mod,large_then_smr_2039,254241.68775820313,329458.1498046875,342737.73736121505,18.007411444185355,66.72568555235516,34.0
ob@k050,Abou-Jaoude mod,smr_then_large_2039,238854.11014648437,288103.51230468747,295658.6347461327,10.865198778879286,38.12790406141431,13.0
ob@k050,Abou-Jaoude mod,large_then_smr_2040,253469.49781289062,326449.4744140625,339111.1438607161,17.648996042710287,63.589946911731325,31.0
ob@k050,Abou-Jaoude mod,smr_then_large_2040,241351.94623085938,292038.29140625,299717.3575037425,12.024580519647575,36.89534553837949,15.0
ob@k050,Abou-Jaoude mod,large_then_smr_2041,252781.2300125,323371.73749999993,335716.47671843815,17.329533478483896,60.413634644766326,30.0
ob@k050,Abou-Jaoude mod,smr_then_large_2041,243610.09355976564,295587.557421875,303718.60679422406,13.072709657294201,35.72093505227321,17.0
ob@k050,Abou-Jaoude mod,large_then_smr_2042,251629.19927226563,319270.165234375,330768.15554048156,16.79481328071491,55.94436756970751,28.0
ob@k050,Abou-Jaoude mod,smr_then_large_2042,246289.39272851564,300380.4466796875,308912.2817645958,14.316318296682427,33.95432875619522,19.0
ob@k050,Abou-Jaoude mod,large_then_smr_2043,250426.1775546875,315183.099609375,326165.3882625374,16.236425393762442,51.699519172546744,25.0
ob@k050,Abou-Jaoude mod,smr_then_large_2043,248843.4460453125,305050.43984375,314128.4429422405,15.501793516199845,38.5328135497069,23.0
ob@k050,Abou-Jaoude mod,large_then_smr_2044,249347.16001210938,311440.75546874997,322078.480718251,15.735594596794124,47.85757315829114,24.0
ob@k050,Abou-Jaoude mod,smr_then_large_2044,250791.96815273436,309010.4548828125,318619.0479041916,16.406208728615006,42.62673741249177,27.0
ob@k050,Abou-Jaoude mod,large_then_smr_2045,248133.6567253906,307788.1046875,318012.26921157684,15.172341642853374,43.85712746394272,22.0
ob@k050,Abou-Jaoude mod,smr_then_large_2045,252457.1535265625,312844.2265625,322850.2995493388,17.179111934508843,46.472692198212215,29.0
ob@k050,Abou-Jaoude mod,large_then_smr_2046,247143.00435976562,304568.79863281245,314489.113530751,14.71252593623469,40.4197047469702,21.0
ob@k050,Abou-Jaoude mod,smr_then_large_2046,254005.41739804688,316640.57265625,327029.61947979045,17.897745504469203,50.40784260230128,33.0
ob@k050,Abou-Jaoude mod,large_then_smr_2047,244035.05833320314,298267.2361328125,306977.69448602793,13.269958949141328,33.214700448863105,18.0
ob@k050,Abou-Jaoude mod,smr_then_large_2047,256524.44226015624,323976.2033203125,334833.75782809383,19.066962110770945,57.20892192722452,38.0
ob@k050,Abou-Jaoude mod,large_then_smr_2048,240801.920396875,291975.82890625,299986.38586888724,11.769283579683682,36.31393406702056,14.0
ob@k050,Abou-Jaoude mod,smr_then_large_2048,258171.4498746094,329955.28789062495,341913.6775589446,19.831428028710103,63.56650167255814,44.0
ob@k050,Abou-Jaoude mod,large_then_smr_2049,237292.5440671875,286100.03125,293370.2283635853,10.140390929931531,39.717894148916116,12.0
ob@k050,Abou-Jaoude mod,smr_then_large_2049,259015.2666644531,335298.6001953125,348264.14701066614,20.22308934900981,69.52022352953115,47.0
ob@k050,Abou-Jaoude mod,large_then_smr_2050,231206.39267578124,277515.4625,284326.6329840319,7.315476661582535,42.50095880821353,8.0
ob@k050,Abou-Jaoude mod,smr_then_large_2050,259537.39740585937,341530.4275390625,356227.368520771,20.46543865754407,77.02490842480617,49.0
ob@k050,IAEA high,pure_large,531929.0559171875,647786.2421875,663667.9363772455,2.73121271481457,44.59407801498143,1.0
ob@k050,IAEA high,pure_smr,610795.6380226562,847328.72109375,892113.5914733034,17.962679265174728,87.2330061363358,35.0
ob@k050,IAEA high,const_0.1,555838.9264734375,674180.33828125,690155.4152632236,7.348914964342003,43.874211804002165,5.0
ob@k050,IAEA high,const_0.2,572312.3425304687,695224.9203125,713594.1892153193,10.530418193520724,41.59945666649858,10.0
ob@k050,IAEA high,const_0.3,585378.91990625,716008.03125,737196.1902756986,13.05396024281037,37.92136195431677,15.0
ob@k050,IAEA high,const_0.4,595070.2684257813,735383.3476562499,760188.2102045908,14.925645903103323,38.40579420576356,21.0
ob@k050,IAEA high,const_0.5,602924.6431953125,755156.79765625,783482.657248004,16.442557672097205,47.01816151464634,26.0
ob@k050,IAEA high,const_0.6,608690.4388976563,774569.5343749999,806506.8349239022,17.55610313117409,55.59660139550486,31.0
ob@k050,IAEA high,const_0.7,612460.0447390625,795558.1789062499,829243.2767901696,18.2841253650353,63.786027087188835,38.0
ob@k050,IAEA high,const_0.8,614050.7637359375,814213.1187499999,851176.5521145209,18.59134018968083,71.97082974056157,41.0
ob@k050,IAEA high,const_0.9,613337.8656085938,831519.9328124998,872006.5750998004,18.453658503844242,79.55527715506857,39.0
ob@k050,IAEA high,large_then_smr_2032,610894.0955429687,834267.8624999999,875762.2841192614,17.98169432056619,81.3027614955208,36.0
ob@k050,IAEA high,smr_then_large_2032,553804.6824679688,670720.7562499999,686321.8657996507,6.956042359781403,44.98169503265592,4.0
ob@k050,IAEA high,large_then_smr_2033,610356.6444429688,820894.39140625,860200.2386477046,17.877896638029924,75.62157248195163,34.0
ob@k050,IAEA high,smr_then_large_2033,568584.3205328125,688354.16015625,704963.8562562375,9.810427028183147,44.082508045823886,9.0
ob@k050,IAEA high,large_then_smr_2034,609386.5001851562,808139.22421875,845448.0692989022,17.69053312591355,70.19743586555308,32.0
ob@k050,IAEA high,smr_then_large_2034,579293.1913578125,702539.4921875,721063.6984468562,11.878626301038471,42.46374755996832,13.0
ob@k050,IAEA high,large_then_smr_2035,607621.72519375,795730.2179687499,831173.0149700599,17.34970294749185,65.02718311484553,30.0
ob@k050,IAEA high,smr_then_large_2035,587286.3940679687,715438.98671875,735293.0963073852,13.422349846039806,40.205278674270026,17.0
ob@k050,IAEA high,large_then_smr_2036,605433.2564023437,783642.9046875,817600.3470558883,16.927044981304928,60.103300283748716,28.0
ob@k050,IAEA high,smr_then_large_2036,593802.8838460938,727213.421875,748748.1148016467,14.680876505005953,38.13433555213223,20.0
ob@k050,IAEA high,large_then_smr_2037,602566.7625421875,771085.7867187499,804195.4679079341,16.373440346969502,55.26854975199835,25.0
ob@k050,IAEA high,smr_then_large_2037,599090.9671484375,738158.4093749999,761438.2831524451,15.702161589066693,38.08951139346709,23.0
ob@k050,IAEA high,large_then_smr_2038,599528.4512617188,759798.40390625,791635.9120508982,15.786652693662125,50.66954399763036,24.0
ob@k050,IAEA high,smr_then_large_2038,603378.2409085938,748046.2421875,773528.2281062874,16.530160788813028,42.64132715233181,27.0
ob@k050,IAEA high,large_then_smr_2039,596467.0043898438,749823.08203125,779994.4257110779,15.195396874279592,46.321009147902465,22.0
ob@k050,IAEA high,smr_then_large_2039,606947.1258125,758535.77265625,785077.325130988,17.219417880786892,46.92511532451029,29.0
ob@k050,IAEA high,large_then_smr_2040,593284.984903125,740767.8531249999,769057.7401758982,14.580854921520233,42.185674219667135,19.0
ob@k050,IAEA high,smr_then_large_2040,609894.1384085937,767311.53671875,796041.571637974,17.78857306137864,51.051940482486046,33.0
ob@k050,IAEA high,large_then_smr_2041,590017.1258335938,732352.02734375,758660.7495321856,13.949734809806849,38.30304929165082,18.0
ob@k050,IAEA high,smr_then_large_2041,612257.8509351562,775748.6484375,806328.0600673653,18.245075769139667,54.818298411094176,37.0
ob@k050,IAEA high,large_then_smr_2042,585938.3821140626,722930.8484375,747434.4425835828,13.162008920425066,34.311973075209416,16.0
ob@k050,IAEA high,smr_then_large_2042,614218.915796875,785168.053125,817225.0070795908,18.6238153194908,58.78856793748603,42.0
ob@k050,IAEA high,large_then_smr_2043,581744.926659375,713916.5390625,736960.4126434631,12.352128806651644,36.28311047338796,14.0
ob@k050,IAEA high,smr_then_large_2043,615626.3211171875,794921.6296875,827529.2191866267,18.895626858508315,62.51635125856646,44.0
ob@k050,IAEA high,large_then_smr_2044,577425.4007929687,705909.69296875,727167.6699101797,11.517900772531979,38.08929412273706,12.0
ob@k050,IAEA high,smr_then_large_2044,616387.9533867188,803285.9679687499,836980.4579902694,19.042720546700945,66.01964563313976,46.0
ob@k050,IAEA high,large_then_smr_2045,572982.7272039063,698677.9351562499,718099.0508046407,10.659889275653866,39.73405165497071,11.0
ob@k050,IAEA high,smr_then_large_2045,616940.3578414063,810522.68515625,846037.185753493,19.14940616371666,69.31452004228119,47.0
ob@k050,IAEA high,large_then_smr_2046,568358.1660320313,691083.2507812498,709521.7802208083,9.76674991397454,41.219341524308234,8.0
ob@k050,IAEA high,smr_then_large_2046,616991.7947828125,817092.8406249998,854346.6731536926,19.1593401564366,72.43997156438239,49.0
ob@k050,IAEA high,large_then_smr_2047,563617.5793617187,684390.59765625,701636.8276883733,8.851202601408282,42.546041866616825,7.0
ob@k050,IAEA high,smr_then_large_2047,616947.2797117188,824033.5,862384.7938498004,19.15074298133087,75.40351716317265,48.0
ob@k050,IAEA high,large_then_smr_2048,558771.320471875,677746.05546875,694426.0296282435,7.915246861925029,43.61028218469623,6.0
ob@k050,IAEA high,smr_then_large_2048,616301.7470617187,829563.5210937499,869475.907248004,19.026071558997746,78.08120690481796,45.0
ob@k050,IAEA high,large_then_smr_2049,553724.0420546875,671640.9359375,687498.5970870758,6.940468314035919,44.46294305881122,3.0
ob@k050,IAEA high,smr_then_large_2049,615321.5531390625,835507.58203125,875920.6379116767,18.836767159754995,80.60380155700902,43.0
ob@k050,IAEA high,large_then_smr_2050,546005.8855859375,663172.79765625,678324.586857535,5.449864322512623,45.20790102146011,2.0
ob@k050,IAEA high,smr_then_large_2050,613512.6874257813,840847.8234374999,883582.093250998,18.48742176059605,83.70564299311344,40.0
ob@k050,McKinsey GEP 2025,pure_large,673775.3501546875,827469.11875,846557.1003617764,3.4880491702794716,52.23281153467128,1.0
ob@k050,McKinsey GEP 2025,pure_smr,757033.976759375,1061924.0265624998,1124838.8104416167,16.27609913669289,86.31947480444123,28.0
ob@k050,McKinsey GEP 2025,const_0.1,703848.052065625,860154.90625,881623.4824101797,8.107044586671236,50.1169517395262,4.0
ob@k050,McKinsey GEP 2025,const_0.2,723264.957971875,886004.31484375,911317.9773265969,11.08937053952683,46.578542392543085,10.0
ob@k050,McKinsey GEP 2025,const_0.3,738119.1293359376,911416.8984375,940879.4849363773,13.37088650201334,42.20004665503283,14.0
ob@k050,McKinsey GEP 2025,const_0.4,748910.3132890625,935515.796875,969552.2274513473,15.028350781895561,38.18012399642025,20.0
ob@k050,McKinsey GEP 2025,const_0.5,757200.860703125,959569.90234375,998336.8677956586,16.30173155820039,46.99473973068145,30.0
ob@k050,McKinsey GEP 2025,const_0.6,762613.2228,982930.0429687499,1025830.3598116267,17.133039492929917,55.33454030447478,38.0
ob@k050,McKinsey GEP 2025,const_0.7,765384.9270140625,1004383.4125,1052525.8753742515,17.558757444654503,63.32528584577202,41.0
ob@k050,McKinsey GEP 2025,const_0.8,765873.132284375,1024597.53046875,1078620.4501621756,17.633742988438037,71.30381104105895,42.0
ob@k050,McKinsey GEP 2025,const_0.9,763101.0077546875,1044707.6585937496,1102744.1472055889,17.207960478631804,78.99999392545128,39.0
ob@k050,McKinsey GEP 2025,large_then_smr_2032,758331.72099375,1050251.25703125,1109748.7722991516,16.475425246065416,82.04691113152155,32.0
ob@k050,McKinsey GEP 2025,smr_then_large_2032,696711.3899234375,850636.5453124999,870917.7034992515,7.0108940039691365,52.00537198412191,3.0
ob@k050,McKinsey GEP 2025,large_then_smr_2033,758996.5182140626,1038217.7101562499,1095408.363023952,16.577534305721827,77.90481381173595,34.0
ob@k050,McKinsey GEP 2025,smr_then_large_2033,712083.13320625,868773.59140625,890745.5452220559,9.371906059870845,50.83789455627447,6.0
ob@k050,McKinsey GEP 2025,large_then_smr_2034,759255.472309375,1026109.4289062499,1081765.3811751497,16.61730817715003,73.91856430215532,35.0
ob@k050,McKinsey GEP 2025,smr_then_large_2034,723206.091275,883304.6398437499,907287.0820858283,11.080328950784686,48.95505650429856,9.0
ob@k050,McKinsey GEP 2025,large_then_smr_2035,758757.3789140625,1014897.2031249999,1068517.2007859282,16.540803873788892,69.95803703698523,33.0
ob@k050,McKinsey GEP 2025,smr_then_large_2035,732099.9418765625,896667.6320312499,922534.159743014,12.446373654195565,47.19848976130392,12.0
ob@k050,McKinsey GEP 2025,large_then_smr_2036,757658.2618375,1003471.53984375,1055523.1252806885,16.37198576247467,66.17490878138632,31.0
ob@k050,McKinsey GEP 2025,smr_then_large_2036,738964.84169375,908863.7023437499,936108.6114021956,13.500783094474196,44.91499379389521,16.0
ob@k050,McKinsey GEP 2025,large_then_smr_2037,756196.6206203125,993144.2773437499,1042904.3778692614,16.147486011750814,62.4512431167335,27.0
ob@k050,McKinsey GEP 2025,smr_then_large_2037,745009.04320625,919820.0828125,949368.78873503,14.429137958119878,43.030226213601885,18.0
ob@k050,McKinsey GEP 2025,large_then_smr_2038,754692.6588609375,983668.2945312499,1031022.1924588323,15.916486067231194,58.909925077809206,26.0
ob@k050,McKinsey GEP 2025,smr_then_large_2038,749793.16154375,930400.9046875,961276.4924837825,15.16395123621616,41.083874521177634,21.0
ob@k050,McKinsey GEP 2025,large_then_smr_2039,753263.3829859375,974782.5671875,1019933.5151571856,15.696957448388224,55.550297089042566,24.0
ob@k050,McKinsey GEP 2025,smr_then_large_2039,754247.9684453125,940563.37578125,973293.9068113773,15.848184156828586,38.85316939257271,25.0
ob@k050,McKinsey GEP 2025,large_then_smr_2040,752295.1718703125,967141.15234375,1009970.9753929641,15.548245745714619,52.37621340724674,23.0
ob@k050,McKinsey GEP 2025,smr_then_large_2040,757081.4566328125,948638.22734375,983340.655002495,16.283391774329115,40.79947548669095,29.0
ob@k050,McKinsey GEP 2025,large_then_smr_2041,751962.1426140625,959794.0039062499,1000573.2949725549,15.497094352244924,49.56431227025579,22.0
ob@k050,McKinsey GEP 2025,smr_then_large_2041,760392.67060625,957149.80625,994084.0920970559,16.79197534660991,43.84897739673867,36.0
ob@k050,McKinsey GEP 2025,large_then_smr_2042,747947.7960453125,945232.825,982823.4144523453,14.880513625452284,44.10930532547448,19.0
ob@k050,McKinsey GEP 2025,smr_then_large_2042,764514.749459375,972339.4124999999,1011809.2038423154,17.425103137553926,49.32101410885878,40.0
ob@k050,McKinsey GEP 2025,large_then_smr_2043,743354.86110625,930083.2984375,965872.3182697105,14.175065026448966,38.87715170162241,17.0
ob@k050,McKinsey GEP 2025,smr_then_large_2043,767393.7718,987140.4218749999,1028379.1223802395,17.86730454115311,54.46025278453032,44.0
ob@k050,McKinsey GEP 2025,large_then_smr_2044,738151.0783640625,917102.8820312499,949631.3778068862,13.37579369042975,38.907949757464976,15.0
ob@k050,McKinsey GEP 2025,smr_then_large_2044,769043.5078171875,999203.4195312499,1043535.5720434132,18.120694579873707,59.16340846082203,46.0
ob@k050,McKinsey GEP 2025,large_then_smr_2045,732558.078925,904867.49296875,934495.0688934631,12.516740890670661,41.588263782958386,13.0
ob@k050,McKinsey GEP 2025,smr_then_large_2045,769992.414340625,1009774.2085937499,1057805.041541916,18.26644120734079,63.58065795861794,48.0
ob@k050,McKinsey GEP 2025,large_then_smr_2046,726453.5479453125,892766.5421875,920335.7039358782,11.579119765109514,44.05228104394442,11.0
ob@k050,McKinsey GEP 2025,smr_then_large_2046,770218.8155921875,1020425.0687499999,1071224.5784056885,18.301215147718,67.7336748727372,49.0
ob@k050,McKinsey GEP 2025,large_then_smr_2047,719877.2639140625,882461.2875,906995.4259917665,10.56904006268722,46.29890478116804,8.0
ob@k050,McKinsey GEP 2025,smr_then_large_2047,769506.44173125,1029873.6757812497,1083346.5402008484,18.191798587537523,71.66027459832601,47.0
ob@k050,McKinsey GEP 2025,large_then_smr_2048,712782.46086875,871807.1968749999,894461.5014034432,9.479318798413923,48.32597507487094,7.0
ob@k050,McKinsey GEP 2025,smr_then_large_2048,768195.1653375,1039170.7031249999,1094480.1794535927,17.990394015700527,75.39353990634906,45.0
ob@k050,McKinsey GEP 2025,large_then_smr_2049,705414.2309765625,862135.309375,883110.7192178144,8.34760073065505,50.18260850035695,5.0
ob@k050,McKinsey GEP 2025,smr_then_large_2049,766330.70584375,1047983.2679687499,1104728.6133358283,17.704023676208447,78.80177808923175,43.0
ob@k050,McKinsey GEP 2025,large_then_smr_2050,694435.1710828125,849028.0539062499,868887.5385479042,6.661279778327257,51.85699029654813,2.0
ob@k050,McKinsey GEP 2025,smr_then_large_2050,762403.0860921876,1055138.3578124999,1114647.2798777446,17.100763693665982,82.43439833625038,37.0
ob@k050,COP28 tripling pledge,pure_large,1231582.29735625,1529152.5671875,1568415.499750499,4.959757175074663,57.02159948280659,1.0
ob@k050,COP28 tripling pledge,pure_smr,1337861.03679375,1925571.5640624997,2055885.9602669661,14.017203606530082,91.67403493710323,14.0
ob@k050,COP28 tripling pledge,const_0.1,1283887.727075,1582341.7140625,1627829.98502994,9.417409103007413,54.87566369652667,4.0
ob@k050,COP28 tripling pledge,const_0.2,1315163.108653125,1624150.1765625,1678475.923216068,12.082806667623636,50.49955934454104,8.0
ob@k050,COP28 tripling pledge,const_0.3,1337766.586365625,1667712.4890625,1729595.4874625748,14.009154210219043,45.72298709039668,13.0
ob@k050,COP28 tripling pledge,const_0.4,1352802.637721875,1708241.1359375,1779348.2704590817,15.290579172734107,42.7886353649846,25.0
ob@k050,COP28 tripling pledge,const_0.5,1363311.33094375,1750556.7890625,1830528.0619386227,16.18616681731382,51.925987720045406,39.0
ob@k050,COP28 tripling pledge,const_0.6,1368404.870315625,1791843.9562499998,1880278.7316616767,16.620256083440253,60.885329483958515,41.0
ob@k050,COP28 tripling pledge,const_0.7,1369510.49704375,1831294.946875,1929111.0172779441,16.714481465827916,69.31294050899989,42.0
ob@k050,COP28 tripling pledge,const_0.8,1366140.45104375,1868891.9640624998,1976173.1947979042,16.427274341636434,77.48263325622695,40.0
ob@k050,COP28 tripling pledge,const_0.9,1356320.77548125,1898313.4703125,2019000.1478917166,15.590407195372249,85.0453429117476,32.0
ob@k050,COP28 tripling pledge,large_then_smr_2032,1346380.899003125,1905710.834375,2029924.674525948,14.74329610605748,87.37187262659913,16.0
ob@k050,COP28 tripling pledge,smr_then_large_2032,1279750.332571875,1575816.4593749999,1617939.7760728542,9.064805851630966,57.779593294729295,3.0
ob@k050,COP28 tripling pledge,large_then_smr_2033,1352198.519996875,1886989.4124999999,2004805.0410429141,15.239094144200267,83.14356713407389,24.0
ob@k050,COP28 tripling pledge,smr_then_large_2033,1305566.199909375,1605225.0125,1651666.499001996,11.264924489926194,56.41496793804859,6.0
ob@k050,COP28 tripling pledge,large_then_smr_2034,1354147.898925,1864922.0953125,1978505.8403817366,15.405227044435536,78.65846724867546,29.0
ob@k050,COP28 tripling pledge,smr_then_large_2034,1323605.001996875,1629220.246875,1680677.4792290418,12.802254387325291,53.89948972813189,10.0
ob@k050,COP28 tripling pledge,large_then_smr_2035,1353471.950115625,1842800.5484374997,1951779.8043912177,15.347620319292538,74.30901654714177,27.0
ob@k050,COP28 tripling pledge,smr_then_large_2035,1336189.5197375,1650736.309375,1705963.0371132735,13.874751068267226,51.4362961370873,12.0
ob@k050,COP28 tripling pledge,large_then_smr_2036,1348392.830471875,1819018.165624999,1924134.5661177645,14.914759952904095,69.84673791781073,18.0
ob@k050,COP28 tripling pledge,smr_then_large_2036,1346608.5806125,1673079.0187499998,1731401.2898577845,14.762699930296046,49.0134718539514,17.0
ob@k050,COP28 tripling pledge,large_then_smr_2037,1348494.234840625,1810302.6406249995,1914103.7422654692,14.923401988392373,68.15454803901434,19.0
ob@k050,COP28 tripling pledge,smr_then_large_2037,1350176.916440625,1680002.3484375,1741105.6674775449,15.066806008179025,47.786176182078165,22.0
ob@k050,COP28 tripling pledge,large_then_smr_2038,1349225.173271875,1804662.6546874999,1905241.358470559,14.985695121720628,66.58745560916157,21.0
ob@k050,COP28 tripling pledge,smr_then_large_2038,1353939.162765625,1688209.0218749999,1750655.2332210578,15.387437817805136,46.88242088505515,28.0
ob@k050,COP28 tripling pledge,large_then_smr_2039,1350848.301103125,1797758.4734374995,1897329.3016467066,15.124023760738751,65.1575570391589,23.0
ob@k050,COP28 tripling pledge,smr_then_large_2039,1356661.044878125,1695157.0109374998,1758955.5674276447,15.619406145216503,46.02543731157695,33.0
ob@k050,COP28 tripling pledge,large_then_smr_2040,1355000.03295,1796179.80625,1892258.7503118762,15.477848890768186,63.8959748868782,30.0
ob@k050,COP28 tripling pledge,smr_then_large_2040,1358763.861190625,1701932.9046875,1766536.594748004,15.798615516784748,44.86496219224555,34.0
ob@k050,COP28 tripling pledge,large_then_smr_2041,1362062.84288125,1793903.1374999997,1887859.7621631736,16.079766291618316,62.90040724516299,37.0
ob@k050,COP28 tripling pledge,smr_then_large_2041,1361649.879996875,1709429.0,1775492.0293787424,16.0445721481499,44.06578944913904,36.0
ob@k050,COP28 tripling pledge,large_then_smr_2042,1359744.438975,1762060.5875,1849438.302956587,15.8821837901841,56.270777761278275,35.0
ob@k050,COP28 tripling pledge,smr_then_large_2042,1371134.0145875,1741610.5890625,1814079.2085828343,16.852843317510317,47.460965959223024,44.0
ob@k050,COP28 tripling pledge,large_then_smr_2043,1355169.6434875,1730257.14375,1812385.893525449,15.492303694859274,49.84284833904184,31.0
ob@k050,COP28 tripling pledge,smr_then_large_2043,1376712.3230625,1771800.8281249998,1850489.5186501995,17.328246304578663,54.200813401136585,46.0
ob@k050,COP28 tripling pledge,large_then_smr_2044,1348766.7345375,1704498.921875,1777582.8440618762,14.946625367029494,43.425164379763906,20.0
ob@k050,COP28 tripling pledge,smr_then_large_2044,1379383.088553125,1799280.8015625,1884734.7993388223,17.555858294430514,60.391816159553706,48.0
ob@k050,COP28 tripling pledge,large_then_smr_2045,1340911.78374375,1678508.0265625,1745802.8305264472,14.277198947289657,43.66840290924778,15.0
ob@k050,COP28 tripling pledge,smr_then_large_2045,1379760.679128125,1824468.6515624998,1916399.3751247504,17.588037885797387,66.110110781149,49.0
ob@k050,COP28 tripling pledge,large_then_smr_2046,1331545.79081875,1654672.8,1716023.3318363274,13.478996224482,47.18073510312273,11.0
ob@k050,COP28 tripling pledge,smr_then_large_2046,1378247.031996875,1847667.1265624997,1945734.9536551896,17.45903957550518,71.40219467631816,47.0
ob@k050,COP28 tripling pledge,large_then_smr_2047,1320656.27601875,1631389.528125,1688167.1551896208,12.550953631132051,50.37489333957958,9.0
ob@k050,COP28 tripling pledge,smr_then_large_2047,1375077.406578125,1868323.8890624996,1972912.3060129741,17.188912995249776,76.15080296865744,45.0
ob@k050,COP28 tripling pledge,large_then_smr_2048,1308100.31591875,1611331.3375,1662534.9934505988,11.48089073235143,53.24130595397763,7.0
ob@k050,COP28 tripling pledge,smr_then_large_2048,1370229.242740625,1887172.2984375,1997580.3869136726,16.775735491625927,80.5468735893719,43.0
ob@k050,COP28 tripling pledge,large_then_smr_2049,1294151.79391875,1592714.2093749996,1639084.8968937125,10.29214883080419,55.87856588593818,5.0
ob@k050,COP28 tripling pledge,smr_then_large_2049,1362992.1704125,1902219.2546874997,2018721.912487525,16.158966838934962,84.6364511989994,38.0
ob@k050,COP28 tripling pledge,large_then_smr_2050,1274063.876659375,1569987.2421875,1613066.1505738522,8.58018616113689,58.03134884800866,2.0
ob@k050,COP28 tripling pledge,smr_then_large_2050,1353441.72350625,1915380.6078124994,2039439.2069610779,15.34504430176855,88.47682463395795,26.0
ob@k050,2025 EO,pure_large,1841519.859875,2308572.984375,2370514.7662175647,6.298991481997695,61.92150180505804,1.0
ob@k050,2025 EO,pure_smr,1954621.6790625,2868133.6156249996,3086481.253992016,12.827625561038571,93.43808952954929,8.0
ob@k050,2025 EO,const_0.1,1917873.081934375,2389316.146875,2459233.5961826346,10.706367518584942,59.365739249508174,4.0
ob@k050,2025 EO,const_0.2,1958450.41519375,2445368.70625,2531390.32747006,13.04863365238231,54.658592585454194,10.0
ob@k050,2025 EO,const_0.3,1987235.494240625,2506107.1999999997,2606979.1323602796,14.710209473030854,49.74550286581697,18.0
ob@k050,2025 EO,const_0.4,2004975.221371875,2565743.940625,2680863.0668662675,15.734208803315408,44.08897761997398,32.0
ob@k050,2025 EO,const_0.5,2015157.3972875,2625043.9031249997,2754787.488772455,16.32195974453887,51.05365290955685,38.0
ob@k050,2025 EO,const_0.6,2018326.32666875,2679486.9499999997,2827860.7536177645,16.50488147383665,60.19308491793036,41.0
ob@k050,2025 EO,const_0.7,2017231.128884375,2738113.9406249993,2902185.9608283434,16.44166281272469,69.20150620315115,40.0
ob@k050,2025 EO,const_0.8,2007670.307484375,2791387.15,2971961.147954092,15.88977863558175,77.79363995950851,34.0
ob@k050,2025 EO,const_0.9,1988627.00216875,2835258.2812499995,3035027.740518962,14.790532195919615,85.92998887475161,19.0
ob@k050,2025 EO,large_then_smr_2032,1972715.34040625,2846260.593749999,3054529.3083832334,13.872055216653575,89.11391310548075,13.0
ob@k050,2025 EO,smr_then_large_2032,1913311.665184375,2379991.8249999997,2444200.5175898205,10.443066529646922,61.69495506384596,3.0
ob@k050,2025 EO,large_then_smr_2033,1984430.28354375,2826486.046875,3021477.3148702593,14.548282863131266,84.84454515489726,16.0
ob@k050,2025 EO,smr_then_large_2033,1947534.947046875,2418982.225,2489302.822729541,12.418554509143831,59.924134846471674,7.0
ob@k050,2025 EO,large_then_smr_2034,1990656.779340625,2798866.4093749993,2986043.60753493,14.907698060380147,80.54613145523346,20.0
ob@k050,2025 EO,smr_then_large_2034,1970689.01564375,2450620.296875,2528132.9376247507,13.755088637382814,57.95516063974993,12.0
ob@k050,2025 EO,large_then_smr_2035,1994308.123171875,2771164.759375,2951027.5658682636,15.118466445382653,76.27651096429031,23.0
ob@k050,2025 EO,smr_then_large_2035,1987107.591184375,2477902.0999999996,2563264.771332335,14.702826459584688,55.522428531987536,17.0
ob@k050,2025 EO,large_then_smr_2036,1996193.651878125,2743151.80625,2916770.572979042,15.227305781982764,72.20174700714135,24.0
ob@k050,2025 EO,smr_then_large_2036,1999500.547784375,2505967.840625,2596638.0344311376,15.418191423473584,53.231717907059036,28.0
ob@k050,2025 EO,large_then_smr_2037,1996926.87231875,2716265.4968749997,2883534.758732535,15.26962983999087,68.3229724076856,25.0
ob@k050,2025 EO,smr_then_large_2037,2008871.4289375,2529828.1218749997,2627838.9212824353,15.959111582728593,50.82420736578782,35.0
ob@k050,2025 EO,large_then_smr_2038,1997258.931028125,2689683.9499999993,2852209.792789421,15.288797434480875,64.52286413026393,26.0
ob@k050,2025 EO,smr_then_large_2038,2016124.14295,2553996.878125,2657381.1166417166,16.377763698209137,48.51821444138047,39.0
ob@k050,2025 EO,large_then_smr_2039,1997722.530096875,2666632.440625,2823080.0414171657,15.315558000323191,60.926555923087825,27.0
ob@k050,2025 EO,smr_then_large_2039,2021781.818346875,2575263.2562499996,2685516.776072854,16.704344584967075,46.00758445582126,43.0
ob@k050,2025 EO,large_then_smr_2040,1999582.112515625,2646692.653124999,2796833.5311876247,15.422899626117117,57.54391129106171,29.0
ob@k050,2025 EO,smr_then_large_2040,2027435.168528125,2599515.20625,2713787.644710579,17.03067580509425,44.15008336771312,45.0
ob@k050,2025 EO,large_then_smr_2041,2011786.78173125,2638848.33125,2779318.588697605,16.127395981144414,54.592973580715984,36.0
ob@k050,2025 EO,smr_then_large_2041,2030582.958071875,2620571.6687499997,2737969.8046407187,17.212377268754228,47.36765679750723,46.0
ob@k050,2025 EO,large_then_smr_2042,2006958.640475,2602459.1531249997,2729008.39246507,15.848698717294742,48.31519544239014,33.0
ob@k050,2025 EO,smr_then_large_2042,2033778.823196875,2655001.003125,2785849.602919162,17.396853823746717,53.54757915418427,48.0
ob@k050,2025 EO,large_then_smr_2043,2000168.510759375,2565124.0281249997,2681864.1916167666,15.456748591461245,42.49013017208925,30.0
ob@k050,2025 EO,smr_then_large_2043,2033851.175503125,2687778.378125,2830896.6291167666,17.401030252876456,59.29663158008723,49.0
ob@k050,2025 EO,large_then_smr_2044,1991672.619140625,2527428.3656249996,2637804.6380988024,14.966335900025607,46.07072676117509,21.0
ob@k050,2025 EO,smr_then_large_2044,2031511.97666875,2720762.925,2873263.235778443,17.266003483745216,64.65719034756705,47.0
ob@k050,2025 EO,large_then_smr_2045,1981588.1240625,2494623.0281249993,2596907.733408184,14.384223439678522,49.36472251152172,15.0
ob@k050,2025 EO,smr_then_large_2045,2027202.576125,2751079.39375,2913096.9851546907,17.01724975500526,69.66348910623533,44.0
ob@k050,2025 EO,large_then_smr_2046,1969840.66998125,2467611.4499999997,2558779.0518962075,13.706119147388826,52.37470415795594,11.0
ob@k050,2025 EO,smr_then_large_2046,2021208.939175,2778552.6624999996,2950397.898702595,16.671275987914044,74.34348407390645,42.0
ob@k050,2025 EO,large_then_smr_2047,1956258.432096875,2437986.1999999997,2523409.0028692614,12.922104692461554,55.08836576952346,9.0
ob@k050,2025 EO,smr_then_large_2047,2013622.450053125,2804622.4187499997,2984661.1576846307,16.233357201309595,78.72746927058131,37.0
ob@k050,2025 EO,large_then_smr_2048,1940512.06945625,2416352.134375,2490744.494261477,12.013169358838892,57.503748354577226,6.0
ob@k050,2025 EO,smr_then_large_2048,2004415.5005875,2828446.6843749997,3015995.961951098,15.701899754585078,82.8418099098084,31.0
ob@k050,2025 EO,large_then_smr_2049,1922716.38501875,2393390.5,2461350.874001996,10.985939976383827,59.603145226185624,5.0
ob@k050,2025 EO,smr_then_large_2049,1993348.861596875,2845312.8,3043863.758732535,15.063094499517861,86.58063746509889,22.0
ob@k050,2025 EO,large_then_smr_2050,1897351.2521375,2363087.1375,2428719.796032934,9.52177545509175,61.30064215399237,2.0
ob@k050,2025 EO,smr_then_large_2050,1978036.461359375,2860117.425,3068491.413048902,14.179208999349845,90.12990101098977,14.0
ob@k000,EIA 2026 AEO high,pure_large,161655.68756757813,192438.4669921875,196914.97847274202,2.7497188924838167,39.356711787106704,1.0
ob@k000,EIA 2026 AEO high,pure_smr,193312.8370746094,254427.71406249996,264118.2111090319,22.871270207682773,92.42842848944497,44.0
ob@k000,EIA 2026 AEO high,const_0.1,167879.71636054688,197039.8296875,201877.4837356537,6.705764104867219,37.752876797413734,8.0
ob@k000,EIA 2026 AEO high,const_0.2,173109.2360890625,202660.57597656248,208109.2667477545,10.02969096530047,35.221434606609364,18.0
ob@k000,EIA 2026 AEO high,const_0.3,177422.7757810547,208296.82109374998,214536.44195203343,12.771413186478046,32.45924420759746,20.0
ob@k000,EIA 2026 AEO high,const_0.4,180975.20725742186,214178.22421875,220816.76064277694,15.029368604402647,40.5637756585948,22.0
ob@k000,EIA 2026 AEO high,const_0.5,183942.7363544922,220350.1185546875,227128.02894991267,16.915555135277263,49.547621725148375,25.0
ob@k000,EIA 2026 AEO high,const_0.6,186573.7500375,226655.47929687492,233900.4448057011,18.587849629823403,58.616631873711555,26.0
ob@k000,EIA 2026 AEO high,const_0.7,188754.1728828125,233498.3560546875,241021.7338915918,19.973744786335928,67.50030009177897,29.0
ob@k000,EIA 2026 AEO high,const_0.8,190478.93961015626,240445.287109375,248306.16565306886,21.070021069937734,75.60994620441707,30.0
ob@k000,EIA 2026 AEO high,const_0.9,192107.75439648438,247628.28496093748,256215.11250155937,22.105309490292097,84.09416431403186,33.0
ob@k000,EIA 2026 AEO high,large_then_smr_2032,193312.8370746094,254427.71406249996,264118.2111090319,22.871270207682773,92.42842848944497,45.0
ob@k000,EIA 2026 AEO high,smr_then_large_2032,161655.68756757813,192438.4669921875,196914.97847274202,2.7497188924838167,39.356711787106704,2.0
ob@k000,EIA 2026 AEO high,large_then_smr_2033,193312.8370746094,254427.71406249996,264118.2111090319,22.871270207682773,92.42842848944497,46.0
ob@k000,EIA 2026 AEO high,smr_then_large_2033,161655.68756757813,192438.4669921875,196914.97847274202,2.7497188924838167,39.356711787106704,3.0
ob@k000,EIA 2026 AEO high,large_then_smr_2034,193312.8370746094,254427.71406249996,264118.2111090319,22.871270207682773,92.42842848944497,47.0
ob@k000,EIA 2026 AEO high,smr_then_large_2034,161655.68756757813,192438.4669921875,196914.97847274202,2.7497188924838167,39.356711787106704,4.0
ob@k000,EIA 2026 AEO high,large_then_smr_2035,193312.8370746094,254427.71406249996,264118.2111090319,22.871270207682773,92.42842848944497,48.0
ob@k000,EIA 2026 AEO high,smr_then_large_2035,161655.68756757813,192438.4669921875,196914.97847274202,2.7497188924838167,39.356711787106704,5.0
ob@k000,EIA 2026 AEO high,large_then_smr_2036,193312.8370746094,254427.71406249996,264118.2111090319,22.871270207682773,92.42842848944497,49.0
ob@k000,EIA 2026 AEO high,smr_then_large_2036,161655.68756757813,192438.4669921875,196914.97847274202,2.7497188924838167,39.356711787106704,6.0
ob@k000,EIA 2026 AEO high,large_then_smr_2037,190954.2338373047,241126.48183593748,249021.43804578343,21.372122090728027,76.57441497060108,31.0
ob@k000,EIA 2026 AEO high,smr_then_large_2037,175143.07652402343,204731.3837890625,210122.78445452845,11.322417105090901,38.119297612756135,19.0
ob@k000,EIA 2026 AEO high,large_then_smr_2038,187671.25231230468,228865.26640625,235823.75220652446,19.285431335217474,60.98585239091277,27.0
ob@k000,EIA 2026 AEO high,smr_then_large_2038,183189.70374121095,215871.0904296875,222480.8184256487,16.436921253007114,40.19334504783986,23.0
ob@k000,EIA 2026 AEO high,large_then_smr_2039,183368.73538964844,217877.96171875,224609.5339009481,16.55071527922794,45.58380861046668,24.0
ob@k000,EIA 2026 AEO high,smr_then_large_2039,188087.70915351564,226480.12890625,233305.81512755738,19.55013481710015,55.67705458104709,28.0
ob@k000,EIA 2026 AEO high,large_then_smr_2040,177425.9192205078,208189.994921875,214076.0350548902,12.77341118311537,34.2021644755055,21.0
ob@k000,EIA 2026 AEO high,smr_then_large_2040,191101.85371796874,236581.880078125,244130.6078701971,21.4659505323338,69.7831175870877,32.0
ob@k000,EIA 2026 AEO high,large_then_smr_2041,169130.36258320312,198340.03359375,203350.46810285677,7.500685395577496,37.34594090990922,17.0
ob@k000,EIA 2026 AEO high,smr_then_large_2041,192791.9762064453,247001.24843749998,255205.6828608408,22.54020664542129,82.57614018758997,34.0
ob@k000,EIA 2026 AEO high,large_then_smr_2042,168939.43208867186,198142.911328125,203140.7133311502,7.379328362389982,37.437319554096895,16.0
ob@k000,EIA 2026 AEO high,smr_then_large_2042,192815.10617324218,247172.68105468748,255460.41704871508,22.554908247462834,82.86158796405364,35.0
ob@k000,EIA 2026 AEO high,large_then_smr_2043,168761.52019550782,197967.52128906248,202946.2119588947,7.266246062068223,37.52671440476468,15.0
ob@k000,EIA 2026 AEO high,smr_then_large_2043,192836.79579804686,247372.2873046875,255702.08975018712,22.568694355982114,83.13239936655017,36.0
ob@k000,EIA 2026 AEO high,large_then_smr_2044,168595.93857421874,197828.876171875,202767.2293381986,7.161000986579615,37.61432160670366,14.0
ob@k000,EIA 2026 AEO high,smr_then_large_2044,192857.1314703125,247580.4357421875,255931.23000093564,22.581619880844386,83.38931676587113,37.0
ob@k000,EIA 2026 AEO high,large_then_smr_2045,168442.0433876953,197654.9533203125,202601.81456618014,7.0631839076254375,37.70031744194126,13.0
ob@k000,EIA 2026 AEO high,smr_then_large_2045,192876.19531484376,247776.42539062494,256148.3328967066,22.593737021268396,83.63306763573532,38.0
ob@k000,EIA 2026 AEO high,large_then_smr_2046,168299.22697714844,197495.32265624998,202448.63236027944,6.972408592152602,37.784905503804914,12.0
ob@k000,EIA 2026 AEO high,smr_then_large_2046,192894.06553632813,247974.00703125,256354.01453343313,22.60509548481332,83.86432731010693,39.0
ob@k000,EIA 2026 AEO high,large_then_smr_2047,168167.02275097655,197399.827734375,202307.48633202346,6.888378470602564,37.86825462578569,11.0
ob@k000,EIA 2026 AEO high,smr_then_large_2047,192910.81417402343,248149.0890625,256549.28827501248,22.615741060239213,84.08374132880472,40.0
ob@k000,EIA 2026 AEO high,large_then_smr_2048,168044.9623701172,197318.98515624998,202178.54040356787,6.810795862715865,37.95054853844737,10.0
ob@k000,EIA 2026 AEO high,smr_then_large_2048,192926.50590957032,248335.4494140625,256734.40996132736,22.625714859742573,84.29191550612012,41.0
ob@k000,EIA 2026 AEO high,large_then_smr_2049,167932.54689785157,197210.832421875,202060.8235794037,6.739343640104581,38.03198835227196,9.0
ob@k000,EIA 2026 AEO high,smr_then_large_2049,192941.2042089844,248475.72734374998,256909.95964321357,22.63505722285838,84.48942834504453,42.0
ob@k000,EIA 2026 AEO high,large_then_smr_2050,166017.0991560547,195651.1787109375,200258.285405751,5.521868894957756,38.93758885267807,7.0
ob@k000,EIA 2026 AEO high,smr_then_large_2050,193135.76870078125,250751.475,259531.80113990768,22.758724055367633,87.41329170881366,43.0
ob@k000,Abou-Jaoude mod,pure_large,221207.25340078125,265645.02109375,271611.2019788548,3.90453848627073,50.507004351832606,1.0
ob@k000,Abou-Jaoude mod,pure_smr,255024.00516367189,342207.43535156245,358330.3960360529,19.788800557287985,89.7953004020718,45.0
ob@k000,Abou-Jaoude mod,const_0.1,230205.41092148438,272406.30859375,278864.9647189995,8.131115101828138,48.53544207138593,6.0
ob@k000,Abou-Jaoude mod,const_0.2,236789.99248164063,278835.90078125,286673.9531639845,11.223996992521274,45.17398344639108,10.0
ob@k000,Abou-Jaoude mod,const_0.3,242105.56366328124,286042.5431640625,295111.7209253368,13.720804678201526,40.99160107761135,16.0
ob@k000,Abou-Jaoude mod,const_0.4,246308.9443484375,293808.876953125,303676.43620571354,15.695198932724294,38.87213520480963,19.0
ob@k000,Abou-Jaoude mod,const_0.5,249572.93201328124,301730.4326171875,312264.83773078845,17.22834545810524,47.48291725396145,26.0
ob@k000,Abou-Jaoude mod,const_0.6,251993.31048203126,309776.36347656243,320996.4598303393,18.365235428444194,56.284752528653364,34.0
ob@k000,Abou-Jaoude mod,const_0.7,253758.45389296874,317747.3636718749,330088.4284088074,19.19435114981364,64.8286129223577,40.0
ob@k000,Abou-Jaoude mod,const_0.8,254675.83174921875,326230.318359375,339211.8815571981,19.625258008905107,73.22390184657645,43.0
ob@k000,Abou-Jaoude mod,const_0.9,255149.02059492187,334279.661328125,348820.7588494885,19.847522278605865,81.65963219891236,46.0
ob@k000,Abou-Jaoude mod,large_then_smr_2032,254522.66641054687,339848.866796875,355775.94709799153,19.553313831749392,87.96706748956676,42.0
ob@k000,Abou-Jaoude mod,smr_then_large_2032,223583.26798046875,267579.4669921875,273322.84594093065,5.020590037671658,50.503492492415326,2.0
ob@k000,Abou-Jaoude mod,large_then_smr_2033,254133.15118984375,337676.68613281247,353435.9263738149,19.370352384426468,86.04570241389436,41.0
ob@k000,Abou-Jaoude mod,smr_then_large_2033,225584.025103125,268857.664453125,274783.6063731911,5.960377238392729,50.10460104136165,3.0
ob@k000,Abou-Jaoude mod,large_then_smr_2034,253733.15737695314,335540.2351562499,351184.4863164296,19.18246897695762,84.42941407035947,39.0
ob@k000,Abou-Jaoude mod,smr_then_large_2034,227340.4251078125,270018.89375,276162.7996584955,6.785386043839494,49.652198687462835,4.0
ob@k000,Abou-Jaoude mod,large_then_smr_2035,253422.72670976561,333950.4529296875,349101.36543319613,19.03665479270181,82.71931467756298,38.0
ob@k000,Abou-Jaoude mod,smr_then_large_2035,228927.6597339844,271087.60234375,277510.1415216442,7.530935200869236,49.37202056153875,5.0
ob@k000,Abou-Jaoude mod,large_then_smr_2036,253246.81246484374,332393.5791015625,347263.8546734656,18.95402509520879,81.10650149689974,37.0
ob@k000,Abou-Jaoude mod,smr_then_large_2036,230289.477628125,272225.8001953125,278775.7044270833,8.170602560857022,48.860000999601134,7.0
ob@k000,Abou-Jaoude mod,large_then_smr_2037,252560.5028125,328228.09238281247,342382.08729416167,18.631654618702534,77.08988476406294,35.0
ob@k000,Abou-Jaoude mod,smr_then_large_2037,234271.07626679688,275997.4166015625,283092.9164561502,10.040822287509545,47.60929098299238,9.0
ob@k000,Abou-Jaoude mod,large_then_smr_2038,251905.60195546874,324232.1396484375,337817.7583816741,18.32403734911505,73.38502720432382,33.0
ob@k000,Abou-Jaoude mod,smr_then_large_2038,237335.711684375,279397.6505859375,286998.6446560005,11.48032991574815,46.20684441983698,11.0
ob@k000,Abou-Jaoude mod,large_then_smr_2039,251344.63020585937,320668.14843749994,333714.71492951596,18.06054006387281,69.8788263943804,31.0
ob@k000,Abou-Jaoude mod,smr_then_large_2039,239737.54503984374,282216.290625,290372.4226702844,12.608508953660431,44.61110797668504,13.0
ob@k000,Abou-Jaoude mod,large_then_smr_2040,250822.37127578125,317174.208984375,329962.9440805888,17.815226801012553,66.31715508605492,30.0
ob@k000,Abou-Jaoude mod,smr_then_large_2040,242020.0596984375,285267.8587890624,293903.7119121133,13.680642116308768,42.97013019724685,15.0
ob@k000,Abou-Jaoude mod,large_then_smr_2041,250378.12825273437,314211.000390625,326482.70898827346,17.606558841098053,63.19299100375496,29.0
ob@k000,Abou-Jaoude mod,smr_then_large_2041,244057.5488167969,288360.740234375,297378.089181013,14.637682915194171,41.430502772371,18.0
ob@k000,Abou-Jaoude mod,large_then_smr_2042,249580.24636992186,309901.555078125,321558.0058476796,17.231781126870096,58.48202425233793,27.0
ob@k000,Abou-Jaoude mod,smr_then_large_2042,246399.715684375,292498.328125,301920.7059630739,15.737835661960657,38.96603799543532,21.0
ob@k000,Abou-Jaoude mod,large_then_smr_2043,248720.0956859375,305602.0041015625,317055.2196466442,16.82775477387289,54.01246022189965,25.0
ob@k000,Abou-Jaoude mod,smr_then_large_2043,248641.76367695312,296831.32109374995,306704.2258062001,16.79096099285036,40.400610549466975,24.0
ob@k000,Abou-Jaoude mod,large_then_smr_2044,247961.30279453125,302156.68105468736,313168.4991423403,16.47133777589415,50.041875635907545,23.0
ob@k000,Abou-Jaoude mod,smr_then_large_2044,250267.93943046874,300656.73730468744,310808.9394414296,17.554801412045254,44.82114432528218,28.0
ob@k000,Abou-Jaoude mod,large_then_smr_2045,247070.42781640624,298744.3828125,309342.9256720933,16.052879736982852,46.13956497306957,22.0
ob@k000,Abou-Jaoude mod,smr_then_large_2045,251629.04675546876,304231.4037109375,314760.3001341068,18.194135006491972,48.880235474864335,32.0
ob@k000,Abou-Jaoude mod,large_then_smr_2046,246384.49256210937,296020.87460937497,306191.22511227545,15.73068512114876,42.63581549237456,20.0
ob@k000,Abou-Jaoude mod,smr_then_large_2046,252880.86347226563,308040.2908203125,318727.1935426023,18.782133077208574,52.692116675120985,36.0
ob@k000,Abou-Jaoude mod,large_then_smr_2047,243831.51025039062,289940.73886718747,299509.7100798403,14.53150903273116,37.94592907159762,17.0
ob@k000,Abou-Jaoude mod,smr_then_large_2047,254830.938053125,314985.6169921875,326378.2931636727,19.698113888067855,60.153269342615964,44.0
ob@k000,Abou-Jaoude mod,large_then_smr_2048,241121.7424167969,284419.634765625,293573.5911224426,13.258688309965901,41.935783013702725,14.0
ob@k000,Abou-Jaoude mod,smr_then_large_2048,255929.9871578125,320863.4193359375,333409.7370415419,20.214354600072912,66.81693451519594,47.0
ob@k000,Abou-Jaoude mod,large_then_smr_2049,238119.51233242187,280244.367578125,288262.4646098428,11.848493451746664,45.815657408539394,12.0
ob@k000,Abou-Jaoude mod,smr_then_large_2049,256236.11470976562,327182.7650390625,339911.2218999501,20.35814754318221,73.03767238196009,49.0
ob@k000,Abou-Jaoude mod,large_then_smr_2050,232630.29531484374,274605.675,281371.3003212325,9.270121576078214,49.8000600787904,8.0
ob@k000,Abou-Jaoude mod,smr_then_large_2050,256072.25080195314,334248.971484375,348446.7075692365,20.281178079233545,80.8523559004492,48.0
ob@k000,IAEA high,pure_large,540356.3287757812,653017.40078125,667241.9621070359,5.365602388086259,59.642710192701124,1.0
ob@k000,IAEA high,pure_smr,599603.2532695313,821833.3609374999,866973.1263098803,16.9183270560262,92.91493161438586,25.0
ob@k000,IAEA high,const_0.1,562707.7234914063,668992.19375,684238.6700349301,9.723963793348789,57.185541731680836,5.0
ob@k000,IAEA high,const_0.2,577409.6697484375,683267.28125,701551.6798278443,12.590737700039076,52.62521426774906,11.0
ob@k000,IAEA high,const_0.3,588575.4737296875,699995.38125,720657.3347055889,14.76798926531107,47.68901682293642,16.0
ob@k000,IAEA high,const_0.4,596281.8689914063,717264.803125,740067.135135978,16.270680981407583,41.94238657863655,21.0
ob@k000,IAEA high,const_0.5,602120.5805195313,734788.6953125,760746.7783183632,17.409187786213472,50.02664250047457,32.0
ob@k000,IAEA high,const_0.6,605817.3467882812,753251.1242187499,782165.1864084331,18.130030652396368,59.297301745851634,36.0
ob@k000,IAEA high,const_0.7,607500.7702179687,773755.08828125,804118.6511664172,18.45828612808423,67.91329698438871,40.0
ob@k000,IAEA high,const_0.8,607021.5380890626,790246.64921875,825785.3539171657,18.364839305576698,76.53803338527185,38.0
ob@k000,IAEA high,const_0.9,604212.8717789062,805860.77734375,846608.5947168163,17.817169551532725,84.79869077713863,34.0
ob@k000,IAEA high,large_then_smr_2032,601000.401,808055.1484375,849894.5692677146,17.190760826866832,86.56010658879573,27.0
ob@k000,IAEA high,smr_then_large_2032,561450.1577789063,668180.83828125,682983.5428517964,9.478747513305649,59.16950528206434,4.0
ob@k000,IAEA high,large_then_smr_2033,601756.4714726562,795779.1749999999,833946.9455464071,17.33818913769971,80.52459144028988,30.0
ob@k000,IAEA high,smr_then_large_2033,575204.2461796876,680415.37578125,697065.2194673154,12.16069594709303,56.96763421263134,9.0
ob@k000,IAEA high,large_then_smr_2034,602054.8415476562,783122.4984375,818968.418381986,17.396369158942694,74.90791781457108,31.0
ob@k000,IAEA high,smr_then_large_2034,584817.6668953125,690457.67421875,709634.0290356786,14.035243927324506,54.056287874383536,14.0
ob@k000,IAEA high,large_then_smr_2035,601519.881740625,771314.70546875,804601.7385853294,17.292055839528143,69.58095171900229,29.0
ob@k000,IAEA high,smr_then_large_2035,591690.1342132812,700789.08984375,721119.948977046,15.37532568502459,50.90740372465135,18.0
ob@k000,IAEA high,large_then_smr_2036,600507.6662726563,760564.57421875,791080.5494947605,17.094681094661738,64.4860148878556,26.0
ob@k000,IAEA high,smr_then_large_2036,597100.8047742187,711211.25234375,732388.9240269461,16.430367576119426,47.51055574128481,23.0
ob@k000,IAEA high,large_then_smr_2037,598765.9174234375,748801.50078125,778110.7460703593,16.755052581153866,59.46435879450871,24.0
ob@k000,IAEA high,smr_then_large_2037,601292.7951445313,720985.77734375,743291.8961452096,17.247775584597314,44.28028341805995,28.0
ob@k000,IAEA high,large_then_smr_2038,596807.47225625,737517.74453125,766297.1122442614,16.373169842309565,54.67009174590701,22.0
ob@k000,IAEA high,smr_then_large_2038,604502.6807460937,730099.46171875,753764.3845122255,17.87368021825215,45.35325576420476,35.0
ob@k000,IAEA high,large_then_smr_2039,594782.6649984375,728424.41875,755593.643619012,15.978346972514492,50.09500271642393,20.0
ob@k000,IAEA high,smr_then_large_2039,607031.2988648438,738634.6617187498,763962.1352919162,18.366742586736184,50.089274802443235,39.0
ob@k000,IAEA high,large_then_smr_2040,592588.5858710938,720028.8101562499,745784.031749002,15.550517304148327,45.73103301857066,19.0
ob@k000,IAEA high,smr_then_large_2040,608978.1143859375,747759.19609375,773978.8356412175,18.746357628135346,54.51224201429762,42.0
ob@k000,IAEA high,large_then_smr_2041,590267.9326320313,712221.25,736755.4932010978,15.098006593259358,41.45643705939273,17.0
ob@k000,IAEA high,smr_then_large_2041,610369.9737671874,756213.53828125,783626.6592128243,19.0177602088679,58.64744248387736,45.0
ob@k000,IAEA high,large_then_smr_2042,587204.0650804688,704179.1007812499,727171.4019149202,14.500574430413996,42.927773635843614,15.0
ob@k000,IAEA high,smr_then_large_2042,611272.677571875,764788.1921875,793924.0692053393,19.193780966086386,63.00762810238806,47.0
ob@k000,IAEA high,large_then_smr_2043,583971.9060804688,696965.1484374998,718546.0524263972,13.870326644067834,45.56756505643979,13.0
ob@k000,IAEA high,smr_then_large_2043,611672.7565671875,774495.1046874999,803804.4468250998,19.27179349615044,67.10776642617536,49.0
ob@k000,IAEA high,large_then_smr_2044,580563.0011796874,690499.99296875,710729.8787737025,13.205614676747551,48.02820987376431,12.0
ob@k000,IAEA high,smr_then_large_2044,611463.0794171875,781575.5304687498,812978.5311876248,19.230907958144773,70.8203321533372,48.0
ob@k000,IAEA high,large_then_smr_2045,576980.0225867188,683869.71328125,703674.0499937625,12.50695958993275,50.31389129308075,10.0
ob@k000,IAEA high,smr_then_large_2045,611088.997790625,788421.1515624999,821816.535741018,19.157964728231335,74.29690173096905,46.0
ob@k000,IAEA high,large_then_smr_2046,573164.2167132812,678778.63671875,697273.1824476048,11.762904855972986,52.42759514188968,8.0
ob@k000,IAEA high,smr_then_large_2046,610261.91124375,795072.16640625,829960.4501621757,18.996688793079425,77.58378290619459,44.0
ob@k000,IAEA high,large_then_smr_2047,569181.339903125,674181.771875,691641.720247006,10.986272489529863,54.37204522609468,7.0
ob@k000,IAEA high,smr_then_large_2047,609368.39724375,801288.2921874999,837831.4132048403,18.822459981758787,80.69070703925544,43.0
ob@k000,IAEA high,large_then_smr_2048,565048.089975,670624.69921875,686809.8527320359,10.18031844530858,56.177252158839266,6.0
ob@k000,IAEA high,smr_then_large_2048,607917.2823132812,806674.2359375,844773.2882048403,18.539502994598873,83.47318749998871,41.0
ob@k000,IAEA high,large_then_smr_2049,560682.20715,667345.984375,682485.6850985528,9.329002657346736,57.82144072670855,3.0
ob@k000,IAEA high,smr_then_large_2049,606159.9302507812,810167.52109375,851063.7699600798,18.196831966588963,86.08471410250037,37.0
ob@k000,IAEA high,large_then_smr_2050,553747.8392757813,662506.9984375,677092.6217252994,7.976850735848967,59.52849010375317,2.0
ob@k000,IAEA high,smr_then_large_2050,603394.9183414063,815802.6726562498,858584.2005676148,17.65767450710001,89.28624021912532,33.0
ob@k000,McKinsey GEP 2025,pure_large,682178.2955265625,827530.6796874999,846634.6798590319,6.693979739949088,59.366203748473005,1.0
ob@k000,McKinsey GEP 2025,pure_smr,739899.4847671875,1031901.0226562499,1090242.256237525,15.721683253517137,98.0124649779246,16.0
ob@k000,McKinsey GEP 2025,const_0.1,710127.6296359375,845968.39140625,868659.0825848304,11.065308623857579,56.97729428702812,4.0
ob@k000,McKinsey GEP 2025,const_0.2,727139.73966875,863306.7625,890030.837761976,13.726034910632274,53.07932156892575,9.0
ob@k000,McKinsey GEP 2025,const_0.3,739468.007040625,883939.9351562499,913766.0093874751,15.654199318425704,47.91322271700784,15.0
ob@k000,McKinsey GEP 2025,const_0.4,747670.17625625,903486.8578125,937796.0974301397,16.937034145998215,44.397506011106636,32.0
ob@k000,McKinsey GEP 2025,const_0.5,753329.420984375,924492.35703125,963420.6598053892,17.82215075895043,54.30905348072561,36.0
ob@k000,McKinsey GEP 2025,const_0.6,756098.2407578125,947228.9156249999,989538.1887786926,18.25519942489,63.657835154603994,41.0
ob@k000,McKinsey GEP 2025,const_0.7,756214.379553125,970660.8304687497,1015804.8344872755,18.27336375283088,72.86639519618413,42.0
ob@k000,McKinsey GEP 2025,const_0.8,754037.111428125,992990.71484375,1041996.9306699102,17.93283488707757,81.68425107932747,38.0
ob@k000,McKinsey GEP 2025,const_0.9,748603.961246875,1013587.44140625,1066825.4332896706,17.08307989023332,90.06390794661725,33.0
ob@k000,McKinsey GEP 2025,large_then_smr_2032,742522.7317625,1018239.8976562498,1073957.2367140718,16.131964060757884,93.14091733049855,19.0
ob@k000,McKinsey GEP 2025,smr_then_large_2032,704195.42574375,843027.48046875,862884.5018712574,10.137500679751483,58.9748275506336,3.0
ob@k000,McKinsey GEP 2025,large_then_smr_2033,744502.2035953125,1006105.93828125,1058615.396706587,16.441557211127577,88.44713754584933,21.0
ob@k000,McKinsey GEP 2025,smr_then_large_2033,718463.6736125,853340.2460937498,876648.4812874252,12.369081718045756,57.56319778845546,7.0
ob@k000,McKinsey GEP 2025,large_then_smr_2034,746047.408121875,992338.171875,1044319.079622006,16.683230130849953,83.94068813373106,24.0
ob@k000,McKinsey GEP 2025,smr_then_large_2034,728433.829084375,863112.22109375,888914.0632796906,13.928432950554962,55.357156357908245,10.0
ob@k000,McKinsey GEP 2025,large_then_smr_2035,746790.1691453125,980520.76171875,1030604.6697542415,16.799399364180797,79.62500504832578,29.0
ob@k000,McKinsey GEP 2025,smr_then_large_2035,736191.6603109376,873966.984375,900786.4768587825,15.141772473580836,53.51309734362036,13.0
ob@k000,McKinsey GEP 2025,large_then_smr_2036,746885.339378125,970047.5460937499,1017342.5327158184,16.814284169162324,75.36256703384392,31.0
ob@k000,McKinsey GEP 2025,smr_then_large_2036,741915.429140625,883878.44609375,911727.3411302395,16.036980778441148,50.8846461575113,18.0
ob@k000,McKinsey GEP 2025,large_then_smr_2037,746577.0088578125,959299.5445312499,1004690.1624563374,16.76606069077969,71.29838308690987,26.0
ob@k000,McKinsey GEP 2025,smr_then_large_2037,746858.24881875,892959.4249999999,922749.6825723553,16.810047154276255,48.716414885644404,30.0
ob@k000,McKinsey GEP 2025,large_then_smr_2038,746184.4503828125,948804.875,992963.9578967065,16.70466380047542,67.43094783926183,25.0
ob@k000,McKinsey GEP 2025,smr_then_large_2038,750566.6360984375,901652.88046875,932764.5984281438,17.390045960866043,46.46763663665086,34.0
ob@k000,McKinsey GEP 2025,large_then_smr_2039,745821.5815671874,939119.35390625,982180.8597492515,16.647910429228585,63.76110683865724,22.0
ob@k000,McKinsey GEP 2025,smr_then_large_2039,753976.807959375,910304.7320312499,943080.2322230539,17.92340331014929,44.09304528015091,37.0
ob@k000,McKinsey GEP 2025,large_then_smr_2040,745887.94514375,931187.8804687499,972650.334612026,16.65828981851678,60.34446340337774,23.0
ob@k000,McKinsey GEP 2025,smr_then_large_2040,755805.4563078125,916955.77421875,951614.660990519,18.209407381400315,47.827595121997504,40.0
ob@k000,McKinsey GEP 2025,large_then_smr_2041,746619.4106515625,923552.68984375,964019.4229665669,16.77269241177252,56.87134666426269,27.0
ob@k000,McKinsey GEP 2025,smr_then_large_2041,758135.936465625,925589.7015625,961142.5257297904,18.573898899779792,51.5260478946955,44.0
ob@k000,McKinsey GEP 2025,large_then_smr_2042,744316.920871875,909926.6031249999,947629.1230975549,16.41257864163887,50.73068559604419,20.0
ob@k000,McKinsey GEP 2025,smr_then_large_2042,760538.9672390625,938826.43125,977387.648515469,18.949737472095716,57.812622158007386,46.0
ob@k000,McKinsey GEP 2025,large_then_smr_2043,741361.8066,897756.046875,932682.7344373752,15.950393162680918,44.822383984110765,17.0
ob@k000,McKinsey GEP 2025,smr_then_large_2043,761760.6087484375,952081.80703125,993030.6377869261,19.140804522023082,63.530866139325106,48.0
ob@k000,McKinsey GEP 2025,large_then_smr_2044,737711.0066421875,887640.3234374999,919156.915138473,15.37940112249472,44.7398208887763,14.0
ob@k000,McKinsey GEP 2025,smr_then_large_2044,761819.2923453125,964764.90234375,1007851.980632485,19.149982747916674,68.85241870207373,49.0
ob@k000,McKinsey GEP 2025,large_then_smr_2045,733592.667265625,877857.01640625,906959.909992515,14.735285030137918,47.83608970004642,12.0
ob@k000,McKinsey GEP 2025,smr_then_large_2045,761238.5515296875,977557.8390624999,1021917.853636477,19.059153782494036,73.83093302837752,47.0
ob@k000,McKinsey GEP 2025,large_then_smr_2046,728883.0919375,868627.82421875,895840.2337824352,13.998698513185081,50.67976700334362,11.0
ob@k000,McKinsey GEP 2025,smr_then_large_2046,760007.69235625,988955.76328125,1035166.6998814871,18.866645072418315,78.48993538488689,45.0
ob@k000,McKinsey GEP 2025,large_then_smr_2047,723625.8827671875,859576.46328125,885759.4799151696,13.176461024270196,53.27029806068829,8.0
ob@k000,McKinsey GEP 2025,smr_then_large_2047,757903.770428125,998151.8398437499,1047325.77376497,18.537587691018437,82.72111257013927,43.0
ob@k000,McKinsey GEP 2025,large_then_smr_2048,717771.5183203125,851964.728125,877033.9540294411,12.260827317098348,55.60656606478229,6.0
ob@k000,McKinsey GEP 2025,smr_then_large_2048,755262.5310171875,1007037.8601562498,1058596.5214882735,18.12449283583633,86.52417133057715,39.0
ob@k000,McKinsey GEP 2025,large_then_smr_2049,711579.368915625,847402.52421875,869834.8730351797,11.292363401633976,57.76232428533685,5.0
ob@k000,McKinsey GEP 2025,smr_then_large_2049,752136.197140625,1015565.7195312498,1069108.9363460578,17.635528285844597,90.21694720315787,35.0
ob@k000,McKinsey GEP 2025,large_then_smr_2050,701832.43468125,841681.94921875,861348.0326846307,9.767924394194859,59.48063617416877,2.0
ob@k000,McKinsey GEP 2025,smr_then_large_2050,746781.393453125,1024063.23828125,1079472.5364583333,16.79802682927226,94.06067290068205,28.0
ob@k000,COP28 tripling pledge,pure_large,1247795.99533125,1533405.18125,1569155.6233782435,8.854602050645857,69.02795248327082,1.0
ob@k000,COP28 tripling pledge,pure_smr,1300149.758159375,1850095.1140624995,1971378.519024451,13.421813389544692,90.66085125608643,5.0
ob@k000,COP28 tripling pledge,const_0.1,1295430.255621875,1564161.3124999998,1603906.0984281437,13.010095791060015,65.59428997006218,4.0
ob@k000,COP28 tripling pledge,const_0.2,1321491.8581125,1587708.909375,1636732.8156811376,15.283644815526946,60.057617600998455,12.0
ob@k000,COP28 tripling pledge,const_0.3,1338702.531840625,1615361.1984375,1674984.4016966068,16.785060949821567,53.84985713905794,26.0
ob@k000,COP28 tripling pledge,const_0.4,1348179.7969875,1642625.1578125,1714592.429952595,17.611833859777622,46.99988692262278,35.0
ob@k000,COP28 tripling pledge,const_0.5,1353104.789259375,1680898.3953125,1758045.9144211577,18.04147786878499,51.65290885367655,40.0
ob@k000,COP28 tripling pledge,const_0.6,1352606.323446875,1719622.8031249999,1802204.399014471,17.99799295790328,60.149271498516455,38.0
ob@k000,COP28 tripling pledge,const_0.7,1348135.696528125,1755120.5921874999,1847356.124500998,17.60798664599149,68.1731204078624,34.0
ob@k000,COP28 tripling pledge,const_0.8,1339224.542465625,1790847.8796875,1892477.2501247504,16.83059985126314,75.97429832686412,27.0
ob@k000,COP28 tripling pledge,const_0.9,1323935.657978125,1824559.0421874996,1934461.1177020958,15.496835804165606,83.60200175268432,13.0
ob@k000,COP28 tripling pledge,large_then_smr_2032,1311483.925765625,1830996.7406249999,1944319.919286427,14.410577826175324,85.93552579528928,7.0
ob@k000,COP28 tripling pledge,smr_then_large_2032,1294111.156315625,1566048.634375,1603339.288485529,12.8950208664855,68.94383645091158,3.0
ob@k000,COP28 tripling pledge,large_then_smr_2033,1320127.37005625,1809470.30625,1918351.1749625748,15.16461028991403,81.43619452831864,11.0
ob@k000,COP28 tripling pledge,smr_then_large_2033,1317374.1628625,1583403.96875,1625281.121756487,14.924427379758853,66.19370700506425,9.0
ob@k000,COP28 tripling pledge,large_then_smr_2034,1324823.721740625,1787622.9046874999,1891687.9736152694,15.574308265869472,76.77665159420528,15.0
ob@k000,COP28 tripling pledge,smr_then_large_2034,1332786.724053125,1597967.0187499998,1645082.976297405,16.268980673137015,63.43945558738328,23.0
ob@k000,COP28 tripling pledge,large_then_smr_2035,1326796.844165625,1765141.8390624998,1865124.3699476048,15.746438531693546,72.47820375217243,18.0
ob@k000,COP28 tripling pledge,smr_then_large_2035,1342695.680509375,1612316.8203125,1663261.5518962075,17.13341325331686,60.288679748289745,30.0
ob@k000,COP28 tripling pledge,large_then_smr_2036,1324140.416565625,1740482.9015624996,1837805.2441991018,15.514698431263433,68.16393866107951,14.0
ob@k000,COP28 tripling pledge,smr_then_large_2036,1350546.8610875,1624625.509375,1682259.0080464073,17.81833061212973,57.082115528505895,37.0
ob@k000,COP28 tripling pledge,large_then_smr_2037,1325338.915040625,1734864.5187499998,1828321.8688248503,15.619252440927328,66.50261226329334,17.0
ob@k000,COP28 tripling pledge,smr_then_large_2037,1352962.61388125,1630170.1828125,1689643.5964321357,18.02907484436024,55.61750423890247,39.0
ob@k000,COP28 tripling pledge,large_then_smr_2038,1327131.87316875,1726023.4765624998,1820002.6526322355,15.775665624060444,64.9723493032548,19.0
ob@k000,COP28 tripling pledge,smr_then_large_2038,1355687.49418125,1636353.7124999997,1697487.9625748503,18.266786587146697,54.21005259442872,41.0
ob@k000,COP28 tripling pledge,large_then_smr_2039,1329795.616690625,1721373.4421875,1812812.2407060878,16.00804394721872,63.584138979681775,20.0
ob@k000,COP28 tripling pledge,smr_then_large_2039,1357423.741828125,1641511.6734374997,1703817.2264845308,18.4182524897214,53.46068520311849,43.0
ob@k000,COP28 tripling pledge,large_then_smr_2040,1334992.17203125,1719493.21875,1808590.5833957086,16.461378439198498,62.69138312770068,24.0
ob@k000,COP28 tripling pledge,smr_then_large_2040,1358548.711515625,1645809.1437499998,1709623.4929515969,18.516392031850113,52.10033635582844,44.0
ob@k000,COP28 tripling pledge,large_then_smr_2041,1343276.816203125,1717407.4703125,1805421.0377370259,17.18411007789177,61.662942976690196,31.0
ob@k000,COP28 tripling pledge,smr_then_large_2041,1360486.266546875,1650891.18125,1716437.225486527,18.685419487193048,51.06670557362003,45.0
ob@k000,COP28 tripling pledge,large_then_smr_2042,1345250.722103125,1689368.9843749995,1770737.3874750498,17.35630869211547,55.22758533187676,33.0
ob@k000,COP28 tripling pledge,smr_then_large_2042,1365582.826784375,1675779.7718749999,1748554.664982535,19.130030656451474,48.151250162243805,48.0
ob@k000,COP28 tripling pledge,large_then_smr_2043,1344830.269046875,1661966.321875,1739035.1981037925,17.31962941898884,48.975663612176156,32.0
ob@k000,COP28 tripling pledge,smr_then_large_2043,1366917.557234375,1702763.4703125,1779707.935753493,19.2464692029152,54.653568039979234,49.0
ob@k000,COP28 tripling pledge,large_then_smr_2044,1342400.358525,1637064.7375,1710198.9646956087,17.107650101963415,46.88734237023623,29.0
ob@k000,COP28 tripling pledge,smr_then_large_2044,1365518.778815625,1729084.3984374998,1809850.4323228542,19.124443271833698,60.596887106525834,47.0
ob@k000,COP28 tripling pledge,large_then_smr_2045,1338338.2577875,1619346.6546874999,1684606.9081836327,16.753282592430885,51.459339747806,25.0
ob@k000,COP28 tripling pledge,smr_then_large_2045,1362008.0545375,1752378.1890625,1838615.5145334331,18.818176465693337,65.91889525196187,46.0
ob@k000,COP28 tripling pledge,large_then_smr_2046,1332583.964178125,1602724.3125,1662103.0062999001,16.251292408719156,55.68219902301905,22.0
ob@k000,COP28 tripling pledge,smr_then_large_2046,1356786.74555,1774265.384375,1865690.0117265468,18.362682527465967,70.8083498888468,42.0
ob@k000,COP28 tripling pledge,large_then_smr_2047,1325126.89025,1590987.8968749999,1642390.4550274452,15.60075592844074,59.55765676734235,16.0
ob@k000,COP28 tripling pledge,smr_then_large_2047,1350099.226278125,1793387.1781249992,1891393.328717565,17.77928007083865,75.31768893267018,36.0
ob@k000,COP28 tripling pledge,large_then_smr_2048,1315812.316709375,1581404.346875,1625788.9053143712,14.788175827342531,63.079434607010754,8.0
ob@k000,COP28 tripling pledge,smr_then_large_2048,1341919.271953125,1809471.3234374996,1914958.8650823354,17.065681312570515,79.48819752989282,28.0
ob@k000,COP28 tripling pledge,large_then_smr_2049,1304923.40246875,1572898.5703125,1612592.8787425149,13.838254180805928,66.33619855519723,6.0
ob@k000,COP28 tripling pledge,smr_then_large_2049,1331523.271140625,1827904.9531249998,1935326.271768962,16.158760200788564,83.1750096347024,21.0
ob@k000,COP28 tripling pledge,large_then_smr_2050,1287835.145859375,1561330.715625,1599135.6395958085,12.347517409801121,69.14517787271978,2.0
ob@k000,COP28 tripling pledge,smr_then_large_2050,1318799.523565625,1842573.5765624996,1955380.7022829342,15.048772282850257,87.12742175794118,10.0
ob@k000,2025 EO,pure_large,1873092.75936875,2322936.16875,2377207.6744011976,10.284598664373297,77.44583687599119,1.0
ob@k000,2025 EO,pure_smr,1906900.8888125,2741858.865625,2944738.601172655,12.275165318719711,110.46673090820276,2.0
ob@k000,2025 EO,const_0.1,1942465.653196875,2364700.271875,2427656.927020958,14.369159728289493,73.32204554447196,7.0
ob@k000,2025 EO,const_0.2,1975283.366446875,2389466.6468749996,2469791.223178643,16.301412317893472,66.91089681086588,21.0
ob@k000,2025 EO,const_0.3,1996073.942865625,2427548.678125,2523606.7050898205,17.525527015296685,59.83972920778883,32.0
ob@k000,2025 EO,const_0.4,2005642.56608125,2475658.3,2581521.088572854,18.088911698637965,52.43731940466184,39.0
ob@k000,2025 EO,const_0.5,2007661.78519375,2526759.659375,2642885.1659181635,18.20779997489853,58.89481091435086,40.0
ob@k000,2025 EO,const_0.6,2002599.147246875,2580855.915625,2706401.399451098,17.909720239465514,69.61719018561905,36.0
ob@k000,2025 EO,const_0.7,1993379.277640625,2629108.153125,2773351.8046407187,17.366869590891227,80.38308055264335,29.0
ob@k000,2025 EO,const_0.8,1975688.268353125,2679949.9875,2836668.2432634733,16.32525227136394,90.81402306388136,22.0
ob@k000,2025 EO,const_0.9,1948636.482890625,2716756.05625,2895656.2068363274,14.732487957923333,100.90874447515756,10.0
ob@k000,2025 EO,large_then_smr_2032,1928635.944953125,2722512.9281249996,2912680.739520958,13.554889417500744,104.80198661349208,4.0
ob@k000,2025 EO,smr_then_large_2032,1942335.275484375,2369461.63125,2429342.94748004,14.36148330456412,77.38981781216378,6.0
ob@k000,2025 EO,large_then_smr_2033,1944165.994765625,2700006.3749999995,2880057.568862275,14.469273023033708,99.4247783885628,8.0
ob@k000,2025 EO,smr_then_large_2033,1973074.06140625,2393335.296875,2456653.7936626747,16.171332097085497,74.67533850773287,19.0
ob@k000,2025 EO,large_then_smr_2034,1954145.956,2679231.3718749997,2845645.052769461,15.056876607487249,93.99706358470483,12.0
ob@k000,2025 EO,smr_then_large_2034,1992554.66810625,2407661.8625,2480597.910553892,17.318317947573778,71.5118455969108,28.0
ob@k000,2025 EO,large_then_smr_2035,1961453.68853125,2655800.690625,2812303.1553143715,15.487143792774484,88.84891051499706,14.0
ob@k000,2025 EO,smr_then_large_2035,2005337.285228125,2425017.6999999997,2503358.0321856285,18.07093726774104,68.21026457138575,38.0
ob@k000,2025 EO,large_then_smr_2036,1966860.930959375,2628677.940625,2780195.997005988,15.805513269184027,83.96766769540618,15.0
ob@k000,2025 EO,smr_then_large_2036,2014144.50306875,2438159.31875,2525991.143712575,18.58949166396345,64.88959224302049,42.0
ob@k000,2025 EO,large_then_smr_2037,1971008.592921875,2603339.209374999,2749749.824226547,16.04972073442668,79.2150041380628,17.0
ob@k000,2025 EO,smr_then_large_2037,2020039.33000625,2455884.99375,2548661.3526696605,18.93656930854162,61.60840152378641,43.0
ob@k000,2025 EO,large_then_smr_2038,1974634.239221875,2583624.425,2721497.8984530936,16.26319278224412,74.71422213368915,20.0
ob@k000,2025 EO,smr_then_large_2038,2023945.200871875,2476062.39375,2571050.9231536924,19.166540514556793,58.505586425711506,45.0
ob@k000,2025 EO,large_then_smr_2039,1978289.6831875,2561870.1031249994,2695392.837824351,16.478419267250082,70.45657088850075,23.0
ob@k000,2025 EO,smr_then_large_2039,2026346.14628125,2493350.275,2593242.2149451096,19.307904202801055,55.42575596093267,46.0
ob@k000,2025 EO,large_then_smr_2040,1983259.633803125,2547914.6875,2672322.033058882,16.771041726167,66.43549282700388,26.0
ob@k000,2025 EO,smr_then_large_2040,2028892.513003125,2511078.225,2615995.020459082,19.45783005701713,52.65098155298655,48.0
ob@k000,2025 EO,large_then_smr_2041,1998664.6395875,2538001.459375,2658387.0970558883,17.678062946474693,62.64981774212395,34.0
ob@k000,2025 EO,smr_then_large_2041,2028937.9819875,2526464.64375,2635670.536427146,19.460507195492195,54.43512599365484,49.0
ob@k000,2025 EO,large_then_smr_2042,1999331.817790625,2504159.0374999996,2615319.4824101795,17.717345293812393,55.28134026426481,35.0
ob@k000,2025 EO,smr_then_large_2042,2026468.28050625,2557473.675,2675496.4921407187,19.315095263638774,61.78817734554903,47.0
ob@k000,2025 EO,large_then_smr_2043,1997840.9615,2471166.0437499997,2576263.8776197606,17.629566145206187,51.37130859832651,33.0
ob@k000,2025 EO,smr_then_large_2043,2021114.771596875,2591195.796875,2714325.5147205587,18.999889527797084,68.64974172609796,44.0
ob@k000,2025 EO,large_then_smr_2044,1994414.58140625,2443034.721875,2541384.998502994,17.427826561503906,56.04679368719113,31.0
ob@k000,2025 EO,smr_then_large_2044,2013595.2813125,2618869.971875,2751624.548527944,18.557154396808468,75.06812145625013,41.0
ob@k000,2025 EO,large_then_smr_2045,1989168.047428125,2418976.6562499995,2511077.1591816368,17.11891933239716,60.38309535944274,27.0
ob@k000,2025 EO,smr_then_large_2045,2004353.72244375,2643648.015625,2787099.377245509,18.013026720389096,81.08283862399779,37.0
ob@k000,2025 EO,large_then_smr_2046,1982025.255321875,2400776.775,2484927.9249001998,16.69836356608993,64.3886479377702,25.0
ob@k000,2025 EO,smr_then_large_2046,1993695.3509125,2669779.3499999996,2820372.529441118,17.38547946152519,86.72735452786176,30.0
ob@k000,2025 EO,large_then_smr_2047,1972812.260259375,2384533.15,2463019.6383483033,16.15591767926312,68.06468786738442,18.0
ob@k000,2025 EO,smr_then_large_2047,1981669.375928125,2692784.5281249997,2851081.9603293412,16.67740997694368,92.03772111347153,24.0
ob@k000,2025 EO,large_then_smr_2048,1961196.177628125,2376260.9343749997,2445273.564496008,15.471981977396792,71.53491486782548,13.0
ob@k000,2025 EO,smr_then_large_2048,1968266.5826,2709379.2249999996,2879426.9118013973,15.888275709150154,97.03772523155166,16.0
ob@k000,2025 EO,large_then_smr_2049,1947295.214221875,2369972.1531249997,2432036.522954092,14.653516280682936,74.76159896067766,9.0
ob@k000,2025 EO,smr_then_large_2049,1953246.7221125,2726004.9875,2905175.693238523,15.003931205882171,101.63611648955613,11.0
ob@k000,2025 EO,large_then_smr_2050,1925715.290059375,2358658.503125,2417086.6353542916,13.382926095778808,77.55670847646785,3.0
ob@k000,2025 EO,smr_then_large_2050,1933997.231871875,2737553.574999999,2927994.151821357,13.870553109649212,106.2174109486023,5.0
neglr_sym@k100,EIA 2026 AEO high,pure_large,167091.0405015625,204974.226171875,214590.40150948105,4.040002059191234,28.553950445032985,1.0
neglr_sym@k100,EIA 2026 AEO high,pure_smr,170900.1645013672,242745.7845703125,256475.1378570983,6.4117705728937295,52.284030446991174,44.0
neglr_sym@k100,EIA 2026 AEO high,const_0.1,167752.23281972657,206084.91386718745,215414.47766966067,4.451696485994849,27.373606529679904,8.0
neglr_sym@k100,EIA 2026 AEO high,const_0.2,168400.12636621093,208235.59062499998,217275.97932260478,4.855110371670789,26.224024426170107,18.0
neglr_sym@k100,EIA 2026 AEO high,const_0.3,168871.01744902343,210601.3322265625,219703.9218594062,5.148312862231671,23.63162152998174,21.0
neglr_sym@k100,EIA 2026 AEO high,const_0.4,169188.42695410157,213427.60039062498,222742.1703701971,5.345949345090403,21.263651559353946,22.0
neglr_sym@k100,EIA 2026 AEO high,const_0.5,169411.17721054688,217051.33847656247,226448.3785086078,5.484645813014063,19.391197888643834,25.0
neglr_sym@k100,EIA 2026 AEO high,const_0.6,169715.17934804686,221052.57890624998,231110.4180701098,5.673934137011319,25.362584243557283,28.0
neglr_sym@k100,EIA 2026 AEO high,const_0.7,169970.34900566406,225401.9439453125,236382.13183788673,5.832816693635814,31.614921588613424,29.0
neglr_sym@k100,EIA 2026 AEO high,const_0.8,170160.06355625,230310.40078124998,242229.7720574476,5.950943327920762,37.74504351390271,32.0
neglr_sym@k100,EIA 2026 AEO high,const_0.9,170561.82157734374,236145.93007812498,249082.94082927893,6.201099800801781,44.81407990467844,42.0
neglr_sym@k100,EIA 2026 AEO high,large_then_smr_2032,170900.1645013672,242745.7845703125,256475.1378570983,6.4117705728937295,52.284030446991174,45.0
neglr_sym@k100,EIA 2026 AEO high,smr_then_large_2032,167091.0405015625,204974.226171875,214590.40150948105,4.040002059191234,28.553950445032985,2.0
neglr_sym@k100,EIA 2026 AEO high,large_then_smr_2033,170900.1645013672,242745.7845703125,256475.1378570983,6.4117705728937295,52.284030446991174,46.0
neglr_sym@k100,EIA 2026 AEO high,smr_then_large_2033,167091.0405015625,204974.226171875,214590.40150948105,4.040002059191234,28.553950445032985,3.0
neglr_sym@k100,EIA 2026 AEO high,large_then_smr_2034,170900.1645013672,242745.7845703125,256475.1378570983,6.4117705728937295,52.284030446991174,47.0
neglr_sym@k100,EIA 2026 AEO high,smr_then_large_2034,167091.0405015625,204974.226171875,214590.40150948105,4.040002059191234,28.553950445032985,4.0
neglr_sym@k100,EIA 2026 AEO high,large_then_smr_2035,170900.1645013672,242745.7845703125,256475.1378570983,6.4117705728937295,52.284030446991174,48.0
neglr_sym@k100,EIA 2026 AEO high,smr_then_large_2035,167091.0405015625,204974.226171875,214590.40150948105,4.040002059191234,28.553950445032985,5.0
neglr_sym@k100,EIA 2026 AEO high,large_then_smr_2036,170900.1645013672,242745.7845703125,256475.1378570983,6.4117705728937295,52.284030446991174,49.0
neglr_sym@k100,EIA 2026 AEO high,smr_then_large_2036,167091.0405015625,204974.226171875,214590.40150948105,4.040002059191234,28.553950445032985,6.0
neglr_sym@k100,EIA 2026 AEO high,large_then_smr_2037,170149.3767330078,230047.57675781244,241787.121592752,5.944289128456891,38.01508102314081,31.0
neglr_sym@k100,EIA 2026 AEO high,smr_then_large_2037,168487.18732128906,206875.7404296875,215674.85770646206,4.909319274305031,27.62701113515914,19.0
neglr_sym@k100,EIA 2026 AEO high,large_then_smr_2038,169644.75552285157,220978.68105468748,230676.55158433135,5.630084419537881,25.841867743930226,26.0
neglr_sym@k100,EIA 2026 AEO high,smr_then_large_2038,169277.89816132814,211198.63867187497,219990.95336670408,5.4016590022697955,23.448758094534913,23.0
neglr_sym@k100,EIA 2026 AEO high,large_then_smr_2039,169327.23002265624,214165.78457031245,222955.40948571608,5.432375711787886,20.839738104176682,24.0
neglr_sym@k100,EIA 2026 AEO high,smr_then_large_2039,169666.19846582031,217196.1103515625,226475.8831633608,5.6434359662391715,18.87809402901563,27.0
neglr_sym@k100,EIA 2026 AEO high,large_then_smr_2040,168825.33512460938,209438.52265624996,218048.8716083458,5.119868553597042,24.979542224332942,20.0
neglr_sym@k100,EIA 2026 AEO high,smr_then_large_2040,170015.41872578126,224450.66835937495,235300.296375998,5.8608795613977485,29.68866667038614,30.0
neglr_sym@k100,EIA 2026 AEO high,large_then_smr_2041,168108.61966523438,206886.0279296875,216026.66460828343,4.673602388484904,27.34344669834116,17.0
neglr_sym@k100,EIA 2026 AEO high,smr_then_large_2041,170439.7585935547,233556.95800781247,246041.1201893089,6.125096724594674,41.369763927438036,33.0
neglr_sym@k100,EIA 2026 AEO high,large_then_smr_2042,168077.68334941406,206766.4791015625,215956.1785725424,4.654339749674422,27.40285913383402,16.0
neglr_sym@k100,EIA 2026 AEO high,smr_then_large_2042,170451.83490566406,233787.85039062498,246321.84951191366,6.132616095669003,41.66940428403291,34.0
neglr_sym@k100,EIA 2026 AEO high,large_then_smr_2043,168048.4822214844,206672.7828125,215887.16511508235,4.636157533555497,27.46111625320705,15.0
neglr_sym@k100,EIA 2026 AEO high,smr_then_large_2043,170463.24999453124,233974.54394531247,246588.18569891466,6.139723753061541,41.95450954771807,35.0
neglr_sym@k100,EIA 2026 AEO high,large_then_smr_2044,168020.92293476564,206613.32363281248,215819.6047124501,4.618997617390264,27.518346965416775,14.0
neglr_sym@k100,EIA 2026 AEO high,smr_then_large_2044,170474.03812851562,234188.05371093747,246840.7943565993,6.146441034123292,42.225787501632205,36.0
neglr_sym@k100,EIA 2026 AEO high,large_then_smr_2045,167994.91860332032,206570.258984375,215753.29187718313,4.602805901251583,27.57469963737543,13.0
neglr_sym@k100,EIA 2026 AEO high,smr_then_large_2045,170484.2317484375,234339.9201171875,247080.2202625998,6.152788138279678,42.483882690557955,37.0
neglr_sym@k100,EIA 2026 AEO high,large_then_smr_2046,167970.38760429688,206504.2330078125,215688.14798527944,4.587531562296894,27.630312907017395,12.0
neglr_sym@k100,EIA 2026 AEO high,smr_then_large_2046,170493.86174746093,234515.89257812497,247307.34014782935,6.158784301300873,42.72944938825581,38.0
neglr_sym@k100,EIA 2026 AEO high,large_then_smr_2047,167947.26081464844,206488.37890625,215624.2498830464,4.573131560744307,27.68532054778812,11.0
neglr_sym@k100,EIA 2026 AEO high,smr_then_large_2047,170502.95076191405,234701.08671874998,247522.68263473053,6.164443617800313,42.96307376564131,39.0
neglr_sym@k100,EIA 2026 AEO high,large_then_smr_2048,167925.47244980469,206402.41464843747,215561.39085111028,4.55956493552966,27.739878223333225,10.0
neglr_sym@k100,EIA 2026 AEO high,smr_then_large_2048,170511.52316933594,234836.5357421875,247726.85251372255,6.1697812665644065,43.185349290363376,40.0
neglr_sym@k100,EIA 2026 AEO high,large_then_smr_2049,167904.95518183595,206402.0296875,215499.62744822854,4.546789764609003,27.794109978120318,9.0
neglr_sym@k100,EIA 2026 AEO high,smr_then_large_2049,170519.6065904297,234964.9712890625,247920.43679827845,6.174814445750523,43.3968061917149,41.0
neglr_sym@k100,EIA 2026 AEO high,large_then_smr_2050,167603.86770253905,205512.78125,214814.31367733283,4.3593162658982765,28.390596042422292,7.0
neglr_sym@k100,EIA 2026 AEO high,smr_then_large_2050,170645.1888828125,237627.90625,250875.08092408933,6.2530088355806805,46.55476186712733,43.0
neglr_sym@k100,Abou-Jaoude mod,pure_large,232715.54171914063,293158.655859375,310634.08900168416,4.820883957612935,29.21236579843923,1.0
neglr_sym@k100,Abou-Jaoude mod,pure_smr,241445.02755351563,363303.564453125,389344.44185067364,8.752862092356425,74.22197175783599,49.0
neglr_sym@k100,Abou-Jaoude mod,const_0.1,234092.8509984375,294360.1103515625,311592.8638192365,5.441258407348481,28.789020898315886,7.0
neglr_sym@k100,Abou-Jaoude mod,const_0.2,235039.38972695312,296781.775390625,314121.33008202346,5.867603057517422,27.11998359878884,11.0
neglr_sym@k100,Abou-Jaoude mod,const_0.3,236078.36247929686,301211.406640625,318508.5662737026,6.335582297339669,25.05466384447007,17.0
neglr_sym@k100,Abou-Jaoude mod,const_0.4,237031.0110375,307297.50644531247,324432.5708270958,6.764678967180109,22.70286679030764,21.0
neglr_sym@k100,Abou-Jaoude mod,const_0.5,237889.11000976563,314313.087890625,331832.1842642839,7.151188145430682,27.49674646652451,25.0
neglr_sym@k100,Abou-Jaoude mod,const_0.6,238658.85784882813,321967.23359375,340662.47712387727,7.497901769793474,35.73407202623864,29.0
neglr_sym@k100,Abou-Jaoude mod,const_0.7,239440.2133890625,330712.32675781247,351074.7333614022,7.849843792262225,44.65765517176423,34.0
neglr_sym@k100,Abou-Jaoude mod,const_0.8,240006.12198359374,340922.0052734374,362413.0499001996,8.104743137100854,53.92426857973989,39.0
neglr_sym@k100,Abou-Jaoude mod,const_0.9,240710.97159921876,352137.319921875,375179.6242437001,8.422224983054075,63.790802261751246,43.0
neglr_sym@k100,Abou-Jaoude mod,large_then_smr_2032,241280.79962265625,361319.78085937497,386851.33008202346,8.678889736423338,72.4578156196721,48.0
neglr_sym@k100,Abou-Jaoude mod,smr_then_large_2032,233095.3666734375,293392.61484374997,310876.993934007,4.99196658993067,29.356346945723388,2.0
neglr_sym@k100,Abou-Jaoude mod,large_then_smr_2033,241162.38280859374,359473.64804687485,384528.5584923902,8.625551850033029,70.91221058900597,47.0
neglr_sym@k100,Abou-Jaoude mod,smr_then_large_2033,233307.12087226563,293592.52617187495,310994.8060753493,5.087345962270522,29.204004785487154,3.0
neglr_sym@k100,Abou-Jaoude mod,large_then_smr_2034,240987.61108632814,357791.764453125,382155.2738741267,8.546830307486518,69.23082355254486,46.0
neglr_sym@k100,Abou-Jaoude mod,smr_then_large_2034,233458.34386171875,293974.36289062497,311114.88979852793,5.155460568248664,29.007747953055873,4.0
neglr_sym@k100,Abou-Jaoude mod,large_then_smr_2035,240834.69444609375,355819.6507812499,379906.69779971306,8.477952838956547,67.58553033336045,45.0
neglr_sym@k100,Abou-Jaoude mod,smr_then_large_2035,233609.41306171875,294166.0667968749,311322.04181480786,5.223505903621584,28.934122829533223,5.0
neglr_sym@k100,Abou-Jaoude mod,large_then_smr_2036,240743.23407265625,354104.8097656249,377800.49384044413,8.436756805722192,66.13429636555153,44.0
neglr_sym@k100,Abou-Jaoude mod,smr_then_large_2036,233667.6702859375,294318.2246093749,311429.7689932635,5.24974641035532,28.684453692769832,6.0
neglr_sym@k100,Abou-Jaoude mod,large_then_smr_2037,240433.19331445312,349656.8431640625,372359.8535351173,8.297106715755438,62.17676431068147,41.0
neglr_sym@k100,Abou-Jaoude mod,smr_then_large_2037,234487.62785859374,295550.01171875,312865.79174463573,5.619075750968489,28.35105302288852,9.0
neglr_sym@k100,Abou-Jaoude mod,large_then_smr_2038,240135.06327304686,345119.82324218744,367279.787814995,8.162821509689406,58.39133329135314,40.0
neglr_sym@k100,Abou-Jaoude mod,smr_then_large_2038,234904.82634179687,296767.201953125,314058.4548559132,5.806992352808109,27.64518611692747,10.0
neglr_sym@k100,Abou-Jaoude mod,large_then_smr_2039,239892.35584921876,341081.617578125,362594.32252682134,8.053500032830577,54.83910274691291,37.0
neglr_sym@k100,Abou-Jaoude mod,smr_then_large_2039,235072.91260234374,297704.2880859375,315126.13664857787,5.882702596659878,26.960999430157383,12.0
neglr_sym@k100,Abou-Jaoude mod,large_then_smr_2040,239647.98440546874,337432.8685546874,358170.2571419661,7.943429039897981,51.21192571516067,36.0
neglr_sym@k100,Abou-Jaoude mod,smr_then_large_2040,235491.25916679687,299231.0236328125,316748.6638207959,6.07113632292785,26.682561159812472,14.0
neglr_sym@k100,Abou-Jaoude mod,large_then_smr_2041,239413.98867421874,333589.77109374997,353970.7649856537,7.838031526647512,47.913903746334064,33.0
neglr_sym@k100,Abou-Jaoude mod,smr_then_large_2041,235962.33215976562,300923.7224609375,318604.1681090943,6.283319347605833,25.676545853284352,16.0
neglr_sym@k100,Abou-Jaoude mod,large_then_smr_2042,239115.91821171876,328261.22128906247,348184.8011788922,7.703773156406764,43.13283302935354,32.0
neglr_sym@k100,Abou-Jaoude mod,smr_then_large_2042,236227.70822304688,303406.619921875,321007.93795222056,6.402851345034281,24.08682557056698,18.0
neglr_sym@k100,Abou-Jaoude mod,large_then_smr_2043,238765.7671265625,323941.45468749997,342778.5877463822,7.54605637482158,38.4285456888942,30.0
neglr_sym@k100,Abou-Jaoude mod,smr_then_large_2043,236841.46397109376,306372.2005859374,324274.3619089945,6.679302241132931,23.020961809584975,20.0
neglr_sym@k100,Abou-Jaoude mod,large_then_smr_2044,238482.6691800781,319807.93554687494,337906.9608439371,7.418541999211502,33.97436735330388,28.0
neglr_sym@k100,Abou-Jaoude mod,smr_then_large_2044,237166.47350625,309513.678125,327399.28363585327,6.825694641563354,21.48127564414837,22.0
neglr_sym@k100,Abou-Jaoude mod,large_then_smr_2045,238037.54821875,315683.4828125,333282.6969186627,7.218048416832776,29.892412446598996,27.0
neglr_sym@k100,Abou-Jaoude mod,smr_then_large_2045,237500.75036132813,312490.8115234375,330739.161068488,6.976261274015207,24.830357502678098,23.0
neglr_sym@k100,Abou-Jaoude mod,large_then_smr_2046,237645.2538046875,311993.50351562497,328967.7857800025,7.041349228846042,25.604609823287372,24.0
neglr_sym@k100,Abou-Jaoude mod,smr_then_large_2046,237986.2753953125,316054.67148437497,334526.369261477,7.194953858403121,28.912477799790707,26.0
neglr_sym@k100,Abou-Jaoude mod,large_then_smr_2047,236696.33071289063,305602.176171875,322086.17259231536,6.613930601988778,23.415030848069094,19.0
neglr_sym@k100,Abou-Jaoude mod,smr_then_large_2047,238879.81916210937,323095.73359375,342420.32904503495,7.5974282561100965,36.13218785129469,31.0
neglr_sym@k100,Abou-Jaoude mod,large_then_smr_2048,235953.87619609374,300017.66171874997,316915.29061408434,6.279510570674772,25.667238244168928,15.0
neglr_sym@k100,Abou-Jaoude mod,smr_then_large_2048,239540.996575,330476.22734374995,350906.5765890095,7.895239052759192,43.7484231647847,35.0
neglr_sym@k100,Abou-Jaoude mod,large_then_smr_2049,235200.2369855469,295830.4624999999,312946.46754147956,5.940052674347499,27.892126311963445,13.0
neglr_sym@k100,Abou-Jaoude mod,smr_then_large_2049,239908.1847328125,338158.9416015625,359472.4673543538,8.060629756776395,51.1649548393676,38.0
neglr_sym@k100,Abou-Jaoude mod,large_then_smr_2050,234238.32433125,292967.8310546875,309983.2887662176,5.506783224578219,29.793178201965766,8.0
neglr_sym@k100,Abou-Jaoude mod,smr_then_large_2050,240515.86589921874,349065.2328124999,372015.2710594436,8.334344509802955,61.33634527014884,42.0
neglr_sym@k100,IAEA high,pure_large,581189.8522679687,761371.0609374999,808946.7663423154,5.315855188081814,34.435098715292845,1.0
neglr_sym@k100,IAEA high,pure_smr,620963.6286210937,1007920.1273437499,1089003.0014658184,12.523154583181256,103.03456957934054,49.0
neglr_sym@k100,IAEA high,const_0.1,584792.4980273438,762600.8203125,807893.9321045409,5.968680968861892,34.64758977956081,5.0
neglr_sym@k100,IAEA high,const_0.2,587956.8240421875,768156.4609374998,814869.6543163672,6.542080003698294,32.74880605193348,9.0
neglr_sym@k100,IAEA high,const_0.3,591949.838584375,781052.690625,829451.2786926148,7.265643465186659,30.385491698312624,16.0
neglr_sym@k100,IAEA high,const_0.4,595593.7435648438,800088.1539062494,849490.1430264472,7.925945718821391,27.610907513778056,20.0
neglr_sym@k100,IAEA high,const_0.5,600019.8860984375,828440.8421875,876921.0055513972,8.7279951425867,38.25777754110531,25.0
neglr_sym@k100,IAEA high,const_0.6,604530.4765492188,859246.0562499999,910276.1849114271,9.545347147053905,49.81280202594461,30.0
neglr_sym@k100,IAEA high,const_0.7,609035.336321875,891828.8242187499,948851.9271768962,10.361660710699772,62.304838233909344,35.0
neglr_sym@k100,IAEA high,const_0.8,613303.652096875,926854.3398437498,991527.3717876746,11.13511077061177,75.27450295942249,40.0
neglr_sym@k100,IAEA high,const_0.9,617062.5641625,966475.1476562499,1037915.4499438623,11.816253149858905,88.92159992303013,45.0
neglr_sym@k100,IAEA high,large_then_smr_2032,618402.9958695313,979512.2695312499,1054884.9188186128,12.059149186319859,94.21887879268508,47.0
neglr_sym@k100,IAEA high,smr_then_large_2032,583802.0248421875,760356.37578125,805761.8900948104,5.7891999780487575,35.88133698228591,3.0
neglr_sym@k100,IAEA high,large_then_smr_2033,616166.6221195313,955050.2765624998,1024611.9123627745,11.653901893920757,85.95407807653588,44.0
neglr_sym@k100,IAEA high,smr_then_large_2033,586123.3974773438,763244.14921875,808741.6589321357,6.209849690578443,35.4917129319466,7.0
neglr_sym@k100,IAEA high,large_then_smr_2034,614214.5334398438,932645.3757812498,997620.0056761478,11.300169137056528,78.21149420396333,42.0
neglr_sym@k100,IAEA high,smr_then_large_2034,588084.6725757812,768581.2609374999,814675.9513473054,6.565247093759185,34.287024021704845,10.0
neglr_sym@k100,IAEA high,large_then_smr_2035,611994.6397695312,911052.46015625,972567.5816492016,10.89790815572099,70.71315514701806,38.0
neglr_sym@k100,IAEA high,smr_then_large_2035,589662.6318578125,774254.5023437497,822150.4870571357,6.851184865367884,32.74870412281632,12.0
neglr_sym@k100,IAEA high,large_then_smr_2036,609776.3295890625,892685.7007812499,949761.3402881736,10.495934114335322,63.69580260575871,36.0
neglr_sym@k100,IAEA high,smr_then_large_2036,591542.9962695312,782021.79296875,831758.1453967065,7.191920659898048,30.891991638296258,14.0
neglr_sym@k100,IAEA high,large_then_smr_2037,607219.0472226562,875048.3757812497,928641.4674401197,10.032535831787023,56.918886695055015,33.0
neglr_sym@k100,IAEA high,smr_then_large_2037,593500.6080132812,792292.0656249999,842747.2558632734,7.54665423639588,29.093840262948262,17.0
neglr_sym@k100,IAEA high,large_then_smr_2038,604785.9668601563,859314.2687499997,909558.5232347804,9.591643861429857,50.58406001638373,31.0
neglr_sym@k100,IAEA high,smr_then_large_2038,595506.6596523437,802805.5484375,855072.1519772954,7.910165476474985,27.311618143520686,19.0
neglr_sym@k100,IAEA high,large_then_smr_2039,602588.20594375,843685.5203125,892542.2526197605,9.193393497100459,44.66696717347264,28.0
neglr_sym@k100,IAEA high,smr_then_large_2039,597618.93626875,815298.3257812499,868457.7141030439,8.292925459951165,32.59400969934173,22.0
neglr_sym@k100,IAEA high,large_then_smr_2040,600438.01989375,829151.0203125,877201.5971494511,8.803764046783035,39.140461044785134,26.0
neglr_sym@k100,IAEA high,smr_then_large_2040,599792.7763515625,830464.1374999996,882854.72938498,8.686841194147386,37.92396251377479,24.0
neglr_sym@k100,IAEA high,large_then_smr_2041,598296.5940242187,815988.19140625,863432.7796906187,8.415722005285755,33.97674612634489,23.0
neglr_sym@k100,IAEA high,smr_then_large_2041,601930.8015640625,844695.9140624998,897761.7863647705,9.074267011699856,43.25989233838346,27.0
neglr_sym@k100,IAEA high,large_then_smr_2042,596002.9180804688,802961.3140624999,850326.2231786427,8.00009113596186,28.682086268728046,21.0
neglr_sym@k100,IAEA high,smr_then_large_2042,604166.1879765625,862256.0171874998,914898.6275261976,9.479335391317242,49.20466743069625,29.0
neglr_sym@k100,IAEA high,large_then_smr_2043,593885.1436734375,791998.9874999999,839309.7494074352,7.616334912583937,28.892943635757106,18.0
neglr_sym@k100,IAEA high,smr_then_large_2043,606342.2354890625,877324.6421874996,932589.784244012,9.873651127929884,55.12484646076576,32.0
neglr_sym@k100,IAEA high,large_then_smr_2044,591928.5558914063,781880.38984375,830071.909743014,7.26178688544432,30.228905923441864,15.0
neglr_sym@k100,IAEA high,smr_then_large_2044,608242.3384570313,893085.0695312499,950149.5611901197,10.217963693326805,60.991696743010685,34.0
neglr_sym@k100,IAEA high,large_then_smr_2045,590136.20516875,775111.1710937499,822533.5827407684,6.936999815579091,31.436814094967218,13.0
neglr_sym@k100,IAEA high,smr_then_large_2045,610310.4914523438,907994.6117187499,968240.4706524451,10.592728153702662,66.82055011547033,37.0
neglr_sym@k100,IAEA high,large_then_smr_2046,588442.0825273438,769702.91640625,816410.871506986,6.630012393006323,32.51796208384821,11.0
neglr_sym@k100,IAEA high,smr_then_large_2046,612152.8151585937,922903.5632812498,986112.0251372255,10.926570693967001,72.4004104742617,39.0
neglr_sym@k100,IAEA high,large_then_smr_2047,586933.0038773437,765854.071875,811641.8279690619,6.356556296086123,33.47340598899318,8.0
neglr_sym@k100,IAEA high,smr_then_large_2047,614149.0887539062,936979.1093749999,1004126.2379303892,11.288310080949257,78.10414585540897,41.0
neglr_sym@k100,IAEA high,large_then_smr_2048,585611.9759523438,763015.7179687498,808123.9223428144,6.117176366953147,34.331966268278755,6.0
neglr_sym@k100,IAEA high,smr_then_large_2048,615737.5075632812,951270.84453125,1021525.280251996,11.57614319547004,83.34768542940634,43.0
neglr_sym@k100,IAEA high,large_then_smr_2049,584339.451009375,760719.43828125,805531.5814308883,5.886585533176634,35.06873824074582,4.0
neglr_sym@k100,IAEA high,smr_then_large_2049,617160.8566390625,966240.38125,1038805.7247068363,11.834064466053327,88.67199250329456,46.0
neglr_sym@k100,IAEA high,large_then_smr_2050,583016.1631492188,759203.7179687499,804868.1827282935,5.646796087251989,35.642607664442664,2.0
neglr_sym@k100,IAEA high,smr_then_large_2050,618819.847046875,985149.0890624999,1061055.568737525,12.134685670752273,95.22540900507714,48.0
neglr_sym@k100,McKinsey GEP 2025,pure_large,746800.4335015625,995380.2789062499,1068068.1103106288,5.484730525487003,36.33506469626429,1.0
neglr_sym@k100,McKinsey GEP 2025,pure_smr,810888.1703484375,1365234.0921874996,1475334.563747505,14.537052066843994,115.97521755828448,49.0
neglr_sym@k100,McKinsey GEP 2025,const_0.1,751909.1515890625,993996.0499999999,1064694.4277382735,6.206331272642288,36.48986023504086,5.0
neglr_sym@k100,McKinsey GEP 2025,const_0.2,756481.0481265625,1000570.6593749999,1073885.2881736527,6.852106572995787,34.70084155036897,10.0
neglr_sym@k100,McKinsey GEP 2025,const_0.3,762328.35006875,1018826.25234375,1094188.1809194111,7.678031468058819,32.0256361726629,15.0
neglr_sym@k100,McKinsey GEP 2025,const_0.4,768355.2616859375,1048005.6453125,1123822.0308445608,8.529326029926024,31.095843299595817,21.0
neglr_sym@k100,McKinsey GEP 2025,const_0.5,775417.58350625,1088903.8578124999,1164077.301459581,9.526871131241732,43.325869408350776,25.0
neglr_sym@k100,McKinsey GEP 2025,const_0.6,782639.5902171875,1134530.71171875,1212658.0430389221,10.54697154573206,56.31122394379159,29.0
neglr_sym@k100,McKinsey GEP 2025,const_0.7,789961.298378125,1187191.36015625,1268547.549120509,11.58115467913156,70.1531735303048,35.0
neglr_sym@k100,McKinsey GEP 2025,const_0.8,797550.481965625,1242560.29375,1331734.3475548902,12.653118419005597,84.90109348217807,40.0
neglr_sym@k100,McKinsey GEP 2025,const_0.9,804482.2866328125,1301953.2875,1400550.8012412675,13.632228117623704,100.27215055801169,45.0
neglr_sym@k100,McKinsey GEP 2025,large_then_smr_2032,807693.257284375,1332404.90390625,1436710.1017964073,14.085774150420173,108.47643770594635,48.0
neglr_sym@k100,McKinsey GEP 2025,smr_then_large_2032,749649.1729625,991583.546875,1062962.0717003492,5.887111805537082,37.224784818503494,3.0
neglr_sym@k100,McKinsey GEP 2025,large_then_smr_2033,804825.511509375,1303679.2015624999,1401915.374095559,13.680708249650518,101.42379025822358,46.0
neglr_sym@k100,McKinsey GEP 2025,smr_then_large_2033,752061.942265625,993193.25234375,1064229.5633420658,6.227912785749388,37.021750577582026,6.0
neglr_sym@k100,McKinsey GEP 2025,large_then_smr_2034,802244.3781875,1276025.41328125,1370301.3456212576,13.316126039070202,94.75237355825678,43.0
neglr_sym@k100,McKinsey GEP 2025,smr_then_large_2034,754061.508859375,997469.64609375,1068565.061907435,6.51034934289025,35.99433927405461,8.0
neglr_sym@k100,McKinsey GEP 2025,large_then_smr_2035,799376.4183953125,1250007.8640625,1340447.2214633233,12.911029908610875,88.02461841524413,41.0
neglr_sym@k100,McKinsey GEP 2025,smr_then_large_2035,756345.3983359375,1002398.7046875,1075688.5799338822,6.832946190960622,34.98517776821381,9.0
neglr_sym@k100,McKinsey GEP 2025,large_then_smr_2036,796250.296384375,1224351.81796875,1312471.3397267964,12.469468651920943,81.64639909380807,39.0
neglr_sym@k100,McKinsey GEP 2025,smr_then_large_2036,758314.94775625,1008875.4671875,1083881.310753493,7.111142855743167,33.77335279978161,12.0
neglr_sym@k100,McKinsey GEP 2025,large_then_smr_2037,793013.334278125,1203679.6640624998,1286248.7235528943,12.012251355061567,75.59070395120021,37.0
neglr_sym@k100,McKinsey GEP 2025,smr_then_large_2037,760849.034990625,1016897.6734374999,1094113.2423902196,7.4690798587960225,32.32064109555274,14.0
neglr_sym@k100,McKinsey GEP 2025,large_then_smr_2038,789897.3162953125,1181857.1851562494,1261906.229135479,11.572117281105035,69.82752642685129,34.0
neglr_sym@k100,McKinsey GEP 2025,smr_then_large_2038,763128.7537234375,1026022.8632812499,1105007.3069797903,7.79108759395105,30.872489081978177,16.0
neglr_sym@k100,McKinsey GEP 2025,large_then_smr_2039,786870.176796875,1160005.1156249999,1239020.4167914172,11.144537194202112,64.1612743306077,32.0
neglr_sym@k100,McKinsey GEP 2025,smr_then_large_2039,765942.76011875,1038634.8648437499,1117596.3376996007,8.18856286711707,29.67157779713048,18.0
neglr_sym@k100,McKinsey GEP 2025,large_then_smr_2040,784102.0928140625,1140490.984375,1217700.1864708085,10.753548410719727,58.69457601441342,31.0
neglr_sym@k100,McKinsey GEP 2025,smr_then_large_2040,767672.22515625,1049404.36015625,1129047.6214446109,8.432847879886225,29.651158504810187,20.0
neglr_sym@k100,McKinsey GEP 2025,large_then_smr_2041,781248.4315453125,1121613.6624999999,1196855.811252495,10.350471930790926,53.343726063241256,28.0
neglr_sym@k100,McKinsey GEP 2025,smr_then_large_2041,770469.8169984375,1061649.8140625,1142797.0983033932,8.828004615682138,34.16747250853527,22.0
neglr_sym@k100,McKinsey GEP 2025,large_then_smr_2042,776343.386459375,1092248.4867187499,1165566.0958707584,9.65763976854982,44.8252197296692,26.0
neglr_sym@k100,McKinsey GEP 2025,smr_then_large_2042,774758.166228125,1088615.0171874997,1168905.5841442116,9.433729174212163,42.04060605341212,24.0
neglr_sym@k100,McKinsey GEP 2025,large_then_smr_2043,771760.2529484375,1064521.0031249998,1138695.39246507,9.010277258197771,37.038100136327024,23.0
neglr_sym@k100,McKinsey GEP 2025,smr_then_large_2043,779165.324521875,1116408.7164062497,1197581.4148265969,10.056235380883253,50.119269971896806,27.0
neglr_sym@k100,McKinsey GEP 2025,large_then_smr_2044,767412.3896953125,1042795.1640625,1116159.3133420658,8.396146410057874,29.739544996254537,19.0
neglr_sym@k100,McKinsey GEP 2025,smr_then_large_2044,783374.6752578125,1144670.1953125,1227553.4012911676,10.650801490045398,58.12239663368516,30.0
neglr_sym@k100,McKinsey GEP 2025,large_then_smr_2045,763529.1179171875,1023476.59921875,1097959.402164421,7.8476385909714415,31.61325342413942,17.0
neglr_sym@k100,McKinsey GEP 2025,smr_then_large_2045,787780.7515296875,1174343.5570312499,1259271.8957085828,11.273154862330237,66.18132102012136,33.0
neglr_sym@k100,McKinsey GEP 2025,large_then_smr_2046,759962.3805125,1009408.9171874996,1083657.9179453594,7.343840900034712,33.296681944254466,13.0
neglr_sym@k100,McKinsey GEP 2025,smr_then_large_2046,792159.438146875,1205273.3070312499,1291874.5671157686,11.891639476357463,74.25280772950254,36.0
neglr_sym@k100,McKinsey GEP 2025,large_then_smr_2047,756791.825265625,999949.9242187499,1072852.8517652196,6.896003498194104,34.787453602662275,11.0
neglr_sym@k100,McKinsey GEP 2025,smr_then_large_2047,796143.0762375,1234711.09375,1324675.299463573,12.45432392544163,82.28974363675724,38.0
neglr_sym@k100,McKinsey GEP 2025,large_then_smr_2048,753995.754775,994100.0585937498,1065076.59440494,6.501061651614115,35.95834067082976,7.0
neglr_sym@k100,McKinsey GEP 2025,smr_then_large_2048,800012.903440625,1265424.3617187499,1357981.8928081337,13.000932713264445,90.09720306992041,42.0
neglr_sym@k100,McKinsey GEP 2025,large_then_smr_2049,751694.80801875,990267.6492187498,1060178.693737525,6.176055481761622,37.04223828733227,4.0
neglr_sym@k100,McKinsey GEP 2025,smr_then_large_2049,803764.1129984375,1293926.2203124997,1391385.8794598302,13.5307868906317,97.84933266537608,44.0
neglr_sym@k100,McKinsey GEP 2025,large_then_smr_2050,749458.8758078126,988689.51953125,1059439.3239146706,5.8602325441153145,37.6709348792298,2.0
neglr_sym@k100,McKinsey GEP 2025,smr_then_large_2050,806970.7396734376,1326873.5281249995,1429616.1142090817,13.98371934157076,106.35537819864113,47.0
neglr_sym@k100,COP28 tripling pledge,pure_large,1419643.1905875,2023991.16875,2190809.533183633,6.412685467984207,38.6145319827554,1.0
neglr_sym@k100,COP28 tripling pledge,pure_smr,1579539.4152,2871187.445312499,3154022.736963573,18.39808205919858,153.03090961666092,49.0
neglr_sym@k100,COP28 tripling pledge,const_0.1,1426855.534846875,2014515.0421875,2173851.229416168,6.953303650248781,38.08481310522661,4.0
neglr_sym@k100,COP28 tripling pledge,const_0.2,1436256.7208,2031460.1703124999,2193765.341816367,7.657991596127573,35.611848463491654,9.0
neglr_sym@k100,COP28 tripling pledge,const_0.3,1449489.699109375,2067634.16875,2240682.2083333335,8.649900526467622,32.59244008645909,16.0
neglr_sym@k100,COP28 tripling pledge,const_0.4,1463986.11029375,2130156.0062499996,2308682.4036926148,9.7365130316416,39.87263012820139,21.0
neglr_sym@k100,COP28 tripling pledge,const_0.5,1481343.1703625,2217897.2656249995,2401849.4054391216,11.03755218428984,55.75709658797308,25.0
neglr_sym@k100,COP28 tripling pledge,const_0.6,1499620.335828125,2328286.4968749997,2516773.0770958085,12.407559995291262,72.8582519445021,28.0
neglr_sym@k100,COP28 tripling pledge,const_0.7,1519769.95423125,2442524.9484375,2651772.4124251497,13.917921908515604,91.34756815342577,33.0
neglr_sym@k100,COP28 tripling pledge,const_0.8,1540924.7244375,2572379.3109375,2804566.475237026,15.503627332970577,111.07160284317492,40.0
neglr_sym@k100,COP28 tripling pledge,const_0.9,1561251.3774625,2720523.8859375,2971925.568987026,17.027259291555215,131.82478080821636,45.0
neglr_sym@k100,COP28 tripling pledge,large_then_smr_2032,1570595.881284375,2789612.4124999996,3054508.352794411,17.72769849532447,142.48753819744587,48.0
neglr_sym@k100,COP28 tripling pledge,smr_then_large_2032,1424739.5636625,2010169.0015624994,2171754.209767964,6.794696066600221,40.09734522348653,3.0
neglr_sym@k100,COP28 tripling pledge,large_then_smr_2033,1562767.59330625,2716862.5875,2967174.2311002994,17.140910806775583,132.58601716015644,46.0
neglr_sym@k100,COP28 tripling pledge,smr_then_large_2033,1428481.2924625,2014641.7859375,2173518.656000499,7.075166125936837,39.30840510504341,6.0
neglr_sym@k100,COP28 tripling pledge,large_then_smr_2034,1553628.8729875,2643401.8687499994,2886308.849987525,16.455896588198183,122.86634732847263,43.0
neglr_sym@k100,COP28 tripling pledge,smr_then_large_2034,1433193.28170625,2024278.1859374996,2186873.868949601,7.42836433281598,38.088500069670324,8.0
neglr_sym@k100,COP28 tripling pledge,large_then_smr_2035,1544190.154628125,2582765.7046874985,2812578.1348552895,15.748395312767554,113.79079768084019,42.0
neglr_sym@k100,COP28 tripling pledge,smr_then_large_2035,1437495.83990625,2039350.5999999994,2205332.8856037925,7.750872675391006,36.30043475048776,10.0
neglr_sym@k100,COP28 tripling pledge,large_then_smr_2036,1534457.31215,2527196.5828124997,2746826.3265968063,15.01884727407655,105.4240751459714,39.0
neglr_sym@k100,COP28 tripling pledge,smr_then_large_2036,1443506.607665625,2060294.7531249996,2230381.4341317364,8.201423872508904,34.992443121781854,12.0
neglr_sym@k100,COP28 tripling pledge,large_then_smr_2037,1530447.1969125,2501772.271875,2717778.1043537925,14.718259679751625,101.64198046084208,37.0
neglr_sym@k100,COP28 tripling pledge,smr_then_large_2037,1445888.94021875,2070010.4343749995,2241297.2375873253,8.379997197367329,34.16241466578653,13.0
neglr_sym@k100,COP28 tripling pledge,large_then_smr_2038,1526602.43250625,2474097.9437499996,2689336.5321856285,14.43006634485353,97.91656289876236,36.0
neglr_sym@k100,COP28 tripling pledge,smr_then_large_2038,1448852.07921875,2079672.5546875,2252995.6648577843,8.60210623187369,33.360858289088114,14.0
neglr_sym@k100,COP28 tripling pledge,large_then_smr_2039,1522903.670428125,2450193.36875,2661190.390718563,14.152816956943926,94.19976543144304,35.0
neglr_sym@k100,COP28 tripling pledge,smr_then_large_2039,1450963.02465,2086398.5453124996,2263232.8995134733,8.760337098407641,32.82436982627195,17.0
neglr_sym@k100,COP28 tripling pledge,large_then_smr_2040,1520145.793115625,2427429.6296874997,2633635.5976172653,13.94609379371521,90.39432387553195,34.0
neglr_sym@k100,COP28 tripling pledge,smr_then_large_2040,1452489.8037875,2094310.0984375,2271811.880925649,8.874780410089805,32.02840479908252,18.0
neglr_sym@k100,COP28 tripling pledge,large_then_smr_2041,1517043.32053125,2401201.7093749996,2603156.703967066,13.7135406835513,86.19369313836359,31.0
neglr_sym@k100,COP28 tripling pledge,smr_then_large_2041,1454912.40281875,2101920.0375,2281116.3212949103,9.05637200327088,31.75759796341686,19.0
neglr_sym@k100,COP28 tripling pledge,large_then_smr_2042,1500671.830865625,2311581.753125,2497247.377245509,12.486377272363768,71.64122573968893,29.0
neglr_sym@k100,COP28 tripling pledge,smr_then_large_2042,1466152.209334375,2149451.8640624997,2336517.792976547,9.898878066342427,40.56825303602909,22.0
neglr_sym@k100,COP28 tripling pledge,large_then_smr_2043,1485622.56029375,2231471.4578124997,2407085.1984156687,11.358323894933916,58.370231466246686,26.0
neglr_sym@k100,COP28 tripling pledge,smr_then_large_2043,1478315.557253125,2215078.265625,2403041.2616641717,10.810610341675611,52.20351874100827,24.0
neglr_sym@k100,COP28 tripling pledge,large_then_smr_2044,1471981.18590625,2153581.599999999,2332706.2288547903,10.335802678565932,46.33900358238227,23.0
neglr_sym@k100,COP28 tripling pledge,smr_then_large_2044,1491096.03696875,2289079.428125,2479142.8041417166,11.768601178475905,64.29034623607726,27.0
neglr_sym@k100,COP28 tripling pledge,large_then_smr_2045,1459967.339396875,2098796.1453124997,2273781.724051896,9.435276632064275,35.51863900406074,20.0
neglr_sym@k100,COP28 tripling pledge,smr_then_large_2045,1504267.89040625,2367036.2515624994,2562509.5523952097,12.755928350661346,76.6438508855449,30.0
neglr_sym@k100,COP28 tripling pledge,large_then_smr_2046,1449444.4424,2056741.356249999,2228616.8471182636,8.646508203655827,34.09707294205248,15.0
neglr_sym@k100,COP28 tripling pledge,smr_then_large_2046,1517644.159821875,2443345.0421875,2651106.8441242515,13.758578001994412,89.13107943981731,32.0
neglr_sym@k100,COP28 tripling pledge,large_then_smr_2047,1440438.847009375,2030726.275,2195120.6643587826,7.971472676342853,36.09878543593786,11.0
neglr_sym@k100,COP28 tripling pledge,smr_then_large_2047,1531049.034315625,2526039.93125,2743314.7493762476,14.76337181405849,101.65374876412366,38.0
neglr_sym@k100,COP28 tripling pledge,large_then_smr_2048,1433003.810896875,2012753.8640624997,2171979.3203592813,7.41416210384953,37.825460688957236,7.0
neglr_sym@k100,COP28 tripling pledge,smr_then_large_2048,1544131.917609375,2603956.0515624993,2837975.3525449103,15.744030020418093,114.15352096172269,41.0
neglr_sym@k100,COP28 tripling pledge,large_then_smr_2049,1427346.341171875,2002564.4218749995,2159144.773078842,6.9900931896444565,39.36131327905241,5.0
neglr_sym@k100,COP28 tripling pledge,smr_then_large_2049,1555903.44463125,2687662.353125,2933414.8155563874,16.626392441315048,126.60309984667884,44.0
neglr_sym@k100,COP28 tripling pledge,large_then_smr_2050,1423257.473334375,2003448.6609375,2160631.0168413175,6.683602509453203,40.40929895713076,2.0
neglr_sym@k100,COP28 tripling pledge,smr_then_large_2050,1568546.02781875,2779839.9437499996,3038897.0553268464,17.57404692037997,139.67179829846415,47.0
neglr_sym@k100,2025 EO,pure_large,2190594.20539375,3238117.940624999,3544110.9905813374,6.724212528756958,37.049464288374324,1.0
neglr_sym@k100,2025 EO,pure_smr,2467719.4617625,4728730.740624998,5226110.589446108,20.225560557963753,173.69588142325728,49.0
neglr_sym@k100,2025 EO,const_0.1,2201065.2331,3214249.7874999996,3507594.380239521,7.23435365099893,36.77528730236907,5.0
neglr_sym@k100,2025 EO,const_0.2,2214181.044559375,3238299.5468749995,3535537.221556886,7.873346781826572,34.44063721353541,10.0
neglr_sym@k100,2025 EO,const_0.3,2235789.274846875,3302103.590624999,3613616.766467066,8.92608459876011,31.955572381138264,15.0
neglr_sym@k100,2025 EO,const_0.4,2260377.38038125,3405377.799999999,3731047.465943114,10.123999846718352,45.35976163944571,20.0
neglr_sym@k100,2025 EO,const_0.5,2289284.2386125,3569878.103125,3892017.03243513,11.532321695563947,63.02249867152272,25.0
neglr_sym@k100,2025 EO,const_0.6,2321151.224896875,3753215.175,4091955.427020958,13.084858906011515,82.5826483600018,29.0
neglr_sym@k100,2025 EO,const_0.7,2358501.451825,3967288.843749999,4332363.8479291415,14.904535752987385,103.61172143145086,35.0
neglr_sym@k100,2025 EO,const_0.8,2396214.073146875,4188239.7718749973,4603153.248378243,16.74186820053162,125.97316987258269,40.0
neglr_sym@k100,2025 EO,const_0.9,2433784.537096875,4452230.3625,4901279.523577845,18.57227484067111,149.3684387785093,45.0
neglr_sym@k100,2025 EO,large_then_smr_2032,2452446.96179375,4584467.434374998,5058742.554640719,19.481495076325483,162.1923081152146,48.0
neglr_sym@k100,2025 EO,smr_then_large_2032,2197768.648146875,3210695.4656249997,3504203.18250998,7.0737463453235385,38.869337136588925,3.0
neglr_sym@k100,2025 EO,large_then_smr_2033,2437377.79156875,4465895.284375,4909367.945359281,18.74733567712455,151.14231756418036,46.0
neglr_sym@k100,2025 EO,smr_then_large_2033,2202711.9986125,3212818.446875,3501322.834019461,7.314582911218984,38.275302732517616,6.0
neglr_sym@k100,2025 EO,large_then_smr_2034,2420621.8915875,4342283.815625,4770998.949351298,17.930999987791303,140.5223570343867,43.0
neglr_sym@k100,2025 EO,smr_then_large_2034,2209252.236121875,3230744.6843749997,3516941.821482036,7.633218693337116,37.184505048370625,8.0
neglr_sym@k100,2025 EO,large_then_smr_2035,2404081.11726875,4226258.481249999,4643203.813997006,17.125145069779606,130.48431198321427,41.0
neglr_sym@k100,2025 EO,smr_then_large_2035,2216326.1835375,3253248.146875,3542785.8734406186,7.977856447579103,35.99040722706441,11.0
neglr_sym@k100,2025 EO,large_then_smr_2036,2387821.010628125,4126474.0406249985,4524630.9831586825,16.332964084099338,120.98327235250652,38.0
neglr_sym@k100,2025 EO,smr_then_large_2036,2224426.100359375,3281283.3687499994,3576379.377245509,8.372478711362394,34.47974663023911,12.0
neglr_sym@k100,2025 EO,large_then_smr_2037,2371978.323765625,4031532.640625,4414145.315743513,15.561119497102409,111.97283605559667,37.0
neglr_sym@k100,2025 EO,smr_then_large_2037,2232912.65591875,3307568.6406249995,3614573.4343188624,8.785937743129093,33.13922600287319,14.0
neglr_sym@k100,2025 EO,large_then_smr_2038,2356842.99406875,3943619.3218749994,4311055.348053892,14.823736854856376,103.24472809228753,34.0
neglr_sym@k100,2025 EO,smr_then_large_2038,2241958.654565625,3338980.9625,3656761.245571357,9.226652449552963,31.584325238242844,17.0
neglr_sym@k100,2025 EO,large_then_smr_2039,2342360.862784375,3862971.2656249995,4214482.418288423,14.11817758091263,94.89322943964204,32.0
neglr_sym@k100,2025 EO,smr_then_large_2039,2251109.358040625,3374728.0078125,3701319.6458957084,9.67246830173084,36.110116632879524,18.0
neglr_sym@k100,2025 EO,large_then_smr_2040,2328561.472021875,3777605.8375,4122945.9953842317,13.445880946109972,86.79212666552316,30.0
neglr_sym@k100,2025 EO,smr_then_large_2040,2261800.726846875,3415368.831249997,3749709.916916168,10.193344287749643,42.40413232962926,21.0
neglr_sym@k100,2025 EO,large_then_smr_2041,2317243.828584375,3699035.828124998,4031408.2377744513,12.894493299518745,78.3767022036066,28.0
neglr_sym@k100,2025 EO,smr_then_large_2041,2270080.7121125,3467797.5749999993,3795863.812250499,10.596739359756922,48.34470474205307,22.0
neglr_sym@k100,2025 EO,large_then_smr_2042,2293935.4136625,3571258.484375,3893010.5666167666,11.75892368023204,64.95832344967168,26.0
neglr_sym@k100,2025 EO,smr_then_large_2042,2288902.6024625,3573201.0937499995,3904731.7859281437,11.513728650133181,60.437346130697456,24.0
neglr_sym@k100,2025 EO,large_then_smr_2043,2273152.6595375,3458697.3375,3777593.7541167666,10.746402482692071,52.74853346332864,23.0
neglr_sym@k100,2025 EO,smr_then_large_2043,2308606.051384375,3684545.6999999997,4025947.7406437127,12.473666855534269,72.86578832777387,27.0
neglr_sym@k100,2025 EO,large_then_smr_2044,2254835.63200625,3370801.665625,3684458.210266966,9.854009754578907,41.70795182677701,19.0
neglr_sym@k100,2025 EO,smr_then_large_2044,2328954.12945,3806856.7937499983,4157028.728542914,13.465010940477265,85.47762823335731,31.0
neglr_sym@k100,2025 EO,large_then_smr_2045,2238938.024446875,3299676.331249999,3611938.2050898205,9.079489469768538,32.72175642572347,16.0
neglr_sym@k100,2025 EO,smr_then_large_2045,2349712.4909875,3927858.3093749974,4295595.400823353,14.476343748270715,98.16096979909615,33.0
neglr_sym@k100,2025 EO,large_then_smr_2046,2225352.66670625,3251723.53125,3557234.673465569,8.417620373602896,34.435256776030315,13.0
neglr_sym@k100,2025 EO,smr_then_large_2046,2370698.055903125,4050944.6937499987,4440134.307010978,15.498745745215933,110.83225638346394,36.0
neglr_sym@k100,2025 EO,large_then_smr_2047,2214012.867946875,3222446.4343749997,3517517.086951098,7.865153335276489,35.92923710310297,9.0
neglr_sym@k100,2025 EO,smr_then_large_2047,2391620.281378125,4177870.109374999,4588831.904690619,16.518061889059705,123.43821343377864,39.0
neglr_sym@k100,2025 EO,large_then_smr_2048,2204900.075859375,3205563.4624999994,3491970.84624501,7.421184499294878,37.19495838281035,7.0
neglr_sym@k100,2025 EO,smr_then_large_2048,2412226.398978125,4306511.303125,4739866.733033932,17.52197747904898,135.92992372959918,42.0
neglr_sym@k100,2025 EO,large_then_smr_2049,2198204.3127,3196673.5906249997,3481014.179204092,7.094971616642376,38.28770179393287,4.0
neglr_sym@k100,2025 EO,smr_then_large_2049,2432119.9075875,4442376.334375,4891828.11489521,18.49117525905862,148.11896538478223,44.0
neglr_sym@k100,2025 EO,large_then_smr_2050,2193896.361890625,3200314.1062499993,3490837.71756487,6.885091276134252,38.951121613640055,2.0
neglr_sym@k100,2025 EO,smr_then_large_2050,2451211.5445125,4576309.584374998,5053376.3168662675,19.421306413285482,160.84858723894212,47.0
neglr_sym@k050,EIA 2026 AEO high,pure_large,167803.1834359375,206971.56074218746,216836.25015593812,7.69168489166954,61.71799397225493,24.0
neglr_sym@k050,EIA 2026 AEO high,pure_smr,165198.4962203125,228734.5787109375,243202.2189839072,6.0200649073351205,67.54202342314798,1.0
neglr_sym@k050,EIA 2026 AEO high,const_0.1,168354.60777734374,206085.04472656248,215381.33863522953,8.045574580770639,56.403906442473435,41.0
neglr_sym@k050,EIA 2026 AEO high,const_0.2,168696.27163398438,205831.79296875,214836.2377978418,8.264845488716563,50.77286037556846,46.0
neglr_sym@k050,EIA 2026 AEO high,const_0.3,168717.89144589845,206508.7130859375,215074.67133701348,8.278720517332783,45.418351124776,47.0
neglr_sym@k050,EIA 2026 AEO high,const_0.4,168468.4946048828,207396.10742187497,216359.1256393463,8.118664161632678,39.20433629893701,43.0
neglr_sym@k050,EIA 2026 AEO high,const_0.5,168031.60496191407,209262.68300781245,218583.66085797155,7.838279839955092,33.02371125864409,30.0
neglr_sym@k050,EIA 2026 AEO high,const_0.6,167592.8545283203,212045.22441406248,221877.75951222554,7.556701311626991,37.203521275187136,23.0
neglr_sym@k050,EIA 2026 AEO high,const_0.7,167039.56057851564,215202.775390625,226016.3373409431,7.201611756859506,44.32068480067449,20.0
neglr_sym@k050,EIA 2026 AEO high,const_0.8,166359.09486933594,219112.40566406248,230864.97709268963,6.764906700184931,51.65709680386314,18.0
neglr_sym@k050,EIA 2026 AEO high,const_0.9,165834.66965546875,223613.27109374997,236740.29103511726,6.428344343472595,59.25238180238515,8.0
neglr_sym@k050,EIA 2026 AEO high,large_then_smr_2032,165198.4962203125,228734.5787109375,243202.2189839072,6.0200649073351205,67.54202342314798,2.0
neglr_sym@k050,EIA 2026 AEO high,smr_then_large_2032,167803.1834359375,206971.56074218746,216836.25015593812,7.69168489166954,61.71799397225493,25.0
neglr_sym@k050,EIA 2026 AEO high,large_then_smr_2033,165198.4962203125,228734.5787109375,243202.2189839072,6.0200649073351205,67.54202342314798,3.0
neglr_sym@k050,EIA 2026 AEO high,smr_then_large_2033,167803.1834359375,206971.56074218746,216836.25015593812,7.69168489166954,61.71799397225493,26.0
neglr_sym@k050,EIA 2026 AEO high,large_then_smr_2034,165198.4962203125,228734.5787109375,243202.2189839072,6.0200649073351205,67.54202342314798,4.0
neglr_sym@k050,EIA 2026 AEO high,smr_then_large_2034,167803.1834359375,206971.56074218746,216836.25015593812,7.69168489166954,61.71799397225493,27.0
neglr_sym@k050,EIA 2026 AEO high,large_then_smr_2035,165198.4962203125,228734.5787109375,243202.2189839072,6.0200649073351205,67.54202342314798,5.0
neglr_sym@k050,EIA 2026 AEO high,smr_then_large_2035,167803.1834359375,206971.56074218746,216836.25015593812,7.69168489166954,61.71799397225493,28.0
neglr_sym@k050,EIA 2026 AEO high,large_then_smr_2036,165198.4962203125,228734.5787109375,243202.2189839072,6.0200649073351205,67.54202342314798,6.0
neglr_sym@k050,EIA 2026 AEO high,smr_then_large_2036,167803.1834359375,206971.56074218746,216836.25015593812,7.69168489166954,61.71799397225493,29.0
neglr_sym@k050,EIA 2026 AEO high,large_then_smr_2037,166170.5178246094,218946.86074218748,230459.9868778069,6.643882895614214,52.067222845306354,10.0
neglr_sym@k050,EIA 2026 AEO high,smr_then_large_2037,169411.472725,205770.3904296875,214845.78770583833,8.723842803015058,54.25902323073932,48.0
neglr_sym@k050,EIA 2026 AEO high,large_then_smr_2038,167193.1810251953,211477.68496093745,221264.80044598304,7.3002013330403575,38.59394424515438,21.0
neglr_sym@k050,EIA 2026 AEO high,smr_then_large_2038,169482.44707714845,206979.66289062498,215447.73687000998,8.76939228193706,43.925881108451016,49.0
neglr_sym@k050,EIA 2026 AEO high,large_then_smr_2039,168156.64919511718,207250.8884765625,215779.36969810378,7.918529951329007,33.38073302595091,31.0
neglr_sym@k050,EIA 2026 AEO high,smr_then_large_2039,168696.06534121092,209826.3490234375,219076.7899123628,8.264713095421646,33.315996601883306,45.0
neglr_sym@k050,EIA 2026 AEO high,large_then_smr_2040,168617.68163808592,205355.93632812498,213460.97106568114,8.214408489247102,43.95629516943495,44.0
neglr_sym@k050,EIA 2026 AEO high,smr_then_large_2040,167586.43199980468,214835.66191406248,225559.60813529193,7.55257950116458,44.05981127610728,22.0
neglr_sym@k050,EIA 2026 AEO high,large_then_smr_2041,168364.8653841797,205521.2337890625,214520.92997598552,8.05215764397897,52.65731629607324,42.0
neglr_sym@k050,EIA 2026 AEO high,smr_then_large_2041,166381.37026464843,221777.87773437498,234401.70944829093,6.779202465042974,56.27022947463248,19.0
neglr_sym@k050,EIA 2026 AEO high,large_then_smr_2042,168349.72790449217,205555.85820312498,214549.21381455837,8.042442806279347,52.87019466752988,40.0
neglr_sym@k050,EIA 2026 AEO high,smr_then_large_2042,166350.2236564453,221947.84628906244,234637.33486932385,6.7592133882723555,56.565969365846954,17.0
neglr_sym@k050,EIA 2026 AEO high,large_then_smr_2043,168336.4815919922,205565.5939453125,214577.81874532186,8.033941670111862,53.07967615037514,39.0
neglr_sym@k050,EIA 2026 AEO high,smr_then_large_2043,166320.1842341797,222117.66210937497,234860.39560722306,6.739934874416314,56.84733452695247,16.0
neglr_sym@k050,EIA 2026 AEO high,large_then_smr_2044,168325.00454082032,205568.3072265625,214606.05360373005,8.026575999491202,53.285402253781406,38.0
neglr_sym@k050,EIA 2026 AEO high,smr_then_large_2044,166291.21773066407,222275.819140625,235071.74254615768,6.721344931692081,57.11501687031562,15.0
neglr_sym@k050,EIA 2026 AEO high,large_then_smr_2045,168315.18512773438,205569.6544921875,214634.1266373503,8.020274157546257,53.487134819506544,37.0
neglr_sym@k050,EIA 2026 AEO high,smr_then_large_2045,166263.29018007813,222398.45292968748,235272.27049026947,6.703421761726445,57.36967822515664,14.0
neglr_sym@k050,EIA 2026 AEO high,large_then_smr_2046,168306.91799589843,205561.2591796875,214662.04559630738,8.014968529021196,53.68458555073114,36.0
neglr_sym@k050,EIA 2026 AEO high,smr_then_large_2046,166236.3691201172,222511.28789062495,235462.8189090569,6.68614453106312,57.61194783062051,13.0
neglr_sym@k050,EIA 2026 AEO high,large_then_smr_2047,168300.15329003907,205551.8837890625,214689.41993357035,8.01062711810827,53.87742102591622,35.0
neglr_sym@k050,EIA 2026 AEO high,smr_then_large_2047,166210.3981765625,222716.90410156242,235643.9144601422,6.669477060206118,57.842417321919235,12.0
neglr_sym@k050,EIA 2026 AEO high,large_then_smr_2048,168294.8338582031,205542.33535156248,214716.1428783059,8.007213246181953,54.06563873813292,34.0
neglr_sym@k050,EIA 2026 AEO high,smr_then_large_2048,166185.3258033203,222903.9470703125,235815.44647423903,6.653386268223528,58.06166329269167,11.0
neglr_sym@k050,EIA 2026 AEO high,large_then_smr_2049,168290.87605898437,205556.0421875,214742.51538329592,8.004673234380016,54.24919606959053,33.0
neglr_sym@k050,EIA 2026 AEO high,smr_then_large_2049,166161.12128984375,223085.32207031248,235977.90090132237,6.637852445891312,58.27021971878594,9.0
neglr_sym@k050,EIA 2026 AEO high,large_then_smr_2050,168184.43557988282,205960.69374999998,215283.01419816617,7.93636252477122,56.98018420826814,32.0
neglr_sym@k050,EIA 2026 AEO high,smr_then_large_2050,165805.92336914063,224956.6919921875,238455.77880177146,6.409895730367254,61.43486142629995,7.0
neglr_sym@k050,Abou-Jaoude mod,pure_large,235367.4736984375,299017.63749999995,315689.5439043787,9.880511331241946,72.83686556818708,28.0
neglr_sym@k050,Abou-Jaoude mod,pure_smr,228766.68363125,338249.19062499993,366337.77059162926,6.79895474920535,87.04421932799487,1.0
neglr_sym@k050,Abou-Jaoude mod,const_0.1,236245.04301679687,296598.98515625,312920.08058882237,10.29020160795998,66.17632826052856,38.0
neglr_sym@k050,Abou-Jaoude mod,const_0.2,236270.7146261719,295356.67265624995,311177.84162924153,10.302186312220499,59.44511475014601,39.0
neglr_sym@k050,Abou-Jaoude mod,const_0.3,236116.52893320314,295544.65195312497,311696.59396831336,10.230205241441473,52.46665488912548,35.0
neglr_sym@k050,Abou-Jaoude mod,const_0.4,235655.33213476563,297548.4943359375,314390.4102965943,10.014897071453747,45.36229962271592,31.0
neglr_sym@k050,Abou-Jaoude mod,const_0.5,234924.37374960937,301443.13671875,319186.10568706336,9.673651614463653,38.12549850917452,25.0
neglr_sym@k050,Abou-Jaoude mod,const_0.6,233960.53445117187,307639.01132812497,325801.1511430264,9.22368648848728,43.325586381804804,21.0
neglr_sym@k050,Abou-Jaoude mod,const_0.7,232887.76155625,313881.76484375,334072.8514221557,8.72286608036521,52.86558445046574,18.0
neglr_sym@k050,Abou-Jaoude mod,const_0.8,231492.5293203125,321548.0509765625,343397.51620197104,8.071506616367772,63.210117913305105,13.0
neglr_sym@k050,Abou-Jaoude mod,const_0.9,230148.83983984374,329780.35996093747,354237.823969249,7.444209713935595,74.72788436528997,8.0
neglr_sym@k050,Abou-Jaoude mod,large_then_smr_2032,228859.87638007812,336613.17910156236,364117.10149232787,6.842461469707939,84.84057559258088,2.0
neglr_sym@k050,Abou-Jaoude mod,smr_then_large_2032,235803.78341835938,298906.39062499994,315564.36389720556,10.084201052555061,72.69644138513519,32.0
neglr_sym@k050,Abou-Jaoude mod,large_then_smr_2033,229005.54329257814,335411.04257812497,362038.67382422654,6.9104655765542855,82.71961841883252,3.0
neglr_sym@k050,Abou-Jaoude mod,smr_then_large_2033,236038.01455,298652.37734375,315251.5092159431,10.193551066428867,71.99654528583511,33.0
neglr_sym@k050,Abou-Jaoude mod,large_then_smr_2034,229100.9275890625,333905.30332031247,359943.840093251,6.9549954136893115,80.67493596009955,4.0
neglr_sym@k050,Abou-Jaoude mod,smr_then_large_2034,236177.89292109376,298266.221875,314885.2609624501,10.258852812241273,71.18771526740714,37.0
neglr_sym@k050,Abou-Jaoude mod,large_then_smr_2035,229223.03768789064,332378.41660156247,357962.4199413673,7.012002101517105,78.70046650470233,5.0
neglr_sym@k050,Abou-Jaoude mod,smr_then_large_2035,236295.13403125,297987.90742187493,314596.8002666542,10.313586429128016,70.5406567235237,40.0
neglr_sym@k050,Abou-Jaoude mod,large_then_smr_2036,229411.55686171874,330983.3708984374,356120.02994011977,7.100011642047407,76.79015563543985,6.0
neglr_sym@k050,Abou-Jaoude mod,smr_then_large_2036,236297.08469375,297592.85859375,314151.61546438374,10.31449708933763,69.61292488102177,41.0
neglr_sym@k050,Abou-Jaoude mod,large_then_smr_2037,229819.56024726562,327176.4906249999,351396.0231724052,7.290486646619231,71.88624365197806,7.0
neglr_sym@k050,Abou-Jaoude mod,smr_then_large_2037,236935.112346875,297566.2119140625,314175.4583021457,10.612358147483121,67.23732293176054,46.0
neglr_sym@k050,Abou-Jaoude mod,large_then_smr_2038,230229.25321484375,323838.3044921875,347009.93144180387,7.4817504268643145,67.26409549167879,9.0
neglr_sym@k050,Abou-Jaoude mod,smr_then_large_2038,237082.40771914064,297738.51542968745,313744.9915793413,10.681122495279151,64.92695003336205,49.0
neglr_sym@k050,Abou-Jaoude mod,large_then_smr_2039,230683.02724179687,320727.49863281247,342991.31441803894,7.6935933010174775,62.897662571620415,11.0
neglr_sym@k050,Abou-Jaoude mod,smr_then_large_2039,236917.00406875,296978.49179687497,313235.45838011475,10.603904358909713,62.42359258668016,45.0
neglr_sym@k050,Abou-Jaoude mod,large_then_smr_2040,231129.54330820314,317971.99785156245,339210.64799307636,7.902047820766437,58.76218013710707,12.0
neglr_sym@k050,Abou-Jaoude mod,smr_then_large_2040,236954.96873164063,296899.9125,313394.48782902944,10.6216280337463,59.91006663689192,47.0
neglr_sym@k050,Abou-Jaoude mod,large_then_smr_2041,231579.87109257813,315318.894921875,335700.019032248,8.112281828194282,54.830835508588464,14.0
neglr_sym@k050,Abou-Jaoude mod,smr_then_large_2041,237024.55737929686,297291.3771484375,313831.0656265594,10.654115259220434,57.56359154050272,48.0
neglr_sym@k050,Abou-Jaoude mod,large_then_smr_2042,232267.72456679688,311638.9337890625,330977.4072168164,8.433403902882333,49.65694757930983,16.0
neglr_sym@k050,Abou-Jaoude mod,smr_then_large_2042,236612.16114570314,297600.33515625,314298.64447667164,10.461589468352583,53.85933132389475,44.0
neglr_sym@k050,Abou-Jaoude mod,large_then_smr_2043,232868.42908554687,307885.0623046874,326669.2956119012,8.71384078161523,44.81635714056853,17.0
neglr_sym@k050,Abou-Jaoude mod,smr_then_large_2043,236502.35514921875,298592.611328125,315833.64939651947,10.41032690920901,50.263693187456425,43.0
neglr_sym@k050,Abou-Jaoude mod,large_then_smr_2044,233508.32816210936,304772.43359375,322862.943651759,9.012575507481237,40.09081886484353,19.0
neglr_sym@k050,Abou-Jaoude mod,smr_then_large_2044,236059.798659375,300175.0580078124,317462.98876465816,10.203720904424785,46.65358280556403,34.0
neglr_sym@k050,Abou-Jaoude mod,large_then_smr_2045,233964.14505234375,301950.40624999994,319385.1517433882,9.2253720854678,35.75164358752733,22.0
neglr_sym@k050,Abou-Jaoude mod,smr_then_large_2045,235606.298978125,301423.704296875,319428.82807042164,9.992006107637906,42.7421903995143,29.0
neglr_sym@k050,Abou-Jaoude mod,large_then_smr_2046,234471.94898984375,299309.5140625,316255.6991173902,9.462438641146639,36.42858031557403,23.0
neglr_sym@k050,Abou-Jaoude mod,smr_then_large_2046,235294.47683359374,303606.29609374993,322007.7182821856,9.846432991067868,39.837339382279886,27.0
neglr_sym@k050,Abou-Jaoude mod,large_then_smr_2047,235018.56910898437,295506.30234374997,311784.4197776322,9.717626400318794,42.965797168773605,26.0
neglr_sym@k050,Abou-Jaoude mod,smr_then_large_2047,234590.5620328125,309225.7064453125,327862.5477560504,9.517812740240123,44.58177765194213,24.0
neglr_sym@k050,Abou-Jaoude mod,large_then_smr_2048,235636.91531757812,293922.63632812497,309486.263052021,10.006299242459546,49.345218038241406,30.0
neglr_sym@k050,Abou-Jaoude mod,smr_then_large_2048,233595.67611953124,314030.3529296875,334466.08021457086,9.05335360682708,52.51292376660289,20.0
neglr_sym@k050,Abou-Jaoude mod,large_then_smr_2049,236125.96897734376,293310.7580078125,308902.3706259356,10.234612294212452,55.537030390121195,36.0
neglr_sym@k050,Abou-Jaoude mod,smr_then_large_2049,232266.13978671876,319573.3566406248,341286.9586763972,8.43266405364745,60.36150732573344,15.0
neglr_sym@k050,Abou-Jaoude mod,large_then_smr_2050,236394.21385195313,295116.123046875,310800.47571263724,10.359841509281598,63.53532765074405,42.0
neglr_sym@k050,Abou-Jaoude mod,smr_then_large_2050,230604.4821765625,327585.5365234374,351692.78167103295,7.656924802202061,71.95038217829676,10.0
neglr_sym@k050,IAEA high,pure_large,589233.7111054688,776967.8546874999,822560.9936689122,11.571720787858144,76.72982955989625,35.0
neglr_sym@k050,IAEA high,pure_smr,573353.363115625,908051.81875,1008430.4642277944,8.564768336660507,103.95729208736392,1.0
neglr_sym@k050,IAEA high,const_0.1,590870.3114578126,766862.2874999999,810812.5996756487,11.881611946682769,70.43564012779703,43.0
neglr_sym@k050,IAEA high,const_0.2,590447.6833867187,760304.00859375,804123.6833832335,11.801587093629609,63.03051037323865,42.0
neglr_sym@k050,IAEA high,const_0.3,589880.9276398438,760086.5828125,805865.3975798403,11.694271587484149,55.91150999330668,38.0
neglr_sym@k050,IAEA high,const_0.4,588273.2682617188,766618.7406249999,815862.7971556886,11.389860417726691,48.155498896992235,31.0
neglr_sym@k050,IAEA high,const_0.5,586877.0763726563,780995.5304687497,834977.1223178643,11.125490731001705,41.894309713516066,26.0
neglr_sym@k050,IAEA high,const_0.6,585112.0196070313,798433.8984374999,860343.3606848803,10.79127628108578,52.9122862137982,21.0
neglr_sym@k050,IAEA high,const_0.7,582956.9897882813,823015.09609375,891052.7688997006,10.38322022336975,64.43400911284333,16.0
neglr_sym@k050,IAEA high,const_0.8,580276.5098757813,849209.0460937499,926339.6971057884,9.87566990719074,76.40380343498457,10.0
neglr_sym@k050,IAEA high,const_0.9,576826.5666359375,876539.5890624999,965265.7304765469,9.22242129524751,89.56532271188301,5.0
neglr_sym@k050,IAEA high,large_then_smr_2032,574848.5489609375,885021.6015624998,979038.5363023952,8.847882582358006,95.0252721310283,2.0
neglr_sym@k050,IAEA high,smr_then_large_2032,592145.8547953125,772801.82265625,816022.7373066368,12.123136765141243,75.73666823128993,46.0
neglr_sym@k050,IAEA high,large_then_smr_2033,576586.0272859375,866978.3140624998,953088.325130988,9.176875039677132,86.659504961537,4.0
neglr_sym@k050,IAEA high,smr_then_large_2033,593331.4644859375,768320.4968749997,812265.6990082335,12.347632599090764,73.02740225761804,48.0
neglr_sym@k050,IAEA high,large_then_smr_2034,578495.1542507813,850414.8882812499,930103.9432073353,9.538369259467265,78.8303187577101,7.0
neglr_sym@k050,IAEA high,smr_then_large_2034,593429.6952046875,765581.7632812499,810340.5331524451,12.366232638631276,69.70903110324706,49.0
neglr_sym@k050,IAEA high,large_then_smr_2035,580010.4661203125,836069.3749999999,908887.6360404191,9.825294378698278,71.24804861532606,9.0
neglr_sym@k050,IAEA high,smr_then_large_2035,592713.2150171875,764399.5374999997,809960.0143463074,12.230566728953761,66.07082026110541,47.0
neglr_sym@k050,IAEA high,large_then_smr_2036,581390.66573125,821436.5539062499,889959.3503617764,10.086635918940646,64.45316606190502,12.0
neglr_sym@k050,IAEA high,smr_then_large_2036,591993.162771875,765311.9734374998,812245.0901322355,12.09422444820415,62.318223941801826,45.0
neglr_sym@k050,IAEA high,large_then_smr_2037,582248.28514375,807507.5125,872745.9063435629,10.249026616944294,58.27471714676237,14.0
neglr_sym@k050,IAEA high,smr_then_large_2037,591160.757578125,767336.6921875,816663.5495571357,11.93660807611098,58.267078035955066,44.0
neglr_sym@k050,IAEA high,large_then_smr_2038,583085.5876382813,796124.0304687497,857471.7105788423,10.407570295579978,52.316491784269544,17.0
neglr_sym@k050,IAEA high,smr_then_large_2038,590255.8234554688,771808.3906249998,823491.3526072854,11.765258312237176,54.485309899238615,40.0
neglr_sym@k050,IAEA high,large_then_smr_2039,584009.6217429688,785783.096875,844170.7281998503,10.582536651346068,46.73006951878989,19.0
neglr_sym@k050,IAEA high,smr_then_large_2039,589395.57591875,779219.2390625,832291.158246008,11.60236997749618,50.464214515649715,36.0
neglr_sym@k050,IAEA high,large_then_smr_2040,584852.3356265625,776921.9453125,832719.8561002994,10.742104979417412,41.47887167237371,20.0
neglr_sym@k050,IAEA high,smr_then_large_2040,588568.8974296876,785903.5765624995,842443.0647143214,11.445837960022216,46.491586952837466,32.0
neglr_sym@k050,IAEA high,large_then_smr_2041,585572.886025,770903.8296874998,822653.9397143214,10.878541585729739,41.40402199603209,23.0
neglr_sym@k050,IAEA high,smr_then_large_2041,587692.4176328125,794762.26171875,853353.6162362774,11.279876038071636,47.63802754275476,29.0
neglr_sym@k050,IAEA high,large_then_smr_2042,586245.484546875,765978.57890625,813694.5180576347,11.005898478369462,45.259920868762435,24.0
neglr_sym@k050,IAEA high,smr_then_large_2042,586559.7070148437,804646.2546874997,866314.2913547904,11.065396672041556,53.18661964156609,25.0
neglr_sym@k050,IAEA high,large_then_smr_2043,586907.7896898438,760108.225,807054.8355476547,11.131306314165274,49.01680124401062,27.0
neglr_sym@k050,IAEA high,smr_then_large_2043,585387.4163335938,814200.1671874999,880013.7360903193,10.843422799695984,58.64556017737083,22.0
neglr_sym@k050,IAEA high,large_then_smr_2044,587535.0395132812,755935.1453125,802572.165138473,11.250076406313438,52.66335534427645,28.0
neglr_sym@k050,IAEA high,smr_then_large_2044,583985.6901015625,824767.70859375,893792.5022143214,10.57800518214692,64.02827232822195,18.0
neglr_sym@k050,IAEA high,large_then_smr_2045,588132.6981921875,754998.7140624999,800457.2645334331,11.363243399295335,56.18989966465196,30.0
neglr_sym@k050,IAEA high,smr_then_large_2045,582806.6862648438,836363.74140625,908310.8599363773,10.35476017019503,69.17154184671593,15.0
neglr_sym@k050,IAEA high,large_then_smr_2046,588636.034221875,755641.3453124998,800229.7056823852,11.45855034780886,59.5878187556132,33.0
neglr_sym@k050,IAEA high,smr_then_large_2046,581468.7434984375,847459.08828125,922869.0577906687,10.101419986240595,74.3373973341886,13.0
neglr_sym@k050,IAEA high,large_then_smr_2047,589131.913403125,758369.6664062499,801596.757734531,11.552445338051593,62.85063327840417,34.0
neglr_sym@k050,IAEA high,smr_then_large_2047,580394.6941679687,857855.7921874999,937831.2496569362,9.898048166616386,79.26027761831112,11.0
neglr_sym@k050,IAEA high,large_then_smr_2048,589621.152246875,760731.29140625,804114.7933196108,11.645082976809636,65.97520711472286,37.0
neglr_sym@k050,IAEA high,smr_then_large_2048,578965.8756617188,867566.0617187498,952255.4973802395,9.627500612341585,84.07484643553022,8.0
neglr_sym@k050,IAEA high,large_then_smr_2049,589987.1249265625,764394.0609375,807465.8929328843,11.714380100963432,69.00824771705378,39.0
neglr_sym@k050,IAEA high,smr_then_large_2049,577466.2887632813,878208.8390624998,966523.0539234031,9.343553024862748,89.26615181888377,6.0
neglr_sym@k050,IAEA high,large_then_smr_2050,590284.9470554688,769571.075,813373.0855788423,11.770772881594453,72.3425420683128,41.0
neglr_sym@k050,IAEA high,smr_then_large_2050,575459.9545804687,890531.7765624998,985078.9525012475,8.963652565956682,95.96414902698842,3.0
neglr_sym@k050,McKinsey GEP 2025,pure_large,760494.6436828125,1029375.13125,1092586.711857535,12.783615653362123,94.93065088286859,37.0
neglr_sym@k050,McKinsey GEP 2025,pure_smr,737077.743540625,1219200.45703125,1344887.570795908,9.310819773249175,125.88774456911057,1.0
neglr_sym@k050,McKinsey GEP 2025,const_0.1,761977.03235,1012195.4499999998,1074581.4703717565,13.003458297985283,86.7170761715559,43.0
neglr_sym@k050,McKinsey GEP 2025,const_0.2,760515.35905625,1003127.7570312499,1064941.806511976,12.786687804803687,77.07214605952274,38.0
neglr_sym@k050,McKinsey GEP 2025,const_0.3,758972.2200640625,1001970.6140625,1066792.1632672155,12.557835706448634,67.17651209099068,34.0
neglr_sym@k050,McKinsey GEP 2025,const_0.4,756596.5731109375,1012002.9109375,1079987.9255863274,12.20552020348622,57.154382639263034,29.0
neglr_sym@k050,McKinsey GEP 2025,const_0.5,754514.9021921875,1029431.1875,1105195.2558632735,11.896802220043062,48.44043138405302,25.0
neglr_sym@k050,McKinsey GEP 2025,const_0.6,751958.469215625,1055827.9976562497,1139647.7407060878,11.517675612555133,62.522713858525414,21.0
neglr_sym@k050,McKinsey GEP 2025,const_0.7,748997.5435,1091056.8359374998,1181790.334861527,11.078561529815467,77.37599567628634,16.0
neglr_sym@k050,McKinsey GEP 2025,const_0.8,745908.607078125,1130785.64140625,1230830.025854541,10.620463078923914,93.24506016113457,11.0
neglr_sym@k050,McKinsey GEP 2025,const_0.9,741848.7889546875,1174247.3812499999,1285093.6615518962,10.018379986479015,109.35242898370355,5.0
neglr_sym@k050,McKinsey GEP 2025,large_then_smr_2032,738602.0686,1194122.6367187498,1312896.275698603,9.53688170945795,117.82913719433436,2.0
neglr_sym@k050,McKinsey GEP 2025,smr_then_large_2032,763454.3001671875,1020383.0648437499,1084430.2293537925,13.222541505335585,92.0902017478267,46.0
neglr_sym@k050,McKinsey GEP 2025,large_then_smr_2033,740412.804765625,1173484.07734375,1284476.137974052,9.805419263864012,110.20860057745166,4.0
neglr_sym@k050,McKinsey GEP 2025,smr_then_large_2033,764453.2322546875,1016371.4679687499,1079139.3213572854,13.370686102482018,88.52064190731207,49.0
neglr_sym@k050,McKinsey GEP 2025,large_then_smr_2034,742428.095065625,1151675.55234375,1258950.8584393712,10.104292804280357,102.99892112314747,6.0
neglr_sym@k050,McKinsey GEP 2025,smr_then_large_2034,764284.5760328125,1012543.0296874999,1075547.0366766467,13.345673883574882,84.31332367468494,48.0
neglr_sym@k050,McKinsey GEP 2025,large_then_smr_2035,744038.33171875,1133443.8851562499,1235074.4638223553,10.343095685149498,95.77214048241407,8.0
neglr_sym@k050,McKinsey GEP 2025,smr_then_large_2035,763947.0505875,1010355.9578125,1074255.3278131238,13.295617856995907,80.20712953091558,47.0
neglr_sym@k050,McKinsey GEP 2025,large_then_smr_2036,745286.6718390625,1115165.09375,1212967.5092003492,10.528228234738787,88.9213171439868,9.0
neglr_sym@k050,McKinsey GEP 2025,smr_then_large_2036,762985.332653125,1009743.8640625,1074021.3570983035,13.152992229348838,75.94278417118511,45.0
neglr_sym@k050,McKinsey GEP 2025,large_then_smr_2037,746286.5818328125,1097738.7968749995,1192429.8869136726,10.676517858288182,82.41848672875624,12.0
neglr_sym@k050,McKinsey GEP 2025,smr_then_large_2037,762414.003309375,1010286.2140624999,1076425.5713572854,13.06826238982631,71.68881538500884,44.0
neglr_sym@k050,McKinsey GEP 2025,large_then_smr_2038,747290.2188140625,1082467.04765625,1173537.4181324851,10.82536020515948,76.07099209025758,13.0
neglr_sym@k050,McKinsey GEP 2025,smr_then_large_2038,761416.6674046875,1012246.6460937499,1079946.6918662675,12.920354511334414,67.83235185948627,41.0
neglr_sym@k050,McKinsey GEP 2025,large_then_smr_2039,748281.170909375,1068330.61875,1156069.4858096307,10.972321345750016,70.01122607204718,15.0
neglr_sym@k050,McKinsey GEP 2025,smr_then_large_2039,760935.555746875,1016648.8890625,1085670.6742140718,12.84900422274026,63.624329187743356,40.0
neglr_sym@k050,McKinsey GEP 2025,large_then_smr_2040,749467.246984375,1055086.0734375,1139997.1314246508,11.148219952386672,64.18226118808086,17.0
neglr_sym@k050,McKinsey GEP 2025,smr_then_large_2040,759278.0639328125,1020908.9335937499,1090762.3898141216,12.603193261073862,59.78150721838728,35.0
neglr_sym@k050,McKinsey GEP 2025,large_then_smr_2041,750660.3211,1043370.5359374998,1124518.9362836827,11.3251563892444,58.54026927574047,19.0
neglr_sym@k050,McKinsey GEP 2025,smr_then_large_2041,758737.77484375,1025727.4171874999,1098437.7548028943,12.52306678356517,56.08888603536649,33.0
neglr_sym@k050,McKinsey GEP 2025,large_then_smr_2042,752105.868475,1028276.8718749998,1102242.3047030938,11.539535360753273,49.39246694562986,22.0
neglr_sym@k050,McKinsey GEP 2025,smr_then_large_2042,756883.4127125,1035820.6046875,1114350.7570795908,12.248059368811731,49.492399976245814,30.0
neglr_sym@k050,McKinsey GEP 2025,large_then_smr_2043,753492.6012203125,1014670.2218749998,1084432.6089695608,11.745191947897478,51.0683948018612,24.0
neglr_sym@k050,McKinsey GEP 2025,smr_then_large_2043,755060.998934375,1051448.753125,1133516.2949413673,11.977789989769045,56.17282088290558,27.0
neglr_sym@k050,McKinsey GEP 2025,large_then_smr_2044,754718.96639375,1005662.4968749998,1071054.3636477045,11.927065547561295,57.32748233132912,26.0
neglr_sym@k050,McKinsey GEP 2025,smr_then_large_2044,753011.336321875,1067172.3539062499,1154703.256081587,11.673818933263245,64.74486241479437,23.0
neglr_sym@k050,McKinsey GEP 2025,large_then_smr_2045,756011.2440578125,998132.1117187499,1062592.0244822854,12.11871416545983,63.117285961819356,28.0
neglr_sym@k050,McKinsey GEP 2025,smr_then_large_2045,751210.505009375,1087397.7968749998,1178124.274014471,11.406750298010305,73.3235219667972,20.0
neglr_sym@k050,McKinsey GEP 2025,large_then_smr_2046,757208.9408171875,995257.56484375,1058458.3430638723,12.296336154122997,68.7429344232268,31.0
neglr_sym@k050,McKinsey GEP 2025,smr_then_large_2046,749467.777471875,1106374.42734375,1202717.949039421,11.148298625259395,81.88619955636074,18.0
neglr_sym@k050,McKinsey GEP 2025,large_then_smr_2047,758385.49228125,997058.7921874998,1058392.0980227045,12.47082223265292,74.1960045702032,32.0
neglr_sym@k050,McKinsey GEP 2025,smr_then_large_2047,747436.760690625,1128075.0023437499,1227630.043631487,10.847092800938603,90.18203375507858,14.0
neglr_sym@k050,McKinsey GEP 2025,large_then_smr_2048,759506.930359375,1000309.5140625,1061394.8120321857,12.637134832265453,79.47036731899445,36.0
neglr_sym@k050,McKinsey GEP 2025,smr_then_large_2048,745457.790984375,1149580.3039062498,1253243.059006986,10.553605712510882,98.63677227078593,10.0
neglr_sym@k050,McKinsey GEP 2025,large_then_smr_2049,760699.4937109374,1006420.0242187498,1066971.0727607287,12.813995521294851,84.5887107070434,39.0
neglr_sym@k050,McKinsey GEP 2025,smr_then_large_2049,743496.1658703125,1168809.2335937498,1279078.2759792914,10.262690878648247,106.80573095994308,7.0
neglr_sym@k050,McKinsey GEP 2025,large_then_smr_2050,761660.284134375,1014644.78203125,1076783.4307946607,12.956483596313566,90.04962700811862,42.0
neglr_sym@k050,McKinsey GEP 2025,smr_then_large_2050,740202.770034375,1191865.5726562496,1308829.6478917166,9.77427048905024,115.79119019790689,3.0
neglr_sym@k050,COP28 tripling pledge,pure_large,1451380.521646875,2077692.8203124995,2228413.1036052895,16.028065085362723,121.31698836758699,46.0
neglr_sym@k050,COP28 tripling pledge,pure_smr,1388205.5417375,2499106.679687499,2830978.4343812377,10.977652342897331,162.65793746233498,1.0
neglr_sym@k050,COP28 tripling pledge,const_0.1,1448460.408190625,2028922.0421874993,2173594.7009106786,15.794621747034075,108.23836382131482,43.0
neglr_sym@k050,COP28 tripling pledge,const_0.2,1441702.049740625,1994891.4843749988,2144230.6351047903,15.254336658174658,94.29889794805098,37.0
neglr_sym@k050,COP28 tripling pledge,const_0.3,1435586.2111125,1985669.9109375,2144309.633982036,14.765416687283444,80.63021232846131,32.0
neglr_sym@k050,COP28 tripling pledge,const_0.4,1428419.426734375,2006547.9687499998,2173570.979728044,14.192480705385124,67.10451519109121,28.0
neglr_sym@k050,COP28 tripling pledge,const_0.5,1422423.807446875,2053562.5218749999,2233601.6051022955,13.71317145840161,59.89256796975464,25.0
neglr_sym@k050,COP28 tripling pledge,const_0.6,1415965.60121875,2120967.2140625,2317634.047218064,13.19688151141974,78.00774920314981,21.0
neglr_sym@k050,COP28 tripling pledge,const_0.7,1410302.01603125,2205122.1921874993,2423413.891467066,12.744116147029912,97.72692164812558,17.0
neglr_sym@k050,COP28 tripling pledge,const_0.8,1404717.948140625,2291762.5328125,2546643.013909681,12.297707653191683,118.45053846598974,12.0
neglr_sym@k050,COP28 tripling pledge,const_0.9,1397656.4220625,2391770.51875,2682691.01746507,11.733186361101462,140.20296735636435,5.0
neglr_sym@k050,COP28 tripling pledge,large_then_smr_2032,1391817.1541875,2438615.9796875,2748630.780938124,11.266376353011657,151.39604059076814,2.0
neglr_sym@k050,COP28 tripling pledge,smr_then_large_2032,1456544.538603125,2059166.1109375,2202030.248003992,16.44089334546767,116.3016466184577,49.0
neglr_sym@k050,COP28 tripling pledge,large_then_smr_2033,1396394.04359375,2387410.690625,2676690.100424152,11.632267732974716,140.81543502163495,4.0
neglr_sym@k050,COP28 tripling pledge,smr_then_large_2033,1455539.169446875,2041728.9031249993,2184232.60373004,16.360520875149668,109.90425858312462,48.0
neglr_sym@k050,COP28 tripling pledge,large_then_smr_2034,1399313.71910625,2334907.1046874993,2610037.306761477,11.86567606065993,130.67122962071826,6.0
neglr_sym@k050,COP28 tripling pledge,smr_then_large_2034,1453548.414478125,2026846.8593749995,2173667.6121506984,16.20137346781018,103.57473986249659,47.0
neglr_sym@k050,COP28 tripling pledge,large_then_smr_2035,1401404.407396875,2289800.4296875,2549313.559755489,12.032812461789653,120.9989641557876,8.0
neglr_sym@k050,COP28 tripling pledge,smr_then_large_2035,1450074.25481875,2013856.8984374998,2168038.404316367,15.923637879477004,96.77768807712853,44.0
neglr_sym@k050,COP28 tripling pledge,large_then_smr_2036,1402201.541525,2252285.2140625,2495479.447729541,12.096537948745278,112.16996749384393,9.0
neglr_sym@k050,COP28 tripling pledge,smr_then_large_2036,1447742.535928125,2005878.5093749994,2169534.616828842,15.737232710627678,91.16656681461255,42.0
neglr_sym@k050,COP28 tripling pledge,large_then_smr_2037,1403182.515996875,2236523.50625,2471779.025511477,12.174960228893173,108.22397153942812,10.0
neglr_sym@k050,COP28 tripling pledge,smr_then_large_2037,1446264.80423125,2004213.184375,2170557.0154690617,15.619098047149379,88.56946068654977,41.0
neglr_sym@k050,COP28 tripling pledge,large_then_smr_2038,1404309.006328125,2219518.6953124995,2448725.995508982,12.265015518683063,104.3367888292714,11.0
neglr_sym@k050,COP28 tripling pledge,smr_then_large_2038,1445465.312953125,2003324.6515624998,2173570.144211577,15.555184121979561,86.93432658554035,39.0
neglr_sym@k050,COP28 tripling pledge,large_then_smr_2039,1405641.05484375,2202152.0390625,2425907.479540918,12.371503796266136,100.45857724986543,14.0
neglr_sym@k050,COP28 tripling pledge,smr_then_large_2039,1443804.4743625,2003075.4999999993,2175112.8860404193,15.422411299680238,84.80889558147261,38.0
neglr_sym@k050,COP28 tripling pledge,large_then_smr_2040,1408099.90210625,2188065.5687499996,2403913.782310379,12.568072019384214,96.48846341846053,15.0
neglr_sym@k050,COP28 tripling pledge,smr_then_large_2040,1441692.430078125,2007998.5812499998,2176226.050648703,15.253567631162095,83.23304938772493,36.0
neglr_sym@k050,COP28 tripling pledge,large_then_smr_2041,1410927.797659375,2168997.8,2379401.306012974,12.794143159515185,92.3339205264753,18.0
neglr_sym@k050,COP28 tripling pledge,smr_then_large_2041,1440515.47615625,2010610.8453124997,2178090.697729541,15.159478118306549,81.20213627862357,34.0
neglr_sym@k050,COP28 tripling pledge,large_then_smr_2042,1414488.3274375,2103784.1890625,2295953.6321731536,13.078783455201318,76.84936912026416,20.0
neglr_sym@k050,COP28 tripling pledge,smr_then_large_2042,1434638.88599375,2031989.1515624998,2203272.09874002,14.689684445534326,73.39051980550461,31.0
neglr_sym@k050,COP28 tripling pledge,large_then_smr_2043,1418256.493909375,2052789.2624999995,2228892.2416417166,13.38002290145976,62.720060529963035,22.0
neglr_sym@k050,COP28 tripling pledge,smr_then_large_2043,1428972.410028125,2058761.8656249999,2244513.884169162,14.23668798296767,65.41928165926147,29.0
neglr_sym@k050,COP28 tripling pledge,large_then_smr_2044,1422241.724325,2008749.4499999997,2177618.966941118,13.698615143223913,61.09227371258991,24.0
neglr_sym@k050,COP28 tripling pledge,smr_then_large_2044,1423621.36511875,2103523.3078125,2296536.2071482036,13.808908101841004,69.15416499766701,26.0
neglr_sym@k050,COP28 tripling pledge,large_then_smr_2045,1426627.92616875,1982262.4937499994,2142492.977981537,14.049262341125322,70.34480467715099,27.0
neglr_sym@k050,COP28 tripling pledge,smr_then_large_2045,1418605.119940625,2150262.978125,2358247.166167665,13.407893196837867,82.25063937106648,23.0
neglr_sym@k050,COP28 tripling pledge,large_then_smr_2046,1431221.385825,1964330.0015625,2124223.1843188624,14.416478400603376,79.47796539121562,30.0
neglr_sym@k050,COP28 tripling pledge,smr_then_large_2046,1413919.0580125,2208332.2765625,2426612.872754491,13.033274211477929,95.49542344876825,19.0
neglr_sym@k050,COP28 tripling pledge,large_then_smr_2047,1436010.607909375,1967101.6312499992,2121030.5805888223,14.799344343356683,88.42679947197945,33.0
neglr_sym@k050,COP28 tripling pledge,smr_then_large_2047,1409546.088921875,2262007.925,2499692.5157809383,12.683684882769297,108.78343183843037,16.0
neglr_sym@k050,COP28 tripling pledge,large_then_smr_2048,1440948.7261875,1989500.3421874999,2130484.552769461,15.194113530642849,97.13493444230772,35.0
neglr_sym@k050,COP28 tripling pledge,smr_then_large_2048,1405209.15695625,2313177.4765625,2575672.1750873253,12.336976478685617,121.83536783281995,13.0
neglr_sym@k050,COP28 tripling pledge,large_then_smr_2049,1446206.34976875,2009088.1781249982,2150069.4928892218,15.614425007875168,105.61089175221181,40.0
neglr_sym@k050,COP28 tripling pledge,smr_then_large_2049,1400016.33063125,2368593.3,2652347.957959082,11.921845104226756,134.60898642469797,7.0
neglr_sym@k050,COP28 tripling pledge,large_then_smr_2050,1451329.61870625,2039359.1781249999,2181829.4051272455,16.023995739233442,114.20050337076948,45.0
neglr_sym@k050,COP28 tripling pledge,smr_then_large_2050,1395063.075184375,2430433.8046874995,2737902.4113647705,11.525865802587575,148.46750976487226,3.0
neglr_sym@k050,2025 EO,pure_large,2261431.703009375,3394747.2781249997,3660331.7068363274,17.92471000624664,127.94977577706345,47.0
neglr_sym@k050,2025 EO,pure_smr,2148399.40330625,4112428.5124999997,4702373.209705588,12.03052308647703,213.45228645106158,1.0
neglr_sym@k050,2025 EO,const_0.1,2251378.82133125,3304259.0156249995,3561929.3768712576,17.40049202741384,114.93197621124986,43.0
neglr_sym@k050,2025 EO,const_0.2,2234305.01544375,3253424.6124999993,3508577.048028942,16.51016064782495,100.18363206015674,38.0
neglr_sym@k050,2025 EO,const_0.3,2220834.873165625,3229581.21875,3505535.4901447105,15.807746058086538,85.58664179268419,33.0
neglr_sym@k050,2025 EO,const_0.4,2207007.229521875,3262354.6312499996,3552229.261976048,15.08668918752573,71.98192224125886,28.0
neglr_sym@k050,2025 EO,const_0.5,2195044.385790625,3329068.2843749993,3653028.1706586825,14.462874249413552,81.00180870053848,25.0
neglr_sym@k050,2025 EO,const_0.6,2184079.368865625,3435458.165625,3798081.87749501,13.891092028719688,104.56293153221964,20.0
neglr_sym@k050,2025 EO,const_0.7,2177184.2020125,3573436.00625,3984589.8166167666,13.531536376202121,129.9996724940038,17.0
neglr_sym@k050,2025 EO,const_0.8,2169456.040978125,3740636.7374999984,4199563.506487026,13.128543375065941,156.79591288726826,12.0
neglr_sym@k050,2025 EO,const_0.9,2160808.33701875,3926569.446875,4439535.340007485,12.677599850982455,184.66784788458676,6.0
neglr_sym@k050,2025 EO,large_then_smr_2032,2152638.93131875,4003261.109374998,4562945.094061877,12.251597687479627,199.7587230825067,2.0
neglr_sym@k050,2025 EO,smr_then_large_2032,2267430.603571875,3361874.0437499997,3611750.324351297,18.2375289201443,123.09452309435682,49.0
neglr_sym@k050,2025 EO,large_then_smr_2033,2157345.85975,3921915.6937499996,4439316.526384731,12.497045369820277,186.4343080555144,4.0
neglr_sym@k050,2025 EO,smr_then_large_2033,2263428.69171875,3326223.128125,3581251.5623752493,18.028845061099464,116.73104395335801,48.0
neglr_sym@k050,2025 EO,large_then_smr_2034,2160126.214203125,3834783.3625,4324928.290294412,12.642029846761599,173.83786153642777,5.0
neglr_sym@k050,2025 EO,smr_then_large_2034,2258153.822640625,3304836.40625,3562860.2709580837,17.753781522576045,110.23981353048673,46.0
neglr_sym@k050,2025 EO,large_then_smr_2035,2162637.222390625,3752078.3093749993,4220319.398265968,12.772968982327889,161.74649831006502,7.0
neglr_sym@k050,2025 EO,smr_then_large_2035,2251979.39379375,3288876.2718749978,3553302.0373627744,17.431809503587807,104.70903822047781,44.0
neglr_sym@k050,2025 EO,large_then_smr_2036,2164948.589440625,3681010.1874999963,4123989.6298652696,12.893497622979087,150.28726242761937,9.0
neglr_sym@k050,2025 EO,smr_then_large_2036,2245911.75291875,3281431.5,3550994.755052395,17.11540605454522,99.90860732236163,41.0
neglr_sym@k050,2025 EO,large_then_smr_2037,2167197.690484375,3611470.3031249996,4034958.2084580837,13.01077933792366,139.40744076002795,10.0
neglr_sym@k050,2025 EO,smr_then_large_2037,2239779.500175,3280812.087499999,3555003.618450599,16.7956333523542,95.10108782181491,40.0
neglr_sym@k050,2025 EO,large_then_smr_2038,2169640.8027125,3549971.9140624995,3952813.4870259482,13.13817796801758,129.04778888660914,13.0
neglr_sym@k050,2025 EO,smr_then_large_2038,2233981.1221125,3279901.815624999,3565069.645708583,16.493270892936582,90.53408541651864,37.0
neglr_sym@k050,2025 EO,large_then_smr_2039,2172309.390290625,3486616.6718749995,3877012.064308882,13.27733424492742,118.98906855591439,14.0
neglr_sym@k050,2025 EO,smr_then_large_2039,2228280.63145625,3289831.4343749993,3580000.426521956,16.196012874205778,85.64848047889902,35.0
neglr_sym@k050,2025 EO,large_then_smr_2040,2175495.965515625,3431802.1187499994,3805914.828967066,13.443501526840535,109.2289462326148,16.0
neglr_sym@k050,2025 EO,smr_then_large_2040,2224076.85405625,3297193.5218749987,3602105.406811377,15.976802526103674,81.45646025348748,34.0
neglr_sym@k050,2025 EO,large_then_smr_2041,2182367.096521875,3385687.4875,3735986.3037050897,13.801803805104651,99.03998464659608,19.0
neglr_sym@k050,2025 EO,smr_then_large_2041,2217593.1527125,3314367.071875,3624789.7345309383,15.638703170853917,76.7987139596975,31.0
neglr_sym@k050,2025 EO,large_then_smr_2042,2188137.261353125,3310135.078125,3633957.85990519,14.102695056212482,82.75428721425826,22.0
neglr_sym@k050,2025 EO,smr_then_large_2042,2207929.29798125,3357180.068749999,3690596.224239022,15.134771407091772,78.71563827242338,29.0
neglr_sym@k050,2025 EO,large_then_smr_2043,2194869.7428625,3256316.259375,3556552.9281437127,14.45376731214617,67.84721377388927,24.0
neglr_sym@k050,2025 EO,smr_then_large_2043,2199114.214996875,3418405.8656249996,3772157.8202969064,14.67509972953012,93.88386234458893,26.0
neglr_sym@k050,2025 EO,large_then_smr_2044,2202424.161084375,3222989.1531249997,3503567.8088822355,14.84770031348113,73.64805994781078,27.0
neglr_sym@k050,2025 EO,smr_then_large_2044,2191205.400428125,3488240.2875,3866882.5573852295,14.262686361807399,109.15596133016436,23.0
neglr_sym@k050,2025 EO,large_then_smr_2045,2210705.06404375,3202529.699999999,3474367.488897206,15.279516617628042,82.28913475232937,30.0
neglr_sym@k050,2025 EO,smr_then_large_2045,2184179.19248125,3559749.2187499986,3970983.7523702593,13.896297435059704,124.41333231832202,21.0
neglr_sym@k050,2025 EO,large_then_smr_2046,2219539.398065625,3205941.503125,3467314.347243014,15.740192160577926,90.7208790531644,32.0
neglr_sym@k050,2025 EO,smr_then_large_2046,2178028.809571875,3649488.6437499984,4082265.8208582834,13.575579316511059,139.5776421782949,18.0
neglr_sym@k050,2025 EO,large_then_smr_2047,2228777.491678125,3225361.753125,3476552.7588572856,16.221922167641555,98.9048840320887,36.0
neglr_sym@k050,2025 EO,smr_then_large_2047,2172511.444659375,3745582.031249998,4198107.893463074,13.287870580297898,154.58213420038874,15.0
neglr_sym@k050,2025 EO,large_then_smr_2048,2238275.20660625,3248775.4,3499709.6236277446,16.71719039844008,106.80438998941761,39.0
neglr_sym@k050,2025 EO,smr_then_large_2048,2167485.097009375,3828262.46875,4316835.787986527,13.025766450322157,169.22158112251083,11.0
neglr_sym@k050,2025 EO,large_then_smr_2049,2248127.8025375,3284942.9312499994,3534976.788547904,17.23096426853098,114.4307549846778,42.0
neglr_sym@k050,2025 EO,smr_then_large_2049,2162661.460990625,3920475.4749999996,4437366.409181637,12.774232929354081,183.6486665523239,8.0
neglr_sym@k050,2025 EO,large_then_smr_2050,2257987.501775,3335609.3093749997,3585974.0611277446,17.745108547919894,121.97867929796168,45.0
neglr_sym@k050,2025 EO,smr_then_large_2050,2156655.912509375,4014933.9968749983,4565709.665731038,12.461067352813597,198.4814677348585,3.0
neglr_sym@k000,EIA 2026 AEO high,pure_large,167481.41504101563,206733.72031249997,216875.85087637225,8.493546380618795,74.62121436788712,20.0
neglr_sym@k000,EIA 2026 AEO high,pure_smr,165677.84355273438,221840.89765624996,235780.48654253993,7.325202616227486,71.8923925162097,1.0
neglr_sym@k000,EIA 2026 AEO high,const_0.1,168283.79992597655,204829.778125,214332.24781686626,9.013326928868269,67.85005842343855,39.0
neglr_sym@k000,EIA 2026 AEO high,const_0.2,168819.10159160156,203394.4521484375,212427.20821637975,9.360092425642257,60.8302430018051,44.0
neglr_sym@k000,EIA 2026 AEO high,const_0.3,168976.2297591797,202759.80722656247,211226.52837294163,9.461879194834914,54.1462154231195,46.0
neglr_sym@k000,EIA 2026 AEO high,const_0.4,168825.29545234374,202584.32890624998,211098.2334861527,9.364104774818692,46.667313577271756,45.0
neglr_sym@k000,EIA 2026 AEO high,const_0.5,168454.38057929688,203105.037109375,212212.3500265095,9.12382814488744,39.318620964610155,42.0
neglr_sym@k000,EIA 2026 AEO high,const_0.6,168062.9262839844,205222.62988281247,214834.06344342564,8.870246189337458,40.036845448799305,29.0
neglr_sym@k000,EIA 2026 AEO high,const_0.7,167528.8088955078,208156.59824218744,218681.15897112025,8.524247860835242,47.71428873011778,27.0
neglr_sym@k000,EIA 2026 AEO high,const_0.8,166854.1428810547,211780.49375,223407.3053268463,8.087202899681962,55.227799505407326,11.0
neglr_sym@k000,EIA 2026 AEO high,const_0.9,166323.20395703125,216678.633984375,229280.39409462325,7.743263563101207,63.28868654604255,7.0
neglr_sym@k000,EIA 2026 AEO high,large_then_smr_2032,165677.84355273438,221840.89765624996,235780.48654253993,7.325202616227486,71.8923925162097,2.0
neglr_sym@k000,EIA 2026 AEO high,smr_then_large_2032,167481.41504101563,206733.72031249997,216875.85087637225,8.493546380618795,74.62121436788712,21.0
neglr_sym@k000,EIA 2026 AEO high,large_then_smr_2033,165677.84355273438,221840.89765624996,235780.48654253993,7.325202616227486,71.8923925162097,3.0
neglr_sym@k000,EIA 2026 AEO high,smr_then_large_2033,167481.41504101563,206733.72031249997,216875.85087637225,8.493546380618795,74.62121436788712,22.0
neglr_sym@k000,EIA 2026 AEO high,large_then_smr_2034,165677.84355273438,221840.89765624996,235780.48654253993,7.325202616227486,71.8923925162097,4.0
neglr_sym@k000,EIA 2026 AEO high,smr_then_large_2034,167481.41504101563,206733.72031249997,216875.85087637225,8.493546380618795,74.62121436788712,23.0
neglr_sym@k000,EIA 2026 AEO high,large_then_smr_2035,165677.84355273438,221840.89765624996,235780.48654253993,7.325202616227486,71.8923925162097,5.0
neglr_sym@k000,EIA 2026 AEO high,smr_then_large_2035,167481.41504101563,206733.72031249997,216875.85087637225,8.493546380618795,74.62121436788712,24.0
neglr_sym@k000,EIA 2026 AEO high,large_then_smr_2036,165677.84355273438,221840.89765624996,235780.48654253993,7.325202616227486,71.8923925162097,6.0
neglr_sym@k000,EIA 2026 AEO high,smr_then_large_2036,167481.41504101563,206733.72031249997,216875.85087637225,8.493546380618795,74.62121436788712,25.0
neglr_sym@k000,EIA 2026 AEO high,large_then_smr_2037,166560.7650544922,211513.31933593747,223054.9998752495,7.897154345187668,55.65851455308426,9.0
neglr_sym@k000,EIA 2026 AEO high,smr_then_large_2037,169786.90344316408,204428.94902343748,213513.8839430514,9.987029181843122,65.47408975214815,48.0
neglr_sym@k000,EIA 2026 AEO high,large_then_smr_2038,167519.62084609375,204543.93242187495,214173.0628898453,8.51829589258248,41.24433700364951,26.0
neglr_sym@k000,EIA 2026 AEO high,smr_then_large_2038,170176.96571992186,203159.7578125,211581.77190930638,10.239709395372424,53.26388636247647,49.0
neglr_sym@k000,EIA 2026 AEO high,large_then_smr_2039,168405.55828300782,201492.76152343748,209845.11111371007,9.092201327872855,38.31020983053236,41.0
neglr_sym@k000,EIA 2026 AEO high,smr_then_large_2039,169504.14235410155,204113.3916015625,213022.12352638473,9.80385809194444,40.85879044252198,47.0
neglr_sym@k000,EIA 2026 AEO high,large_then_smr_2040,168721.60490390626,201881.9544921875,209644.18955838322,9.296934603588765,51.08217760961245,43.0
neglr_sym@k000,EIA 2026 AEO high,smr_then_large_2040,168385.12485195312,208263.3712890625,218599.86873908434,9.078964662781964,47.35445151483573,40.0
neglr_sym@k000,EIA 2026 AEO high,large_then_smr_2041,168194.43291660157,203902.497265625,212674.83336452095,8.955435468050668,62.45293290071763,38.0
neglr_sym@k000,EIA 2026 AEO high,smr_then_large_2041,167089.53339628907,215342.01132812497,227156.5655174027,8.239687590451288,60.342494199599486,19.0
neglr_sym@k000,EIA 2026 AEO high,large_then_smr_2042,168175.4362423828,203951.48378906245,212757.5306496382,8.943129526194822,62.73004978965234,37.0
neglr_sym@k000,EIA 2026 AEO high,smr_then_large_2042,167053.77264648437,215606.86699218745,227387.0077111402,8.21652197194615,60.65632788068164,18.0
neglr_sym@k000,EIA 2026 AEO high,large_then_smr_2043,168158.96155742186,204082.03789062498,212839.34749251496,8.932457315212618,63.00293070959637,36.0
neglr_sym@k000,EIA 2026 AEO high,smr_then_large_2043,167019.0757373047,215743.35820312498,227604.99857316617,8.194045503590372,60.954568944726404,17.0
neglr_sym@k000,EIA 2026 AEO high,large_then_smr_2044,168144.84337402345,204187.69804687495,212920.332779753,8.923311633078434,63.270975944509814,35.0
neglr_sym@k000,EIA 2026 AEO high,smr_then_large_2044,166985.42437226564,215828.10703124994,227811.47370883235,8.172246333021251,61.237984117303775,16.0
neglr_sym@k000,EIA 2026 AEO high,large_then_smr_2045,168132.9299171875,204242.30839843748,212999.305935005,8.915594160775811,63.533489621350604,34.0
neglr_sym@k000,EIA 2026 AEO high,smr_then_large_2045,166952.79931953124,215990.18378906246,228007.24815213322,8.151112001960458,61.50728445414038,15.0
neglr_sym@k000,EIA 2026 AEO high,large_then_smr_2046,168123.07807773436,204269.18046874998,213076.8832023453,8.90921219295938,63.79038570490625,33.0
neglr_sym@k000,EIA 2026 AEO high,smr_then_large_2046,166921.18219589844,216131.07226562497,228193.1571154566,8.13063060186936,61.76318607185772,14.0
neglr_sym@k000,EIA 2026 AEO high,large_then_smr_2047,168115.21884433593,204282.26542968748,213153.49163391965,8.904121024467516,64.04157815996429,32.0
neglr_sym@k000,EIA 2026 AEO high,smr_then_large_2047,166890.51147832032,216263.753125,228369.5117343438,8.110762278454049,62.006357008576174,13.0
neglr_sym@k000,EIA 2026 AEO high,large_then_smr_2048,168109.27638417968,204289.56484374998,213228.2672467565,8.900271531218255,64.28649257495907,31.0
neglr_sym@k000,EIA 2026 AEO high,smr_then_large_2048,166860.7361408203,216377.964453125,228537.46489053144,8.091473977365453,62.23741722391505,12.0
neglr_sym@k000,EIA 2026 AEO high,large_then_smr_2049,168105.13743652345,204261.22792968748,213301.4080043039,8.897590343521099,64.52719632543743,30.0
neglr_sym@k000,EIA 2026 AEO high,smr_then_large_2049,166831.83898378906,216482.530859375,228696.88447324102,8.072754556790517,62.45696643391425,10.0
neglr_sym@k000,EIA 2026 AEO high,large_then_smr_2050,167976.91670507813,204882.79785156247,214478.96884356288,8.814529653649258,68.17815370621216,28.0
neglr_sym@k000,EIA 2026 AEO high,smr_then_large_2050,166407.93062402343,218304.31113281244,231137.2448228543,7.798149035454909,65.72748875736143,8.0
neglr_sym@k000,Abou-Jaoude mod,pure_large,235990.32385859374,299030.079296875,315827.43371070357,11.293682163772194,93.79677136899818,28.0
neglr_sym@k000,Abou-Jaoude mod,pure_smr,227573.07586289063,317922.25351562497,344956.04632141965,7.324084987877993,86.33004922148056,1.0
neglr_sym@k000,Abou-Jaoude mod,const_0.1,236992.62352851563,294774.0349609375,310812.31483127497,11.766369429390679,85.26842725225325,36.0
neglr_sym@k000,Abou-Jaoude mod,const_0.2,236997.84469609376,291333.3376953125,306291.38135447854,11.768831746300384,76.58890498377188,37.0
neglr_sym@k000,Abou-Jaoude mod,const_0.3,236738.18297578124,288586.55839843745,303671.1564839072,11.646374568827826,67.58695382040948,34.0
neglr_sym@k000,Abou-Jaoude mod,const_0.4,236110.24969140624,288093.805078125,303198.0830370509,11.350239514522972,58.452952049050644,30.0
neglr_sym@k000,Abou-Jaoude mod,const_0.5,235161.25908515626,289424.47558593744,305197.80588042666,10.9026929491321,49.18679282220074,26.0
neglr_sym@k000,Abou-Jaoude mod,const_0.6,233938.69029570313,292985.780078125,309718.008147767,10.326126164308016,46.168800594779206,22.0
neglr_sym@k000,Abou-Jaoude mod,const_0.7,232583.82361015625,298175.93671875,316307.3678190494,9.687167329852201,55.98197662366364,18.0
neglr_sym@k000,Abou-Jaoude mod,const_0.8,230891.70325976564,303817.20195312495,324325.7084035055,8.88915874466941,65.71421567535295,14.0
neglr_sym@k000,Abou-Jaoude mod,const_0.9,229248.47606445313,310255.027734375,334037.73105351796,8.114208305143936,75.83959271480325,9.0
neglr_sym@k000,Abou-Jaoude mod,large_then_smr_2032,227631.499065625,316520.77597656247,342839.62719872757,7.351637530074618,84.42726850844639,2.0
neglr_sym@k000,Abou-Jaoude mod,smr_then_large_2032,236548.251478125,298907.8890625,315578.238031749,11.556802355071682,93.82660024198653,32.0
neglr_sym@k000,Abou-Jaoude mod,large_then_smr_2033,227751.7437296875,315143.4164062499,340880.53583458083,7.408345242514896,82.591672763167,3.0
neglr_sym@k000,Abou-Jaoude mod,smr_then_large_2033,236885.75361914063,298677.26328124997,315091.89901447104,11.715969287840894,93.10346929360279,35.0
neglr_sym@k000,Abou-Jaoude mod,large_then_smr_2034,227835.63627539063,313524.01054687484,338914.41728262225,7.447909196514077,80.81835436968134,4.0
neglr_sym@k000,Abou-Jaoude mod,smr_then_large_2034,237105.99559375,298138.540234375,314470.75117733283,11.8198360054271,92.21851228798157,40.0
neglr_sym@k000,Abou-Jaoude mod,large_then_smr_2035,227957.8815765625,312298.71269531245,337051.4701534431,7.505560414886868,79.10240202763202,5.0
neglr_sym@k000,Abou-Jaoude mod,smr_then_large_2035,237281.24721601562,297455.63515625,313891.2958691991,11.902485149799658,91.51832776017237,41.0
neglr_sym@k000,Abou-Jaoude mod,large_then_smr_2036,228152.185059375,311189.528515625,335340.4894118014,7.597194468800053,77.43878653597793,6.0
neglr_sym@k000,Abou-Jaoude mod,smr_then_large_2036,237332.55131601563,296752.44101562497,313137.3109016342,11.92668030367605,90.44854853738819,42.0
neglr_sym@k000,Abou-Jaoude mod,large_then_smr_2037,228579.54378867187,307807.0169921875,330968.22067583585,7.79873801435991,73.16158553095217,7.0
neglr_sym@k000,Abou-Jaoude mod,smr_then_large_2037,238082.679253125,295854.2912109375,312221.925445983,12.280442690412047,87.68289140616108,45.0
neglr_sym@k000,Abou-Jaoude mod,large_then_smr_2038,229028.69926640624,304679.9349609375,326935.42609312624,8.010560966096863,69.08323876665361,8.0
neglr_sym@k000,Abou-Jaoude mod,smr_then_large_2038,238302.52639296875,294815.8576171875,310841.9051038548,12.384123202842911,84.91389068523078,49.0
neglr_sym@k000,Abou-Jaoude mod,large_then_smr_2039,229537.8013453125,302170.30820312485,323313.8432743887,8.25065489890005,65.18909524092834,10.0
neglr_sym@k000,Abou-Jaoude mod,smr_then_large_2039,238168.24077890624,293415.19902343745,309312.0644648204,12.32079373998072,81.86826364285753,46.0
neglr_sym@k000,Abou-Jaoude mod,large_then_smr_2040,230054.87175703124,300077.7912109375,319982.2492281063,8.494506719250955,61.463417054694105,12.0
neglr_sym@k000,Abou-Jaoude mod,smr_then_large_2040,238215.67706835936,292764.1916015625,308314.07577813126,12.343164823824772,78.72491535563866,47.0
neglr_sym@k000,Abou-Jaoude mod,large_then_smr_2041,230587.64362851562,298014.94785156247,316933.8463541667,8.745763390970723,57.88732351876752,13.0
neglr_sym@k000,Abou-Jaoude mod,smr_then_large_2041,238272.69777851563,291896.37011718744,307641.8445296906,12.370055946685744,75.79106921464803,48.0
neglr_sym@k000,Abou-Jaoude mod,large_then_smr_2042,231399.69126757814,294844.44785156247,312965.8896347929,9.12872727849781,52.7456894380837,15.0
neglr_sym@k000,Abou-Jaoude mod,smr_then_large_2042,237803.21584296876,290668.0630859375,306443.064160741,12.148646981851682,71.10968992814716,44.0
neglr_sym@k000,Abou-Jaoude mod,large_then_smr_2043,232143.68860585938,292382.9142578125,309514.68443581584,9.47959845805931,47.88170778323107,17.0
neglr_sym@k000,Abou-Jaoude mod,smr_then_large_2043,237620.39457929687,290392.11230468744,306251.14572417666,12.06242797388901,66.54514100825007,43.0
neglr_sym@k000,Abou-Jaoude mod,large_then_smr_2044,232932.434046875,290407.30546874995,306675.2320047405,9.851572965256128,42.97393155096046,19.0
neglr_sym@k000,Abou-Jaoude mod,smr_then_large_2044,237064.3816234375,290211.9302734375,306337.3941647954,11.800210743213777,61.9241950331612,38.0
neglr_sym@k000,Abou-Jaoude mod,large_then_smr_2045,233548.44284296874,288645.58847656247,304186.34055326844,10.142084398274143,40.661049889291,20.0
neglr_sym@k000,Abou-Jaoude mod,smr_then_large_2045,236487.4290488281,290612.28125,306819.53266124,11.528118331066311,56.87845473672489,31.0
neglr_sym@k000,Abou-Jaoude mod,large_then_smr_2046,234229.5632488281,287222.45996093744,302307.07577813126,10.463302644537475,45.327249462759255,23.0
neglr_sym@k000,Abou-Jaoude mod,smr_then_large_2046,236027.47746757814,291911.896875,308255.4867374626,11.311203907384115,53.13228025350027,29.0
neglr_sym@k000,Abou-Jaoude mod,large_then_smr_2047,235041.2483203125,285846.7060546875,300427.7642449476,10.846095544203097,53.89263097398485,25.0
neglr_sym@k000,Abou-Jaoude mod,smr_then_large_2047,235033.51846953126,294635.64667968743,312184.51069735526,10.842450125433565,47.49362110288944,24.0
neglr_sym@k000,Abou-Jaoude mod,large_then_smr_2048,235911.99670273438,286553.53378906247,300904.2812733907,11.25674286284463,62.346795296471996,27.0
neglr_sym@k000,Abou-Jaoude mod,smr_then_large_2048,233709.5082890625,298874.41875,317243.721907747,10.218043303164945,55.841615859661125,21.0
neglr_sym@k000,Abou-Jaoude mod,large_then_smr_2049,236637.0198796875,289262.1150390625,303214.3387755739,11.59866577602958,70.68739546973484,33.0
neglr_sym@k000,Abou-Jaoude mod,smr_then_large_2049,232035.13209609376,302745.4798828125,322931.525184007,9.42840291115247,63.49683909411428,16.0
neglr_sym@k000,Abou-Jaoude mod,large_then_smr_2050,237101.98677890626,293018.15781249997,308368.58791791415,11.817945437382704,81.32816429500231,39.0
neglr_sym@k000,Abou-Jaoude mod,smr_then_large_2050,229922.82493398438,308953.68964843743,332014.28611526947,8.432233076354814,73.72838201488368,11.0
neglr_sym@k000,IAEA high,pure_large,592466.4415726563,777157.1937499999,820092.307010978,13.707759515600385,93.40665526515984,39.0
neglr_sym@k000,IAEA high,pure_smr,563947.0598835937,850912.91796875,933673.9522205589,8.234242760751664,112.43973594649337,1.0
neglr_sym@k000,IAEA high,const_0.1,593892.8146890625,762786.1601562499,802735.7808757485,13.981512896246421,84.61687746151006,44.0
neglr_sym@k000,IAEA high,const_0.2,592728.1250671875,749842.225,787893.9845933134,13.757982518588333,74.91194924648885,41.0
neglr_sym@k000,IAEA high,const_0.3,591112.0564609375,740975.7578125,780592.7106412175,13.44782226722893,66.15020115351166,36.0
neglr_sym@k000,IAEA high,const_0.4,588231.8512210938,738302.5265624999,781477.9268338323,12.895045499150054,56.76613770606792,30.0
neglr_sym@k000,IAEA high,const_0.5,585417.8042546875,746236.10390625,792556.5185254491,12.354966005580144,47.846990507610045,26.0
neglr_sym@k000,IAEA high,const_0.6,582134.5580523438,761488.59375,811108.2802208083,11.724836527502644,59.7276564162201,21.0
neglr_sym@k000,IAEA high,const_0.7,578380.8427828125,779810.9,835930.3554765469,11.004413355474675,72.02227559981094,16.0
neglr_sym@k000,IAEA high,const_0.8,574074.955275,800242.0921875,864996.7435753493,10.178015796247637,84.47709925898349,10.0
neglr_sym@k000,IAEA high,const_0.9,568996.2895726563,825900.43515625,897449.433507984,9.203304558916885,98.17987928763645,5.0
neglr_sym@k000,IAEA high,large_then_smr_2032,565854.6364414062,833200.3960937499,908602.2400199601,8.600350005438095,103.15498350026334,2.0
neglr_sym@k000,IAEA high,smr_then_large_2032,596081.5804101563,770280.5296874999,812674.6957959082,14.40158672454543,89.74193028040224,46.0
neglr_sym@k000,IAEA high,large_then_smr_2033,568153.3250171875,817055.88125,886509.9834393712,9.04152052487272,94.41849123517581,4.0
neglr_sym@k000,IAEA high,smr_then_large_2033,597420.1528210938,765049.3851562499,805274.5033370758,14.658489156678261,86.0340436795421,49.0
neglr_sym@k000,IAEA high,large_then_smr_2034,570717.2433242188,801839.4382812497,867064.1400636227,9.533594650623526,86.20205251181851,7.0
neglr_sym@k000,IAEA high,smr_then_large_2034,597367.1532609375,759444.44140625,798464.0547030938,14.64831733795941,81.6259271053328,48.0
neglr_sym@k000,IAEA high,large_then_smr_2035,572928.2579335937,787460.66484375,849343.0413236028,9.957938545648101,78.47902905909861,9.0
neglr_sym@k000,IAEA high,smr_then_large_2035,596277.887396875,753204.5703124999,792859.062250499,14.43926249159444,76.68876661038436,47.0
neglr_sym@k000,IAEA high,large_then_smr_2036,575044.7447992187,776512.61796875,833553.7629740519,10.364140420805114,71.44942232385449,12.0
neglr_sym@k000,IAEA high,smr_then_large_2036,595067.3053101562,748620.75,789654.7172218064,14.20692430814371,71.88784124498082,45.0
neglr_sym@k000,IAEA high,large_then_smr_2037,576664.28131875,766155.8749999998,819225.58875998,10.6749662434471,64.69273566652983,14.0
neglr_sym@k000,IAEA high,smr_then_large_2037,593637.6065625,747246.78984375,788747.7136664172,13.932532663366787,67.05231581519935,43.0
neglr_sym@k000,IAEA high,large_then_smr_2038,578268.6963835937,756677.43984375,806929.9796032935,10.982889915667592,58.33574602607772,15.0
neglr_sym@k000,IAEA high,smr_then_large_2038,592063.190059375,746247.5421874999,790772.3670783433,13.6303663961272,62.23825274117734,38.0
neglr_sym@k000,IAEA high,large_then_smr_2039,579958.7760921875,748851.21171875,796818.9767028443,11.30725457766745,52.35643027259772,18.0
neglr_sym@k000,IAEA high,smr_then_large_2039,590484.0090125,748017.9796875,795057.6050399202,13.327285704783714,57.513784581648245,34.0
neglr_sym@k000,IAEA high,large_then_smr_2040,581552.367428125,742322.88515625,788700.0423216068,11.613100930605068,46.730840051598406,20.0
neglr_sym@k000,IAEA high,smr_then_large_2040,588903.67769375,753399.4718749998,801068.571981038,13.023984250155484,52.875024901923744,32.0
neglr_sym@k000,IAEA high,large_then_smr_2041,583011.3373179687,738078.87109375,782129.564496008,11.893110372041948,49.43366495401738,22.0
neglr_sym@k000,IAEA high,smr_then_large_2041,587251.7545851562,758593.54921875,808407.9224363773,12.706942705875536,54.74452443687978,29.0
neglr_sym@k000,IAEA high,large_then_smr_2042,584470.436875,734796.084375,777244.9928892215,12.17314469955564,54.39287256920386,24.0
neglr_sym@k000,IAEA high,smr_then_large_2042,585237.4968546875,767433.78515625,817779.828125,12.3203609224236,60.802540492798165,25.0
neglr_sym@k000,IAEA high,large_then_smr_2043,585888.2789523437,735267.4976562499,774815.9761102794,12.445260780145382,59.2385459117826,27.0
neglr_sym@k000,IAEA high,smr_then_large_2043,583180.3346367187,775239.7671874999,828347.9460454092,11.925544793860336,66.57651994811997,23.0
neglr_sym@k000,IAEA high,large_then_smr_2044,587236.234446875,735630.73046875,774838.3259418663,12.703964039022019,63.955058275611,28.0
neglr_sym@k000,IAEA high,smr_then_large_2044,580882.5366601562,782323.42890625,839430.9824413672,11.484545200632978,72.19839166679404,19.0
neglr_sym@k000,IAEA high,large_then_smr_2045,588513.9285554688,738119.7546875,776915.6381611776,12.94918254295759,68.52943988443369,31.0
neglr_sym@k000,IAEA high,smr_then_large_2045,578822.276296875,792213.13359375,851241.604229042,11.089134467654308,77.69086850092636,17.0
neglr_sym@k000,IAEA high,large_then_smr_2046,589651.30135,743095.54375,780673.2414234031,13.167470201338466,72.95061619866426,33.0
neglr_sym@k000,IAEA high,smr_then_large_2046,576615.48000625,799128.1499999999,863061.9340381736,10.665600163756467,82.89579415000627,13.0
neglr_sym@k000,IAEA high,large_then_smr_2047,590732.6399328125,748696.4671875,785981.0072979042,13.375003622477063,77.20958484412503,35.0
neglr_sym@k000,IAEA high,smr_then_large_2047,574692.8698648438,808975.0,875283.3043912175,10.29660763310616,88.15604151755073,11.0
neglr_sym@k000,IAEA high,large_then_smr_2048,591751.4858828125,754355.05078125,792238.5122567365,13.570543288755083,81.06708118773217,37.0
neglr_sym@k000,IAEA high,smr_then_large_2048,572426.6224039062,817251.7437499999,887217.3299338822,9.86166330004469,93.3680443162174,8.0
neglr_sym@k000,IAEA high,large_then_smr_2049,592600.9118335937,759686.59921875,799019.0008420659,13.73356741123764,84.82200384421442,40.0
neglr_sym@k000,IAEA high,smr_then_large_2049,570136.1702609375,826682.8140624996,899009.5522392715,9.422073539039225,98.43080622357742,6.0
neglr_sym@k000,IAEA high,large_then_smr_2050,593358.2625546874,768087.3664062499,808497.3886913672,13.878920206974906,89.2784699450284,42.0
neglr_sym@k000,IAEA high,smr_then_large_2050,567141.990546875,838014.3453125,914315.4215007485,8.84742248206226,104.85259076704685,3.0
neglr_sym@k000,McKinsey GEP 2025,pure_large,763884.9569234375,1020679.021875,1083471.343999501,15.585007744635814,107.6696013327497,41.0
neglr_sym@k000,McKinsey GEP 2025,pure_smr,718186.17105625,1124588.8578124999,1251425.0824600798,8.670230237230685,121.96247011900591,1.0
neglr_sym@k000,McKinsey GEP 2025,const_0.1,764852.8041625,999355.4757812499,1056750.6463011478,15.731454705802866,97.28347521765215,44.0
neglr_sym@k000,McKinsey GEP 2025,const_0.2,762025.88810625,979323.1828125,1034581.9485404191,15.303708209038382,85.73735064518625,38.0
neglr_sym@k000,McKinsey GEP 2025,const_0.3,758619.76015625,964044.584375,1023091.2783183632,14.788319966461126,74.25554552020377,34.0
neglr_sym@k000,McKinsey GEP 2025,const_0.4,754040.904990625,963220.3171875,1025877.3179578343,14.095483951059169,62.95639060346721,29.0
neglr_sym@k000,McKinsey GEP 2025,const_0.5,749505.0588796875,975116.575,1044208.1744947605,13.40915572439436,53.12051316504472,25.0
neglr_sym@k000,McKinsey GEP 2025,const_0.6,744311.807653125,998847.0187499999,1072978.6391591816,12.623354174302795,62.371134462763955,21.0
neglr_sym@k000,McKinsey GEP 2025,const_0.7,738596.50305625,1021904.6593749999,1109134.7866142713,11.758559652424337,76.29711878438223,16.0
neglr_sym@k000,McKinsey GEP 2025,const_0.8,732667.97635,1054478.5062499999,1152016.5988647705,10.861502053573274,91.06725418429696,11.0
neglr_sym@k000,McKinsey GEP 2025,const_0.9,725753.679896875,1088498.5648437494,1199352.7706773952,9.815285601946957,106.34664214916603,5.0
neglr_sym@k000,McKinsey GEP 2025,large_then_smr_2032,720454.4763609375,1104723.67890625,1223261.1579341318,9.013452189480468,114.17439811030374,2.0
neglr_sym@k000,McKinsey GEP 2025,smr_then_large_2032,767574.431403125,1013641.82734375,1074211.2457272955,16.143269734799677,103.90638051637806,47.0
neglr_sym@k000,McKinsey GEP 2025,large_then_smr_2033,723124.7733375,1085512.38828125,1198061.6077844312,9.417500330393642,106.80251938435065,3.0
neglr_sym@k000,McKinsey GEP 2025,smr_then_large_2033,768713.4335578125,1007517.4812499996,1064767.7704278943,16.31561449912249,98.67871664596696,49.0
neglr_sym@k000,McKinsey GEP 2025,large_then_smr_2034,726072.2908234375,1068684.9117187494,1175452.6792976547,9.863495278129838,99.82168540363953,6.0
neglr_sym@k000,McKinsey GEP 2025,smr_then_large_2034,768329.7002265624,998158.1390624999,1055832.706025449,16.25755101762255,93.58873965896298,48.0
neglr_sym@k000,McKinsey GEP 2025,large_then_smr_2035,728669.9341546874,1053226.0710937497,1154424.8443737526,10.256550046179715,93.0402523492563,8.0
neglr_sym@k000,McKinsey GEP 2025,smr_then_large_2035,767571.5983609376,990687.0945312498,1048791.3351422155,16.142841061345365,89.20850844718674,46.0
neglr_sym@k000,McKinsey GEP 2025,large_then_smr_2036,730926.6008671875,1038132.7992187497,1134878.887724551,10.598010939050154,86.60837616419374,9.0
neglr_sym@k000,McKinsey GEP 2025,smr_then_large_2036,766022.719275,983372.7335937498,1042696.3654877745,15.908476973505977,85.9611104491992,45.0
neglr_sym@k000,McKinsey GEP 2025,large_then_smr_2037,732954.003125,1026347.0343749999,1116713.1473303393,10.904781354604019,80.35534610757558,12.0
neglr_sym@k000,McKinsey GEP 2025,smr_then_large_2037,764754.6405484375,976831.9867187499,1039185.2320983034,15.716601366973743,82.19801730237961,42.0
neglr_sym@k000,McKinsey GEP 2025,large_then_smr_2038,734996.5324890625,1013560.1617187497,1100160.1654503492,11.213840683792345,74.40493544588412,13.0
neglr_sym@k000,McKinsey GEP 2025,smr_then_large_2038,762975.8564,974146.775,1036903.0313123752,15.447449870128922,78.41722537284139,40.0
neglr_sym@k000,McKinsey GEP 2025,large_then_smr_2039,737041.6931875,1004639.5617187497,1085032.6600237025,11.523298165610013,68.72203032379778,15.0
neglr_sym@k000,McKinsey GEP 2025,smr_then_large_2039,761652.264225,974407.5593749998,1037227.8589383733,15.247174409260738,74.78295789681479,37.0
neglr_sym@k000,McKinsey GEP 2025,large_then_smr_2040,739294.40959375,994186.4984375,1071214.62434506,11.86416132949736,63.25021025630484,17.0
neglr_sym@k000,McKinsey GEP 2025,smr_then_large_2040,759118.454746875,973625.4773437498,1038377.8842627245,14.863778473134374,71.13801109918253,35.0
neglr_sym@k000,McKinsey GEP 2025,large_then_smr_2041,741604.5675671875,985494.67265625,1057862.5555763473,12.213716095343953,57.93329118349,19.0
neglr_sym@k000,McKinsey GEP 2025,smr_then_large_2041,757642.00835625,976807.2101562498,1042601.9550898203,14.640374325758245,67.61382078380214,32.0
neglr_sym@k000,McKinsey GEP 2025,large_then_smr_2042,744785.556321875,970259.9210937499,1039234.288984531,12.695038062105768,51.04988798501711,22.0
neglr_sym@k000,McKinsey GEP 2025,smr_then_large_2042,754104.4910171875,984405.15,1053910.203280938,14.105105283834561,60.90058454848374,30.0
neglr_sym@k000,McKinsey GEP 2025,large_then_smr_2043,747847.93336875,959975.5296875,1025597.1353542914,13.15841264681502,57.90110663511317,24.0
neglr_sym@k000,McKinsey GEP 2025,smr_then_large_2043,750525.75826875,993940.09921875,1069420.5494323852,13.563599853343948,57.03451645091468,26.0
neglr_sym@k000,McKinsey GEP 2025,large_then_smr_2044,750664.7457265625,955463.10625,1017140.3947105788,13.58463033213799,64.65520421984732,27.0
neglr_sym@k000,McKinsey GEP 2025,smr_then_large_2044,746687.70394375,1008868.3812499997,1087072.1375998005,12.982855940456654,65.13646641763549,23.0
neglr_sym@k000,McKinsey GEP 2025,large_then_smr_2045,753455.3185109375,954096.6710937498,1014235.6126185129,14.006877653505626,71.27269301961405,28.0
neglr_sym@k000,McKinsey GEP 2025,smr_then_large_2045,743084.8821390625,1022963.4484374999,1106922.6757422655,12.437705545200101,73.34935413235348,20.0
neglr_sym@k000,McKinsey GEP 2025,large_then_smr_2046,756043.6694984375,958892.1210937498,1016871.8006798902,14.398526377864535,77.72094637110622,31.0
neglr_sym@k000,McKinsey GEP 2025,smr_then_large_2046,739559.3512328125,1038100.0710937498,1128116.5514907686,11.904250195137879,81.28957041910941,18.0
neglr_sym@k000,McKinsey GEP 2025,large_then_smr_2047,758491.8861421875,969954.7570312499,1024469.504491018,14.768971085753646,83.9714655932003,33.0
neglr_sym@k000,McKinsey GEP 2025,smr_then_large_2047,735764.816846875,1053310.9234374997,1149841.934100549,11.330091373955813,89.12592988950615,14.0
neglr_sym@k000,McKinsey GEP 2025,large_then_smr_2048,760750.49690625,981415.7875,1034943.6489832834,15.110726137074087,90.00435551403186,36.0
neglr_sym@k000,McKinsey GEP 2025,smr_then_large_2048,732056.587434375,1068525.0531249999,1172136.1500436626,10.768991536240776,96.85778946728146,10.0
neglr_sym@k000,McKinsey GEP 2025,large_then_smr_2049,762953.8729109375,992582.82890625,1047604.5413547904,15.444123503075202,95.88012677278081,39.0
neglr_sym@k000,McKinsey GEP 2025,smr_then_large_2049,728425.0168453126,1085736.4124999999,1194616.8257859282,10.21949110314866,104.27550629093014,7.0
neglr_sym@k000,McKinsey GEP 2025,large_then_smr_2050,764785.7687703125,1004803.21953125,1064209.1380988024,15.72131144240315,102.25209993116124,43.0
neglr_sym@k000,McKinsey GEP 2025,smr_then_large_2050,723260.14823125,1102995.0499999998,1220372.2069610779,9.43798418467131,112.6325660294503,4.0
neglr_sym@k000,COP28 tripling pledge,pure_large,1476035.641484375,2083673.6375,2220476.539733034,19.973865541531733,135.20789371675855,46.0
neglr_sym@k000,COP28 tripling pledge,pure_smr,1351609.00133125,2300892.8921875,2628203.2311002994,9.860325884384102,168.50557289313468,1.0
neglr_sym@k000,COP28 tripling pledge,const_0.1,1469874.576325,2016723.4421875,2148513.0714196605,19.473087117048618,121.94262559147933,43.0
neglr_sym@k000,COP28 tripling pledge,const_0.2,1458137.92310625,1962451.0421874996,2093649.410242016,18.519118516562894,107.23478734239205,37.0
neglr_sym@k000,COP28 tripling pledge,const_0.3,1446219.936953125,1923279.1109375,2068746.781000499,17.550410967724215,92.95649199901207,32.0
neglr_sym@k000,COP28 tripling pledge,const_0.4,1432739.272715625,1921967.8171874997,2077165.4213448104,16.45468715646591,78.14924945083455,29.0
neglr_sym@k000,COP28 tripling pledge,const_0.5,1420047.603365625,1945905.2484374985,2120269.7003493016,15.423093752282789,65.83124447804357,25.0
neglr_sym@k000,COP28 tripling pledge,const_0.6,1406683.5420625,1998893.2093749996,2188575.280813373,14.336847560925573,84.47269639174395,21.0
neglr_sym@k000,COP28 tripling pledge,const_0.7,1394015.485653125,2064030.009374999,2278180.113772455,13.307173443569928,104.2264807612411,18.0
neglr_sym@k000,COP28 tripling pledge,const_0.8,1381434.617696875,2136571.1249999986,2383060.7595434133,12.284586103428877,124.99165656581577,11.0
neglr_sym@k000,COP28 tripling pledge,const_0.9,1367497.765640625,2212446.857812499,2500182.90625,11.151782824378477,146.44438956758336,5.0
neglr_sym@k000,COP28 tripling pledge,large_then_smr_2032,1356930.31625,2248086.585937499,2555537.474738024,10.292848448625325,157.1011146382817,2.0
neglr_sym@k000,COP28 tripling pledge,smr_then_large_2032,1481877.143559375,2059271.7265624998,2192940.4529690617,20.448669512933023,131.58721245658953,49.0
neglr_sym@k000,COP28 tripling pledge,large_then_smr_2033,1363727.6414,2208101.2312499997,2492241.5649326346,10.845342813035158,146.36645619069088,4.0
neglr_sym@k000,COP28 tripling pledge,smr_then_large_2033,1480046.72350625,2032231.825,2165936.6906811376,20.299890876993512,125.35424158910787,48.0
neglr_sym@k000,COP28 tripling pledge,large_then_smr_2034,1369108.351046875,2167564.8749999995,2433779.2046531937,11.282693048726632,136.0910793873725,6.0
neglr_sym@k000,COP28 tripling pledge,smr_then_large_2034,1476512.036203125,2009933.5453124996,2144240.3196731536,20.01258744927275,119.09993442132321,47.0
neglr_sym@k000,COP28 tripling pledge,large_then_smr_2035,1373768.9978625,2127467.8249999997,2380647.5174026946,11.661515753733974,126.30103737501805,8.0
neglr_sym@k000,COP28 tripling pledge,smr_then_large_2035,1471130.03493125,1989563.4609375,2125447.8370134733,19.575132228823644,112.28451303599846,44.0
neglr_sym@k000,COP28 tripling pledge,large_then_smr_2036,1377034.564984375,2088953.673437499,2333711.6793912174,11.92694478524617,117.26045577112848,9.0
neglr_sym@k000,COP28 tripling pledge,smr_then_large_2036,1466607.611159375,1974353.525,2114128.973241018,19.207544450941047,106.5794225582992,42.0
neglr_sym@k000,COP28 tripling pledge,large_then_smr_2037,1379266.742796875,2077334.6421875,2313334.9578343313,12.108378751483155,113.29693572559064,10.0
neglr_sym@k000,COP28 tripling pledge,smr_then_large_2037,1464105.806178125,1965656.6265624992,2109948.020459082,19.00419487997149,103.63511979798577,40.0
neglr_sym@k000,COP28 tripling pledge,large_then_smr_2038,1381675.421996875,2064492.9578124988,2293579.8151197606,12.304158952415753,109.41392211316041,12.0
neglr_sym@k000,COP28 tripling pledge,smr_then_large_2038,1462225.16878125,1960571.4859375,2107850.663797405,18.851334520882766,100.77109232752663,39.0
neglr_sym@k000,COP28 tripling pledge,large_then_smr_2039,1384322.388740625,2052269.1671874996,2274173.311938623,12.51930743750803,105.51266596397112,14.0
neglr_sym@k000,COP28 tripling pledge,smr_then_large_2039,1459468.0156,1953319.9374999998,2105444.3181761475,18.627229956095942,98.34473587717594,38.0
neglr_sym@k000,COP28 tripling pledge,large_then_smr_2040,1388186.436721875,2040070.3156249989,2255618.9776696605,12.83338167793918,101.57378934528326,15.0
neglr_sym@k000,COP28 tripling pledge,smr_then_large_2040,1456215.854146875,1949712.3781249996,2102285.2944111777,18.362890552675985,95.53907588822429,35.0
neglr_sym@k000,COP28 tripling pledge,large_then_smr_2041,1392614.622528125,2025383.9546874992,2235018.1818862273,13.193309686166469,97.58688065055614,17.0
neglr_sym@k000,COP28 tripling pledge,smr_then_large_2041,1453900.445978125,1947919.1562499998,2100317.0359281437,18.174691527866518,93.68988160128443,34.0
neglr_sym@k000,COP28 tripling pledge,large_then_smr_2042,1401589.873146875,1974665.3781249993,2164825.979728044,13.922828324247988,82.07504996547955,20.0
neglr_sym@k000,COP28 tripling pledge,smr_then_large_2042,1443058.91433125,1943949.371875,2109580.48502994,17.293479432772127,83.00318410873186,31.0
neglr_sym@k000,COP28 tripling pledge,large_then_smr_2043,1410682.803446875,1937962.0546875,2109468.340319361,14.661912101448408,67.83212207988755,22.0
neglr_sym@k000,COP28 tripling pledge,smr_then_large_2043,1432188.602603125,1963032.6359374998,2137032.5999251497,16.409928059748992,73.56764472591186,28.0
neglr_sym@k000,COP28 tripling pledge,large_then_smr_2044,1419851.899575,1910300.3515624998,2070931.9216566866,15.40718672429341,68.75986759767005,24.0
neglr_sym@k000,COP28 tripling pledge,smr_then_large_2044,1421537.625765625,1990376.5859374988,2178246.3837949103,15.544204477557484,76.34778497567966,26.0
neglr_sym@k000,COP28 tripling pledge,large_then_smr_2045,1429222.2857375,1897420.8499999994,2048543.4602669661,16.16882243141052,78.85782798389741,27.0
neglr_sym@k000,COP28 tripling pledge,smr_then_large_2045,1411225.737778125,2032839.9078125,2228197.7541791415,14.706042425015502,89.51454035441701,23.0
neglr_sym@k000,COP28 tripling pledge,large_then_smr_2046,1438554.34955625,1905771.0625,2044876.2486277446,16.927343254586425,88.80154977925577,30.0
neglr_sym@k000,COP28 tripling pledge,smr_then_large_2046,1401307.413475,2070546.2062499996,2285149.8607160677,13.899869678980886,102.69125267329574,19.0
neglr_sym@k000,COP28 tripling pledge,large_then_smr_2047,1447786.940340625,1925363.1921874997,2057847.4829091816,17.677778795730042,98.52595726782097,33.0
neglr_sym@k000,COP28 tripling pledge,smr_then_large_2047,1391830.9558125,2117517.0953125,2346734.1188872256,13.129612358996768,115.80657232808832,16.0
neglr_sym@k000,COP28 tripling pledge,large_then_smr_2048,1456821.339321875,1953903.7484374999,2084941.454466068,18.41210508038196,107.97160091285589,36.0
neglr_sym@k000,COP28 tripling pledge,smr_then_large_2048,1382568.092153125,2162206.0421874993,2410554.625748503,12.376716203940637,128.80873339020246,13.0
neglr_sym@k000,COP28 tripling pledge,large_then_smr_2049,1465792.756734375,1992514.1921874997,2121059.62381487,19.14131215107425,117.10715191341562,41.0
neglr_sym@k000,COP28 tripling pledge,smr_then_large_2049,1372615.27449375,2200551.3968749978,2475698.9811002994,11.567739798449226,141.48662840835442,7.0
neglr_sym@k000,COP28 tripling pledge,large_then_smr_2050,1474204.51918125,2038380.2421874998,2167156.875,19.825029825908846,126.42014981149535,45.0
neglr_sym@k000,COP28 tripling pledge,smr_then_large_2050,1362893.265515625,2245413.006249998,2548587.1511352295,10.77752378661759,154.75824408297376,3.0
neglr_sym@k000,2025 EO,pure_large,2307690.2848875,3382581.3062499976,3639327.7501247507,23.32005057860012,145.9096542538104,48.0
neglr_sym@k000,2025 EO,pure_smr,2060827.055953125,3693165.6562499995,4267739.532060878,10.1279918012379,174.98394345980446,1.0
neglr_sym@k000,2025 EO,const_0.1,2290143.784778125,3277625.55625,3500420.406811377,22.382387801607916,132.11182954554673,44.0
neglr_sym@k000,2025 EO,const_0.2,2261961.0754,3168465.1937499996,3392133.4986277446,20.876339451570427,116.93149465300529,38.0
neglr_sym@k000,2025 EO,const_0.3,2235701.003490625,3093475.4124999996,3338829.1168912174,19.47303441654504,101.72486456271344,34.0
neglr_sym@k000,2025 EO,const_0.4,2208090.21310625,3065560.8249999997,3344832.0522080837,17.9975486942995,86.48099101375081,29.0
neglr_sym@k000,2025 EO,const_0.5,2181677.033078125,3106791.396875,3412852.579528443,16.5860617550247,71.47492985719553,24.0
neglr_sym@k000,2025 EO,const_0.6,2155807.7581,3176741.84375,3524695.8124376247,15.203640413813565,85.59816640491316,21.0
neglr_sym@k000,2025 EO,const_0.7,2133781.52231875,3287110.5874999994,3675207.2459456087,14.026586227474889,106.46618964399244,17.0
neglr_sym@k000,2025 EO,const_0.8,2110877.420884375,3407074.1593749993,3851981.052020958,12.802620010759542,128.44797966689356,11.0
neglr_sym@k000,2025 EO,const_0.9,2087321.81496875,3544022.3499999987,4050911.73122505,11.54383821844201,151.43196307388953,5.0
neglr_sym@k000,2025 EO,large_then_smr_2032,2069471.858775,3615647.8406249997,4149487.256050399,10.589959132043568,163.72465573959923,2.0
neglr_sym@k000,2025 EO,smr_then_large_2032,2314259.2062375,3343328.6781249996,3589295.161427146,23.67108542865511,143.12176878633463,49.0
neglr_sym@k000,2025 EO,large_then_smr_2033,2079439.670790625,3543377.2343749977,4045502.241828842,11.122626401119831,152.8876208672022,4.0
neglr_sym@k000,2025 EO,smr_then_large_2033,2307688.741934375,3305183.9343749993,3538534.990768463,23.3199681251363,138.08056222145132,47.0
neglr_sym@k000,2025 EO,large_then_smr_2034,2087783.73775625,3481081.8156249984,3949398.702719561,11.56852278807033,142.4553710559711,6.0
neglr_sym@k000,2025 EO,smr_then_large_2034,2298706.983846875,3262639.334374996,3494429.990518962,22.839994331040593,132.4857570769253,45.0
neglr_sym@k000,2025 EO,large_then_smr_2035,2096071.958709375,3413654.818749999,3861396.0566367265,12.011434834734262,132.58759794696286,8.0
neglr_sym@k000,2025 EO,smr_then_large_2035,2288106.9504625,3227575.2749999994,3458058.139658184,22.273541951509213,126.90613521310209,43.0
neglr_sym@k000,2025 EO,large_then_smr_2036,2104206.487334375,3355752.2718749996,3780710.344061876,12.446133757738554,123.06825875261411,9.0
neglr_sym@k000,2025 EO,smr_then_large_2036,2277262.378484375,3192595.24375,3431259.598241018,21.69402173876505,120.77430417675725,41.0
neglr_sym@k000,2025 EO,large_then_smr_2037,2112243.549128125,3309593.39375,3706617.5093562873,12.875624176534897,114.03222950121845,12.0
neglr_sym@k000,2025 EO,smr_then_large_2037,2266111.420196875,3168215.165625,3412467.1664171657,21.09812862909613,115.1305658501861,39.0
neglr_sym@k000,2025 EO,large_then_smr_2038,2120486.26451875,3255242.009375,3639004.7093313374,13.31610446348399,105.42863985657155,14.0
neglr_sym@k000,2025 EO,smr_then_large_2038,2255112.06421875,3142576.2093749996,3401980.0520833335,20.510336955127837,109.08311791699943,37.0
neglr_sym@k000,2025 EO,large_then_smr_2039,2128961.184559375,3210915.003124999,3577297.30881986,13.768993473289056,97.18880434404653,15.0
neglr_sym@k000,2025 EO,smr_then_large_2039,2244107.697003125,3126706.853125,3399380.8028942114,19.922277486964617,103.83107550133589,35.0
neglr_sym@k000,2025 EO,large_then_smr_2040,2138010.918325,3173105.1062499993,3520049.6135229543,14.252599801663466,89.17911276539526,18.0
neglr_sym@k000,2025 EO,smr_then_large_2040,2234632.532803125,3121503.03125,3404222.0586327347,19.415936694165595,97.77972654046314,32.0
neglr_sym@k000,2025 EO,large_then_smr_2041,2151358.4484625,3132691.1718749995,3464802.144211577,14.96587493326811,80.83189545395322,20.0
neglr_sym@k000,2025 EO,smr_then_large_2041,2222638.889503125,3112204.615625,3412588.7803143715,18.775011563066474,93.02202582669712,31.0
neglr_sym@k000,2025 EO,large_then_smr_2042,2167396.723753125,3082355.3281249995,3386638.06618014,15.822940083208628,67.50806898899468,23.0
neglr_sym@k000,2025 EO,smr_then_large_2042,2202826.1993375,3140770.8874999993,3454518.482035928,17.71624645523394,82.65804733989336,28.0
neglr_sym@k000,2025 EO,large_then_smr_2043,2184021.174025,3048807.509375,3331419.2936626747,16.711329682885342,72.65037830138249,26.0
neglr_sym@k000,2025 EO,smr_then_large_2043,2183841.006628125,3174497.159375,3514928.6459580837,16.701701765031398,76.77497361695522,25.0
neglr_sym@k000,2025 EO,large_then_smr_2044,2201041.9787625,3030319.821875,3299316.1331087826,17.620899963985394,82.41525846524951,27.0
neglr_sym@k000,2025 EO,smr_then_large_2044,2165868.403625,3222092.131249999,3588267.49631986,15.741268588235961,89.28574308209535,22.0
neglr_sym@k000,2025 EO,large_then_smr_2045,2218318.34068125,3051240.2781249997,3294363.454715569,18.544126897680403,92.00652953740222,30.0
neglr_sym@k000,2025 EO,smr_then_large_2045,2148969.61240625,3282090.7374999993,3671829.2835578844,14.838218555282753,101.77890782383365,19.0
neglr_sym@k000,2025 EO,large_then_smr_2046,2235622.34199375,3085803.925,3314986.5228293412,19.468830845625348,101.46863584611002,33.0
neglr_sym@k000,2025 EO,smr_then_large_2046,2133197.164096875,3348063.5937499995,3761560.258982036,13.995358863062268,114.1850743042989,16.0
neglr_sym@k000,2025 EO,large_then_smr_2047,2252747.037475,3135669.095312499,3354425.412799401,20.383952916693833,110.76919017778394,36.0
neglr_sym@k000,2025 EO,smr_then_large_2047,2118385.259640625,3413627.31875,3855708.014034431,13.203829419673728,126.45328868926265,13.0
neglr_sym@k000,2025 EO,large_then_smr_2048,2269480.508471875,3192503.674999999,3409050.496506986,21.278168446049744,119.82120429091381,40.0
neglr_sym@k000,2025 EO,smr_then_large_2048,2104460.121784375,3480627.5624999986,3952952.917228044,12.459687662006951,138.55621372563368,10.0
neglr_sym@k000,2025 EO,large_then_smr_2049,2285868.566046875,3250046.6593749984,3474745.6807634733,22.15392551894158,128.56252893619956,42.0
neglr_sym@k000,2025 EO,smr_then_large_2049,2091151.98168125,3547633.053125,4051736.9471057886,11.748517484027685,150.48608409717048,7.0
neglr_sym@k000,2025 EO,large_then_smr_2050,2301429.760434375,3308127.978124999,3553002.322230539,22.985496068723343,137.3832702221698,46.0
neglr_sym@k000,2025 EO,smr_then_large_2050,2076805.7743125,3616693.3968749978,4156428.431511976,10.981874304086585,162.71407915388446,3.0
neglr_large@k100,EIA 2026 AEO high,pure_large,167091.0405015625,204974.226171875,214590.40150948105,12.151627014453187,41.62490343094091,42.0
neglr_large@k100,EIA 2026 AEO high,pure_smr,149220.22502480468,195056.953125,200763.60177301647,0.15672276478626476,9.488101270985647,1.0
neglr_large@k100,EIA 2026 AEO high,const_0.1,167047.97172910155,204636.36953124998,213295.63713198603,12.12271922328431,38.00991073017041,41.0
neglr_large@k100,EIA 2026 AEO high,const_0.2,166461.62669433595,204254.137890625,211933.67916510729,11.729164012643341,35.37679554175311,31.0
neglr_large@k100,EIA 2026 AEO high,const_0.3,165311.45442636719,203241.00683593747,210349.13058258482,10.95716755602667,31.31200134780308,28.0
neglr_large@k100,EIA 2026 AEO high,const_0.4,163699.94535957032,202002.7076171875,208590.9271846931,9.8755215069788,27.701738514620008,27.0
neglr_large@k100,EIA 2026 AEO high,const_0.5,161727.39892382812,200881.2251953125,206839.86873128742,8.551546915247306,23.270943286375843,24.0
neglr_large@k100,EIA 2026 AEO high,const_0.6,159596.90259492188,199736.9212890625,205362.57102981536,7.1215562411936535,19.481836923329446,23.0
neglr_large@k100,EIA 2026 AEO high,const_0.7,157215.47299316406,198442.01054687498,203925.67090818365,5.523138973243117,14.868482964350902,20.0
neglr_large@k100,EIA 2026 AEO high,const_0.8,154600.9452953125,197230.0841796875,202580.7528692615,3.768266094911477,9.684815520070641,19.0
neglr_large@k100,EIA 2026 AEO high,const_0.9,152010.79408476563,196184.3212890625,201634.71454746756,2.029754732457121,8.633093804468318,8.0
neglr_large@k100,EIA 2026 AEO high,large_then_smr_2032,149220.22502480468,195056.953125,200763.60177301647,0.15672276478626476,9.488101270985647,2.0
neglr_large@k100,EIA 2026 AEO high,smr_then_large_2032,167091.0405015625,204974.226171875,214590.40150948105,12.151627014453187,41.62490343094091,43.0
neglr_large@k100,EIA 2026 AEO high,large_then_smr_2033,149220.22502480468,195056.953125,200763.60177301647,0.15672276478626476,9.488101270985647,3.0
neglr_large@k100,EIA 2026 AEO high,smr_then_large_2033,167091.0405015625,204974.226171875,214590.40150948105,12.151627014453187,41.62490343094091,44.0
neglr_large@k100,EIA 2026 AEO high,large_then_smr_2034,149220.22502480468,195056.953125,200763.60177301647,0.15672276478626476,9.488101270985647,4.0
neglr_large@k100,EIA 2026 AEO high,smr_then_large_2034,167091.0405015625,204974.226171875,214590.40150948105,12.151627014453187,41.62490343094091,45.0
neglr_large@k100,EIA 2026 AEO high,large_then_smr_2035,149220.22502480468,195056.953125,200763.60177301647,0.15672276478626476,9.488101270985647,5.0
neglr_large@k100,EIA 2026 AEO high,smr_then_large_2035,167091.0405015625,204974.226171875,214590.40150948105,12.151627014453187,41.62490343094091,46.0
neglr_large@k100,EIA 2026 AEO high,large_then_smr_2036,149220.22502480468,195056.953125,200763.60177301647,0.15672276478626476,9.488101270985647,6.0
neglr_large@k100,EIA 2026 AEO high,smr_then_large_2036,167091.0405015625,204974.226171875,214590.40150948105,12.151627014453187,41.62490343094091,47.0
neglr_large@k100,EIA 2026 AEO high,large_then_smr_2037,154332.14405410158,196695.0615234375,201761.36979946357,3.5878465077521695,8.417534808551494,18.0
neglr_large@k100,EIA 2026 AEO high,smr_then_large_2037,168057.1152017578,205823.37968749995,213989.23998097554,12.800057050672818,38.66086793346216,49.0
neglr_large@k100,EIA 2026 AEO high,large_then_smr_2038,158912.2646564453,198501.5083984375,203675.44811158933,6.662026762620267,16.002120008685996,22.0
neglr_large@k100,EIA 2026 AEO high,smr_then_large_2038,166078.30948242187,204569.33339843748,211555.54895677394,11.47188122327437,32.45460521428285,30.0
neglr_large@k100,EIA 2026 AEO high,large_then_smr_2039,162826.01379765625,200901.1783203125,206318.67757453842,9.288938011695414,22.6755305647025,26.0
neglr_large@k100,EIA 2026 AEO high,smr_then_large_2039,162537.79633066407,202243.582421875,208410.33421438374,9.095486239774369,26.1400825380346,25.0
neglr_large@k100,EIA 2026 AEO high,large_then_smr_2040,165555.01065664063,202590.340234375,209147.3578701971,11.12064267361933,28.525383078653533,29.0
neglr_large@k100,EIA 2026 AEO high,smr_then_large_2040,158251.10500546874,199855.8763671875,205498.88401322355,6.218255927566809,18.011595338818964,21.0
neglr_large@k100,EIA 2026 AEO high,large_then_smr_2041,166622.64807539064,203793.08652343747,211588.3504397455,11.837241679855119,34.524158252785135,32.0
neglr_large@k100,EIA 2026 AEO high,smr_then_large_2041,153588.01188066407,197583.67499999996,203026.83018338322,3.088384455721699,9.6808800814627,17.0
neglr_large@k100,EIA 2026 AEO high,large_then_smr_2042,166644.79096113282,203811.83535156248,211651.61017028443,11.85210400075112,34.64161051349128,33.0
neglr_large@k100,EIA 2026 AEO high,smr_then_large_2042,153469.8988533203,197530.53007812498,202965.60526603044,3.009106906497985,9.470744439816714,16.0
neglr_large@k100,EIA 2026 AEO high,large_then_smr_2043,166668.1165589844,203800.58671874998,211715.4483299027,11.867760158868787,34.76015347537058,34.0
neglr_large@k100,EIA 2026 AEO high,smr_then_large_2043,153357.07776015624,197452.3693359375,202905.93350018712,2.93338130731614,9.262509659590286,15.0
neglr_large@k100,EIA 2026 AEO high,large_then_smr_2044,166692.52690039063,203805.76582031246,211779.82641747754,11.88414439764348,34.87919983779133,35.0
neglr_large@k100,EIA 2026 AEO high,smr_then_large_2044,153249.31282929686,197421.96367187498,202848.0654238398,2.861049407923449,9.056673897569231,14.0
neglr_large@k100,EIA 2026 AEO high,large_then_smr_2045,166717.93511503906,203864.680859375,211844.78936657935,11.90119840965873,34.998296015890666,36.0
neglr_large@k100,EIA 2026 AEO high,smr_then_large_2045,153146.37929375,197397.29921875,202791.66301771457,2.791960344552489,9.035827347021772,13.0
neglr_large@k100,EIA 2026 AEO high,large_then_smr_2046,166744.26023242186,203869.48105468747,211910.22649232784,11.918867847451247,35.116972693538784,37.0
neglr_large@k100,EIA 2026 AEO high,smr_then_large_2046,153048.0646439453,197357.48671875,202736.550282248,2.7259714806262467,9.050950338287997,12.0
neglr_large@k100,EIA 2026 AEO high,large_then_smr_2047,166771.5139748047,203935.27265625,211976.14296407186,11.937160579014172,35.23471073892732,38.0
neglr_large@k100,EIA 2026 AEO high,smr_then_large_2047,152954.13035253907,197313.9326171875,202682.676280252,2.6629227164193945,9.064494959106531,11.0
neglr_large@k100,EIA 2026 AEO high,large_then_smr_2048,166799.69047089844,203955.977734375,212042.31424650698,11.956072663534053,35.362676729691984,39.0
neglr_large@k100,EIA 2026 AEO high,smr_then_large_2048,152864.35729160157,197256.38613281248,202630.38475392965,2.6026669731073278,9.076613278390944,10.0
neglr_large@k100,EIA 2026 AEO high,large_then_smr_2049,166828.7321216797,203990.07675781247,212108.493684506,11.975565440504774,35.50502634217761,40.0
neglr_large@k100,EIA 2026 AEO high,smr_then_large_2049,152778.5605673828,197206.56640625,202579.41332179392,2.545080149871565,9.087564862045419,9.0
neglr_large@k100,EIA 2026 AEO high,large_then_smr_2050,167125.60734863282,204349.512109375,213055.41322823105,12.174828307161988,37.677663750932,48.0
neglr_large@k100,EIA 2026 AEO high,smr_then_large_2050,151500.39620859374,196362.952734375,201858.52710204592,1.6871753094936144,9.243910058334636,7.0
neglr_large@k100,Abou-Jaoude mod,pure_large,232715.54171914063,293158.655859375,310634.08900168416,16.839154486051793,52.431571688217545,42.0
neglr_large@k100,Abou-Jaoude mod,pure_smr,199327.43454335938,265937.9806640625,274662.6519539047,0.0760359444631999,8.864490931371703,1.0
neglr_large@k100,Abou-Jaoude mod,const_0.1,232612.36494921875,290891.2529296875,306980.86016248754,16.787352674831023,48.63330151623011,40.0
neglr_large@k100,Abou-Jaoude mod,const_0.2,231029.88909804687,288295.03476562497,302524.9362369012,15.992841319553076,43.228680670840916,37.0
neglr_large@k100,Abou-Jaoude mod,const_0.3,228813.55905976563,285918.3818359375,298201.68570671155,14.880091711934059,38.202586171314316,33.0
neglr_large@k100,Abou-Jaoude mod,const_0.4,225942.1225015625,283077.16367187497,293947.4957896707,13.438433724064495,33.66935824619194,30.0
neglr_large@k100,Abou-Jaoude mod,const_0.5,222498.24972148438,280397.02421875,289855.75474831584,11.709373512574713,28.546662619805648,25.0
neglr_large@k100,Abou-Jaoude mod,const_0.6,218565.11279257812,277643.08281249995,286093.58431574353,9.734669159541484,23.188936153666532,20.0
neglr_large@k100,Abou-Jaoude mod,const_0.7,214284.82814921875,274709.559375,282766.7916900574,7.585672857037087,18.292594994911347,17.0
neglr_large@k100,Abou-Jaoude mod,const_0.8,209477.9014109375,271500.92460937495,279567.5376980414,5.172266121809218,12.135969600166153,12.0
neglr_large@k100,Abou-Jaoude mod,const_0.9,204512.91399921876,268627.57734375,276908.68104416167,2.679502093529467,8.333812319330338,7.0
neglr_large@k100,Abou-Jaoude mod,large_then_smr_2032,200028.53375234376,266078.437890625,274648.4834705589,0.4280358074007452,8.560802217469455,2.0
neglr_large@k100,Abou-Jaoude mod,smr_then_large_2032,233095.3666734375,293392.61484374997,310876.993934007,17.029852649934245,52.41626055866189,45.0
neglr_large@k100,Abou-Jaoude mod,large_then_smr_2033,200766.4560859375,266237.223046875,274729.92295876995,0.7985234031004038,8.438670120383613,3.0
neglr_large@k100,Abou-Jaoude mod,smr_then_large_2033,233228.72088554688,293463.133984375,310776.1450536427,17.09680560578288,53.017875965378316,48.0
neglr_large@k100,Abou-Jaoude mod,large_then_smr_2034,201451.49219960938,266449.426171875,274782.0755208333,1.1424584910732998,8.183403564638052,4.0
neglr_large@k100,Abou-Jaoude mod,smr_then_large_2034,233240.89652421876,293481.55175781244,310509.41454590816,17.102918611030574,53.345944422012266,49.0
neglr_large@k100,Abou-Jaoude mod,large_then_smr_2035,202152.35103125,266549.26953125,274889.5167945359,1.4943376681065264,7.971652231459543,5.0
neglr_large@k100,Abou-Jaoude mod,smr_then_large_2035,233205.4850890625,293338.1625,310199.48756393464,17.085139643144593,52.970938439612254,47.0
neglr_large@k100,Abou-Jaoude mod,large_then_smr_2036,202906.27754375,266861.3521484375,275101.9584658807,1.8728604586962043,7.8853160529915955,6.0
neglr_large@k100,Abou-Jaoude mod,smr_then_large_2036,233040.05858359375,292834.79765624995,309688.5681683508,17.00208419748863,52.52537613635988,44.0
neglr_large@k100,Abou-Jaoude mod,large_then_smr_2037,204756.15129804687,267489.371875,275616.3924962575,2.8016238913458262,7.482296214491543,8.0
neglr_large@k100,Abou-Jaoude mod,smr_then_large_2037,233164.89629453124,292329.51484375,309206.81402039673,17.06476128594676,51.76103168343475,46.0
neglr_large@k100,Abou-Jaoude mod,large_then_smr_2038,206547.00927617188,268273.98906249995,276199.2457350923,3.7007573588529303,8.2797516960177,10.0
neglr_large@k100,Abou-Jaoude mod,smr_then_large_2038,232704.4990175781,291905.78046875,308037.15292072104,16.83361029289532,50.11975390535043,41.0
neglr_large@k100,Abou-Jaoude mod,large_then_smr_2039,208323.13880703124,268981.47812499997,276939.40239832836,4.592496136204425,10.245777610211094,11.0
neglr_large@k100,Abou-Jaoude mod,smr_then_large_2039,231867.01741953124,290548.05546875,306406.3392122006,16.413137121698536,48.944093715626224,39.0
neglr_large@k100,Abou-Jaoude mod,large_then_smr_2040,210041.8264515625,269891.73828125,277763.1141389097,5.455395149004389,12.05083760173499,13.0
neglr_large@k100,Abou-Jaoude mod,smr_then_large_2040,231188.3695988281,289956.10117187497,305082.2683851048,16.07240939471049,48.22898728225078,38.0
neglr_large@k100,Abou-Jaoude mod,large_then_smr_2041,211728.5380109375,270973.8984375,278652.93290762225,6.302239975110027,13.809675907416974,15.0
neglr_large@k100,Abou-Jaoude mod,smr_then_large_2041,230495.89970820313,289247.4267578125,303847.56658557884,15.724742041125143,46.34953681356847,35.0
neglr_large@k100,Abou-Jaoude mod,large_then_smr_2042,214165.22144765625,272658.19101562497,280160.5511632984,7.525622093868489,16.30922614250088,16.0
neglr_large@k100,Abou-Jaoude mod,smr_then_large_2042,228893.6749652344,287804.29375,301289.214009481,14.920315388387738,43.40808780667961,34.0
neglr_large@k100,Abou-Jaoude mod,large_then_smr_2043,216427.266584375,274153.411328125,281757.2440665544,8.661323814652041,18.77943674672111,19.0
neglr_large@k100,Abou-Jaoude mod,smr_then_large_2043,227529.75537109375,286441.945703125,299295.5416900574,14.235534256070084,41.47182122127801,31.0
neglr_large@k100,Abou-Jaoude mod,large_then_smr_2044,218633.7770800781,275987.40078125,283574.93969093065,9.769143338771721,20.58363773033603,21.0
neglr_large@k100,Abou-Jaoude mod,smr_then_large_2044,225806.5975953125,284710.21835937497,296863.6829933882,13.370390930957186,38.41363343180031,29.0
neglr_large@k100,Abou-Jaoude mod,large_then_smr_2045,220611.0690484375,277375.17070312495,285306.3261133982,10.761879449340519,22.63080459023281,23.0
neglr_large@k100,Abou-Jaoude mod,smr_then_large_2045,224049.95130039062,283159.95703125,294563.93929328845,12.488434073613153,36.3758509391283,27.0
neglr_large@k100,Abou-Jaoude mod,large_then_smr_2046,222588.72515390624,278850.119921875,287241.18226827594,11.754798381699654,24.391080459378905,26.0
neglr_large@k100,Abou-Jaoude mod,smr_then_large_2046,222424.71413984374,282147.55703125,292625.6465038673,11.672453609760916,33.2947484272568,24.0
neglr_large@k100,Abou-Jaoude mod,large_then_smr_2047,225585.7606675781,281046.166796875,290828.25195702346,13.259515654964995,27.941240513656975,28.0
neglr_large@k100,Abou-Jaoude mod,smr_then_large_2047,219091.00224882812,279640.418359375,289119.3392745759,9.998701716058642,28.56065778062404,22.0
neglr_large@k100,Abou-Jaoude mod,large_then_smr_2048,228373.9353734375,283870.76445312495,294992.9167056512,14.659370485396423,33.01020499921626,32.0
neglr_large@k100,Abou-Jaoude mod,smr_then_large_2048,215379.98856171875,276862.8265625,285595.0031811377,8.135518456853214,24.08149636243012,18.0
neglr_large@k100,Abou-Jaoude mod,large_then_smr_2049,230803.30435585938,286404.91562499997,299345.057432011,15.879080246695386,38.17552546097628,36.0
neglr_large@k100,Abou-Jaoude mod,smr_then_large_2049,211299.24646171875,273701.711328125,282105.25148920907,6.086706189664529,18.009016479864453,14.0
neglr_large@k100,Abou-Jaoude mod,large_then_smr_2050,232993.64414609375,290053.46875,305023.91702532436,16.978780968175354,45.09796817380561,43.0
neglr_large@k100,Abou-Jaoude mod,smr_then_large_2050,205890.38849140625,269992.40703125,278205.1078701971,3.371088713848662,9.895520077133858,9.0
neglr_large@k100,IAEA high,pure_large,581189.8522679687,761371.0609374999,808946.7663423154,21.75650143824278,55.832488485648945,46.0
neglr_large@k100,IAEA high,pure_smr,477515.4466242188,651187.69765625,675272.6158932135,0.03720804278252913,8.970124179645195,1.0
neglr_large@k100,IAEA high,const_0.1,579831.5664039062,750222.7046874999,793898.6595247006,21.471947029531222,50.259761534981735,45.0
neglr_large@k100,IAEA high,const_0.2,574009.3905765625,736597.3515625,776401.6119011976,20.252228968850364,44.165447110225664,40.0
neglr_large@k100,IAEA high,const_0.3,566521.141803125,723162.2531249999,759418.8689184132,18.683476574094875,39.67598071054078,35.0
neglr_large@k100,IAEA high,const_0.4,556823.2865710937,710457.1953125,741989.3086639221,16.651822167365378,34.093093241246635,30.0
neglr_large@k100,IAEA high,const_0.5,546433.5214359375,699497.1921875,726981.937000998,14.475215936741806,28.76487341021783,25.0
neglr_large@k100,IAEA high,const_0.6,534874.5653898438,690329.5289062499,713822.5212387724,12.05366978799401,23.425720546903598,20.0
neglr_large@k100,IAEA high,const_0.7,522238.47221875,680930.3046874999,702572.9708395709,9.406468550126082,18.124342292144405,15.0
neglr_large@k100,IAEA high,const_0.8,508449.2539859375,671064.7359374999,692543.7607909181,6.517693112901865,12.530106073468954,10.0
neglr_large@k100,IAEA high,const_0.9,493299.5692140625,660637.7335937499,683140.4796656687,3.3439064259566713,8.833094659425868,4.0
neglr_large@k100,IAEA high,large_then_smr_2032,486786.9658289063,654455.18828125,677444.1228480539,1.979547085653056,8.389707826444445,3.0
neglr_large@k100,IAEA high,smr_then_large_2032,583802.0248421875,760356.37578125,805761.8900948104,22.303739130966914,55.22900147030816,49.0
neglr_large@k100,IAEA high,large_then_smr_2033,495780.94196953124,658556.86328125,680642.7059630739,3.8637421806435026,8.349055931847822,6.0
neglr_large@k100,IAEA high,smr_then_large_2033,582643.4148710937,755495.5382812499,799663.6067240519,22.06101586926276,53.68603637199028,48.0
neglr_large@k100,IAEA high,large_then_smr_2034,504472.6877351563,663819.1265625,684700.8766529441,5.684621453885222,12.13257905555305,8.0
neglr_large@k100,IAEA high,smr_then_large_2034,579441.8945929687,749392.80859375,791892.0245446607,21.390312644099833,51.5980792544216,44.0
neglr_large@k100,IAEA high,large_then_smr_2035,512328.85368515627,668719.1796875,688926.4790419162,7.330450741952725,15.395794590086657,12.0
neglr_large@k100,IAEA high,smr_then_large_2035,574842.01165625,740822.1914062498,782789.8648016467,20.426659112960554,49.36073894482366,41.0
neglr_large@k100,IAEA high,large_then_smr_2036,519639.0980796875,673113.20546875,693609.4200349301,8.86191206851124,18.44969820352465,14.0
neglr_large@k100,IAEA high,smr_then_large_2036,569897.5498351563,733438.6328125,773813.9083083832,19.39081794938538,47.27614357101461,37.0
neglr_large@k100,IAEA high,large_then_smr_2037,526084.0242742187,677518.66875,698289.6099675648,10.21209336023828,21.069242919024102,17.0
neglr_large@k100,IAEA high,smr_then_large_2037,564624.1693523438,727070.1867187499,764773.5370508982,18.286069895312465,44.73014150113093,34.0
neglr_large@k100,IAEA high,large_then_smr_2038,532148.3849070312,682806.803125,703483.7977170659,11.48254798230318,23.51887391001099,19.0
neglr_large@k100,IAEA high,smr_then_large_2038,559156.2402851563,719764.21953125,756013.3567552395,17.140564840922313,42.42897716054459,32.0
neglr_large@k100,IAEA high,large_then_smr_2039,537966.241103125,686837.3875,709399.3299338822,12.701361100844304,25.812034878160844,22.0
neglr_large@k100,IAEA high,smr_then_large_2039,553668.042621875,713866.0726562499,747735.3317115769,15.990813612343452,39.78179544157632,29.0
neglr_large@k100,IAEA high,large_then_smr_2040,543379.9835796875,691668.74296875,715745.2886726547,13.835514322999911,27.982448008684578,24.0
neglr_large@k100,IAEA high,smr_then_large_2040,548200.3763046875,708121.33515625,740055.6817926647,14.845363602824829,37.09611570083892,26.0
neglr_large@k100,IAEA high,large_then_smr_2041,548415.1502585937,696137.4367187499,722533.1384730539,14.890357721572151,30.078352851519426,27.0
neglr_large@k100,IAEA high,smr_then_large_2041,542719.664171875,703566.67265625,732827.7548964571,13.697180557168856,34.39511662145008,23.0
neglr_large@k100,IAEA high,large_then_smr_2042,553516.0902445313,701486.30546875,730543.6655439122,15.9589803141907,31.947482381868614,28.0
neglr_large@k100,IAEA high,smr_then_large_2042,536452.695140625,697745.7046874999,725142.3821107785,12.384280442190597,31.25628560602244,21.0
neglr_large@k100,IAEA high,large_then_smr_2043,558259.6585125,707102.26796875,738951.2840568862,16.95273523676468,33.66042012523234,31.0
neglr_large@k100,IAEA high,smr_then_large_2043,530210.3723375,693398.7187499999,718144.1988834831,11.076543594427756,28.201154481474557,18.0
neglr_large@k100,IAEA high,large_then_smr_2044,562641.0434367188,713373.43203125,747576.2198103792,17.870614476647166,35.34045402412507,33.0
neglr_large@k100,IAEA high,smr_then_large_2044,523816.66987421876,687839.11328125,711401.0699538423,9.737093430030756,24.87285794457602,16.0
neglr_large@k100,IAEA high,large_then_smr_2045,566669.8691796875,719974.93828125,756255.9827532435,18.714634249969073,38.07710984623402,36.0
neglr_large@k100,IAEA high,smr_then_large_2045,517746.33776015625,682046.61015625,705576.7914483533,8.4653878111314,21.957270283000515,13.0
neglr_large@k100,IAEA high,large_then_smr_2046,570282.4882007813,726491.403125,764828.7138535429,19.471460700605068,40.765807627620276,38.0
neglr_large@k100,IAEA high,smr_then_large_2046,511628.7016648438,677137.31875,700074.1841941117,7.183772233827532,18.741128981190478,11.0
neglr_large@k100,IAEA high,large_then_smr_2047,573567.1939867188,733145.4828124999,773336.6640157186,20.159590892811703,43.402661886450666,39.0
neglr_large@k100,IAEA high,smr_then_large_2047,505860.28685546876,672359.4046874999,695277.1211015469,5.975316849939961,15.749363616816634,9.0
neglr_large@k100,IAEA high,large_then_smr_2048,576528.9674914062,739486.1289062495,781653.4743949601,20.780068312670306,46.00437332054562,42.0
neglr_large@k100,IAEA high,smr_then_large_2048,499891.36678203125,668386.7625,690445.2250810878,4.724856569757429,12.192609258871148,7.0
neglr_large@k100,IAEA high,large_then_smr_2049,579102.43649375,746534.31015625,789615.8435940619,21.319197791725067,48.47017799791643,43.0
neglr_large@k100,IAEA high,smr_then_large_2049,493973.5661546875,662554.4015624999,685908.0518338323,3.485105569662198,9.500477719740159,5.0
neglr_large@k100,IAEA high,large_then_smr_2050,581488.0781820313,754216.5125,799352.4877432635,21.8189783445287,51.741760248175055,47.0
neglr_large@k100,IAEA high,smr_then_large_2050,486333.15519375,657485.50390625,680500.4673777445,1.884475922527145,9.275535490511936,2.0
neglr_large@k100,McKinsey GEP 2025,pure_large,746800.4335015625,995380.2789062499,1068068.1103106288,24.594108407769212,71.00079069437511,46.0
neglr_large@k100,McKinsey GEP 2025,pure_smr,599494.8449609375,825894.8429687499,858597.6564059381,0.018053488188773656,6.891417322168313,1.0
neglr_large@k100,McKinsey GEP 2025,const_0.1,744188.2414203126,976603.2601562499,1043129.1915232036,24.15829754217134,63.53472081487261,44.0
neglr_large@k100,McKinsey GEP 2025,const_0.2,735069.7627796875,953235.5656249996,1014925.3282185629,22.6369959128498,55.08904534201283,39.0
neglr_large@k100,McKinsey GEP 2025,const_0.3,723683.79954375,932143.7195312498,987386.8460578843,20.73739345668398,48.00135445754528,34.0
neglr_large@k100,McKinsey GEP 2025,const_0.4,709885.8658265625,913303.5289062494,960393.878992016,18.435384550098522,41.494184108267945,30.0
neglr_large@k100,McKinsey GEP 2025,const_0.5,695067.20263125,898102.3070312499,936891.6472679641,15.963079974754267,35.42335565390501,25.0
neglr_large@k100,McKinsey GEP 2025,const_0.6,678705.99188125,882060.98125,916515.7201534432,13.233421053280713,28.685668402871887,21.0
neglr_large@k100,McKinsey GEP 2025,const_0.7,660980.7023796875,868047.5367187499,899400.8595933134,10.276183024692786,21.816763678111215,16.0
neglr_large@k100,McKinsey GEP 2025,const_0.8,642209.6545296875,854406.3179687498,884886.6268088822,7.144473580197089,14.890247975732562,10.0
neglr_large@k100,McKinsey GEP 2025,const_0.9,621642.5728875,840315.875,871133.3260042415,3.713118850335664,7.645083610000441,5.0
neglr_large@k100,McKinsey GEP 2025,large_then_smr_2032,609623.0496140625,828897.496875,861319.9641030439,1.7078149986511113,6.462955879079211,2.0
neglr_large@k100,McKinsey GEP 2025,smr_then_large_2032,749649.1729625,991583.546875,1062962.0717003492,25.069384180651834,69.72025507182136,49.0
neglr_large@k100,McKinsey GEP 2025,large_then_smr_2033,619492.250646875,834300.0281249998,865114.061501996,3.354365065065522,7.08623887928505,4.0
neglr_large@k100,McKinsey GEP 2025,smr_then_large_2033,748393.588784375,985846.6507812499,1054642.1015469062,24.859906006582115,67.20904469408485,48.0
neglr_large@k100,McKinsey GEP 2025,large_then_smr_2034,629084.315915625,839787.4796874996,869750.8575037426,4.954678570971562,10.32381680469009,7.0
neglr_large@k100,McKinsey GEP 2025,smr_then_large_2034,744966.88564375,977683.8640624994,1044588.9656000499,24.288204379974285,64.7143199191744,45.0
neglr_large@k100,McKinsey GEP 2025,large_then_smr_2035,637853.4724828125,845498.5234374999,874476.7076472056,6.417700276588414,13.153219650255942,9.0
neglr_large@k100,McKinsey GEP 2025,smr_then_large_2035,740767.1485828125,968741.61015625,1034325.7727981537,23.587531922941654,63.19857249121373,42.0
neglr_large@k100,McKinsey GEP 2025,large_then_smr_2036,645860.161953125,850452.9976562499,879157.9093999501,7.753514091229661,15.827122386053006,11.0
neglr_large@k100,McKinsey GEP 2025,smr_then_large_2036,735581.37321875,958988.7359374999,1023173.7563934631,22.72235157635447,60.82872276882973,40.0
neglr_large@k100,McKinsey GEP 2025,large_then_smr_2037,653288.349828125,855026.6375,883905.7999313872,8.992812307798104,18.361369334342008,13.0
neglr_large@k100,McKinsey GEP 2025,smr_then_large_2037,730539.26946875,950476.9640624999,1012642.3679515969,21.88114100248647,59.092703287169314,37.0
neglr_large@k100,McKinsey GEP 2025,large_then_smr_2038,660415.2031234375,861196.4414062499,889208.259137974,10.181836700725931,20.59513723529552,15.0
neglr_large@k100,McKinsey GEP 2025,smr_then_large_2038,724992.0964015624,941545.4984374996,1001780.3100985528,20.955666067704755,56.85349753556824,36.0
neglr_large@k100,McKinsey GEP 2025,large_then_smr_2039,667263.5600515625,866621.84453125,895004.0934693114,11.324397533902145,22.811178681597347,18.0
neglr_large@k100,McKinsey GEP 2025,smr_then_large_2039,719849.7715375,935063.1593749997,991893.6742764472,20.097734881756093,54.68987686523564,33.0
neglr_large@k100,McKinsey GEP 2025,large_then_smr_2040,674116.0059390625,872235.6562499999,901623.2903255988,12.467640557694205,24.878607267128878,19.0
neglr_large@k100,McKinsey GEP 2025,smr_then_large_2040,713582.363584375,926866.8890624999,980530.4351921157,19.05209796067664,52.07707304769244,31.0
neglr_large@k100,McKinsey GEP 2025,large_then_smr_2041,681033.0340140625,877812.8273437499,908597.2914171657,13.621658294126506,27.238014022257786,22.0
neglr_large@k100,McKinsey GEP 2025,smr_then_large_2041,708408.8687421875,920919.7937499998,971284.3619011976,18.188966462222314,49.84545578278122,28.0
neglr_large@k100,McKinsey GEP 2025,large_then_smr_2042,691317.486921875,886936.4273437499,921430.2034680638,15.337487829070001,30.18839470715827,24.0
neglr_large@k100,McKinsey GEP 2025,smr_then_large_2042,698034.6325375,909604.42578125,954677.1245633733,16.458157731603208,45.51718735047886,26.0
neglr_large@k100,McKinsey GEP 2025,large_then_smr_2043,700827.2324765625,895405.0953124999,935819.3456836328,16.92406734270998,32.89169207569834,27.0
neglr_large@k100,McKinsey GEP 2025,smr_then_large_2043,687577.8795484375,899280.64921875,939825.9698727545,14.713582130054911,41.14977734220663,23.0
neglr_large@k100,McKinsey GEP 2025,large_then_smr_2044,709492.6340953124,906132.3234374999,951273.5631237525,18.36977886114222,36.417609033834026,29.0
neglr_large@k100,McKinsey GEP 2025,smr_then_large_2044,676892.2085671875,887551.21484375,926086.4321045409,12.930814487024572,36.321516008632486,20.0
neglr_large@k100,McKinsey GEP 2025,large_then_smr_2045,717551.5149640625,916993.4601562499,967624.1463947105,19.714300143619802,41.251422918644664,32.0
neglr_large@k100,McKinsey GEP 2025,smr_then_large_2045,666495.319546875,878966.2289062499,914435.0668974551,11.196226423615729,31.503085036895317,17.0
neglr_large@k100,McKinsey GEP 2025,large_then_smr_2046,724852.567446875,929313.94921875,984346.6225673653,20.93238744476014,46.07209576552895,35.0
neglr_large@k100,McKinsey GEP 2025,smr_then_large_2046,656253.7453,871060.2218749999,904071.9174463573,9.487550645271137,26.78661767504728,14.0
neglr_large@k100,McKinsey GEP 2025,large_then_smr_2047,731464.646575,942092.8898437499,1001010.6673216068,22.03552834657729,50.84647128379354,38.0
neglr_large@k100,McKinsey GEP 2025,smr_then_large_2047,645866.2447359374,862122.19140625,894211.4412113273,7.754528925805491,22.188190253358513,12.0
neglr_large@k100,McKinsey GEP 2025,large_then_smr_2048,737344.491703125,955805.325,1017376.7283557884,23.016505363261054,55.55074649440541,41.0
neglr_large@k100,McKinsey GEP 2025,smr_then_large_2048,635663.1338625,852442.1367187498,885338.4583333334,6.0522702697666935,17.30178354169526,8.0
neglr_large@k100,McKinsey GEP 2025,large_then_smr_2049,742672.3827875,969070.64921875,1033520.893619012,23.905395901579165,60.213870261909705,43.0
neglr_large@k100,McKinsey GEP 2025,smr_then_large_2049,625676.386034375,845142.059375,877312.5474987525,4.386109022772913,12.578382007880537,6.0
neglr_large@k100,McKinsey GEP 2025,large_then_smr_2050,747130.2468078125,983620.50859375,1051388.3142153195,24.64913354298581,65.5358237848596,47.0
neglr_large@k100,McKinsey GEP 2025,smr_then_large_2050,613092.7742875,835535.7515624998,867445.2603542914,2.2866942182043215,7.332237753713833,3.0
neglr_large@k100,COP28 tripling pledge,pure_large,1419643.1905875,2023991.16875,2190809.533183633,32.363514558003175,94.44876155603387,48.0
neglr_large@k100,COP28 tripling pledge,pure_smr,1072546.476746875,1517181.4171874996,1583336.2659680638,0.0011989845626619532,4.651453851734901,1.0
neglr_large@k100,COP28 tripling pledge,const_0.1,1406261.327009375,1964146.8484374997,2115432.757297904,31.11582745868116,83.93391340229476,45.0
neglr_large@k100,COP28 tripling pledge,const_0.2,1380761.053203125,1894678.403125,2035820.6996007983,28.738254075759627,74.81229663635416,40.0
neglr_large@k100,COP28 tripling pledge,const_0.3,1351301.807184375,1831018.0546875,1958779.670970559,25.991557324685918,64.89888359349143,33.0
neglr_large@k100,COP28 tripling pledge,const_0.4,1317567.907121875,1763654.0453124999,1882211.3285928143,22.84630392465861,55.4948601783485,28.0
neglr_large@k100,COP28 tripling pledge,const_0.5,1282348.8161625,1713693.6765624997,1812365.4873378244,19.562575527390226,46.782845958137706,25.0
neglr_large@k100,COP28 tripling pledge,const_0.6,1244495.17453125,1672193.7031249998,1749748.540793413,16.033209079291467,37.38808798683758,21.0
neglr_large@k100,COP28 tripling pledge,const_0.7,1205445.19098125,1627940.603125,1697446.331524451,12.392299095444626,28.640189110536244,16.0
neglr_large@k100,COP28 tripling pledge,const_0.8,1164687.53930625,1591562.6796874998,1653987.9013847306,8.592170967051105,19.40057779135606,10.0
neglr_large@k100,COP28 tripling pledge,const_0.9,1120720.00105625,1554122.1749999998,1616324.2458832336,4.492762095991728,10.258748954994857,5.0
neglr_large@k100,COP28 tripling pledge,large_then_smr_2032,1096535.326753125,1527150.171875,1591236.6817614771,2.237851488575303,4.647301883975156,2.0
neglr_large@k100,COP28 tripling pledge,smr_then_large_2032,1424739.5636625,2010169.0015624994,2171754.209767964,32.83868596457796,93.04081909088873,49.0
neglr_large@k100,COP28 tripling pledge,large_then_smr_2033,1120011.2586875,1541016.9859375,1602963.3265968063,4.4266809627422585,8.899455897347588,4.0
neglr_large@k100,COP28 tripling pledge,smr_then_large_2033,1417216.01510625,1988690.8796875,2143308.1398453093,32.13721158322941,91.24028403635161,46.0
neglr_large@k100,COP28 tripling pledge,large_then_smr_2034,1140532.4396875,1555037.6156249999,1614879.8363273453,6.340017819531486,12.335166970443728,7.0
neglr_large@k100,COP28 tripling pledge,smr_then_large_2034,1406259.80035,1962337.0046875,2113568.1710953093,31.115685117280346,88.44321844624392,44.0
neglr_large@k100,COP28 tripling pledge,large_then_smr_2035,1158996.201825,1567787.05,1627638.8171157686,8.0615267625435,15.458230500738678,9.0
neglr_large@k100,COP28 tripling pledge,smr_then_large_2035,1392493.654009375,1934648.0031249996,2081528.0990518962,29.832168580416702,85.74034279421994,42.0
neglr_large@k100,COP28 tripling pledge,large_then_smr_2036,1174310.35548125,1582228.0453124996,1640780.9094311376,9.489375121808818,17.551233077933844,11.0
neglr_large@k100,COP28 tripling pledge,smr_then_large_2036,1379045.9761375,1905239.465625,2051359.3929640718,28.578345142550855,81.78905930351895,39.0
neglr_large@k100,COP28 tripling pledge,large_then_smr_2037,1181999.388528125,1589110.05625,1647847.2945359282,10.20627880886544,18.800331454406685,12.0
neglr_large@k100,COP28 tripling pledge,smr_then_large_2037,1372751.66358125,1892646.3656249999,2037420.362025948,27.991481248020403,80.02909990022548,38.0
neglr_large@k100,COP28 tripling pledge,large_then_smr_2038,1189760.5959375,1597394.4078125,1655392.3640843313,10.929911829281899,19.977517749280736,14.0
neglr_large@k100,COP28 tripling pledge,smr_then_large_2038,1367200.529728125,1880162.4281249996,2024538.2823727545,27.473909233127376,78.81820254080388,36.0
neglr_large@k100,COP28 tripling pledge,large_then_smr_2039,1197749.81700625,1604883.6312499999,1663403.3383233533,11.674804198189731,21.23880397216692,15.0
neglr_large@k100,COP28 tripling pledge,smr_then_large_2039,1360982.919915625,1867823.2968749998,2010497.1024201596,26.89419688541256,78.64299241500422,35.0
neglr_large@k100,COP28 tripling pledge,large_then_smr_2040,1207039.974509375,1613663.7093749999,1673049.4494136726,12.540992199557977,22.802318484023523,17.0
neglr_large@k100,COP28 tripling pledge,smr_then_large_2040,1354384.39309375,1854225.4624999997,1995353.5005613773,26.278968913454918,76.6472478615426,34.0
neglr_large@k100,COP28 tripling pledge,large_then_smr_2041,1217691.26970625,1622219.6078124999,1682825.8596556885,13.534088828486059,25.47358964882648,19.0
neglr_large@k100,COP28 tripling pledge,smr_then_large_2041,1348897.731003125,1842011.978125,1981592.6534431137,25.767408063290347,74.67980953038688,32.0
neglr_large@k100,COP28 tripling pledge,large_then_smr_2042,1246984.738159375,1650139.6171874998,1721306.123003992,16.265328948367884,29.651931873246195,22.0
neglr_large@k100,COP28 tripling pledge,smr_then_large_2042,1321716.492946875,1789413.7796874996,1923021.7684006987,23.23310632957507,67.67234561109267,29.0
neglr_large@k100,COP28 tripling pledge,large_then_smr_2043,1274384.699621875,1681153.5609375,1765879.945484032,18.820023833657658,34.73583429120505,24.0
neglr_large@k100,COP28 tripling pledge,smr_then_large_2043,1293880.3468875,1751139.4703125,1867413.384481038,20.63774282655005,60.47216920085297,26.0
neglr_large@k100,COP28 tripling pledge,large_then_smr_2044,1300019.44036875,1715316.6953124998,1815536.6808882235,21.21013453368182,41.99794349211222,27.0
neglr_large@k100,COP28 tripling pledge,smr_then_large_2044,1265952.32223125,1715364.6359374998,1816346.7023453093,18.033812823100373,53.197219493337236,23.0
neglr_large@k100,COP28 tripling pledge,large_then_smr_2045,1324123.617771875,1755892.6562499986,1869115.7529316368,23.45753983788849,49.36996183535841,30.0
neglr_large@k100,COP28 tripling pledge,smr_then_large_2045,1238274.701259375,1681586.1890625,1770355.2410803393,15.453229750725983,45.92819325982542,20.0
neglr_large@k100,COP28 tripling pledge,large_then_smr_2046,1346533.482290625,1803364.2374999996,1924013.0651197606,25.546972202398976,56.77149265680702,31.0
neglr_large@k100,COP28 tripling pledge,smr_then_large_2046,1211050.258459375,1651230.2781249997,1729793.839757984,12.914899728940682,38.75937076191036,18.0
neglr_large@k100,COP28 tripling pledge,large_then_smr_2047,1367205.528265625,1848223.371875,1978700.5965568863,27.47437528262174,64.1373864833999,37.0
neglr_large@k100,COP28 tripling pledge,smr_then_large_2047,1184377.12645,1622666.3624999998,1694026.9529066866,10.42797236547453,31.72988830201236,13.0
neglr_large@k100,COP28 tripling pledge,large_then_smr_2048,1386048.138215625,1893480.246875,2032823.668475549,29.23120692381424,71.41237115485464,41.0
neglr_large@k100,COP28 tripling pledge,smr_then_large_2048,1158101.03913125,1593718.746875,1662502.485778443,7.978064325621637,24.376884514275012,8.0
neglr_large@k100,COP28 tripling pledge,large_then_smr_2049,1403223.972978125,1940119.846875,2086246.2551771458,30.83263316225602,78.63666102837831,43.0
neglr_large@k100,COP28 tripling pledge,smr_then_large_2049,1131374.60885,1566965.0421874998,1633438.1426521956,5.486167582080253,17.324282149693794,6.0
neglr_large@k100,COP28 tripling pledge,large_then_smr_2050,1417788.46005625,1986884.4828124999,2141272.7405813374,32.190584730774766,86.62712735250028,47.0
neglr_large@k100,COP28 tripling pledge,smr_then_large_2050,1103546.5420875,1543347.2625,1607485.9796032934,2.8915573698374724,9.375140287843024,3.0
neglr_large@k100,2025 EO,pure_large,2190594.20539375,3238117.940624999,3544110.9905813374,38.14901221008651,121.1713821417205,48.0
neglr_large@k100,2025 EO,pure_smr,1585679.18526875,2270654.271875,2381720.776696607,0.0002705145462916405,1.167290820405376,1.0
neglr_large@k100,2025 EO,const_0.1,2162859.22445625,3123829.9749999996,3399309.2710828343,36.3999159097553,108.46790723427674,43.0
neglr_large@k100,2025 EO,const_0.2,2113109.668246875,2997599.5499999993,3243302.6674151695,33.2624785736696,95.17940146554834,39.0
neglr_large@k100,2025 EO,const_0.3,2059120.351771875,2872138.8812499987,3094477.830464072,29.857662326756195,83.49378968016558,34.0
neglr_large@k100,2025 EO,const_0.4,1999151.2672625,2742994.33125,2948594.3646457084,26.07573422354357,70.93183574312765,29.0
neglr_large@k100,2025 EO,const_0.5,1936596.3483625,2627010.9687499995,2811588.182010978,22.13073143222845,58.66662847922558,25.0
neglr_large@k100,2025 EO,const_0.6,1871242.348215625,2545131.7812499995,2689994.9159181635,18.00920561880388,46.34255432511293,21.0
neglr_large@k100,2025 EO,const_0.7,1806489.369375,2475857.0687499996,2591802.3602794413,13.925582991451474,35.33848199202961,16.0
neglr_large@k100,2025 EO,const_0.8,1737854.499178125,2401691.0875,2508685.4696856285,9.597150323493482,24.31442211289622,10.0
neglr_large@k100,2025 EO,const_0.9,1665291.30706875,2332225.271875,2440560.6326097804,5.020979489096962,12.775199099018042,5.0
neglr_large@k100,2025 EO,large_then_smr_2032,1623924.910528125,2288762.9437499996,2396427.311252495,2.4122230125632877,4.774098883769233,2.0
neglr_large@k100,2025 EO,smr_then_large_2032,2197768.648146875,3210695.4656249997,3504203.18250998,38.60146578503965,119.99266874027526,49.0
neglr_large@k100,2025 EO,large_then_smr_2033,1660015.58866875,2312880.4531249995,2416948.5162175647,4.688268262223442,8.670610089448314,4.0
neglr_large@k100,2025 EO,smr_then_large_2033,2183153.3630375,3169700.771875,3447953.8289046907,37.679758242831475,117.02243504829205,46.0
neglr_large@k100,2025 EO,large_then_smr_2034,1692137.05876875,2337559.978125,2438479.281811377,6.713996876918284,12.311957862146977,7.0
neglr_large@k100,2025 EO,smr_then_large_2034,2163375.211790625,3120844.1156249996,3389410.999500998,36.43245645988608,113.3843508701762,44.0
neglr_large@k100,2025 EO,large_then_smr_2035,1722302.95420625,2364379.459375,2462640.320484032,8.61639789982901,15.493138798668532,9.0
neglr_large@k100,2025 EO,smr_then_large_2035,2140644.96635,3071847.099999999,3329642.4592065867,34.99898195000956,109.67304471553261,42.0
neglr_large@k100,2025 EO,large_then_smr_2036,1750713.415790625,2388987.4749999996,2489498.7796906186,10.408093136970631,18.47809808166793,12.0
neglr_large@k100,2025 EO,smr_then_large_2036,2117017.956309375,3020923.9874999993,3270634.546656687,33.508953312778026,105.10092607427768,40.0
neglr_large@k100,2025 EO,large_then_smr_2037,1777666.809203125,2413544.859374999,2518816.5125998002,12.107898909522389,21.148664419856015,13.0
neglr_large@k100,2025 EO,smr_then_large_2037,2092764.45611875,2969330.4343749997,3212132.261227545,31.97941530627639,101.01686066010978,37.0
neglr_large@k100,2025 EO,large_then_smr_2038,1803661.249,2442273.7312499997,2550991.14496008,13.747228627482341,23.773059566083823,15.0
neglr_large@k100,2025 EO,smr_then_large_2038,2068642.435609375,2918160.290625,3155300.270583832,30.458169017175297,96.56877043761993,35.0
neglr_large@k100,2025 EO,large_then_smr_2039,1828966.369921875,2470927.6062499997,2585352.065743513,15.343086705900593,27.78127399697669,18.0
neglr_large@k100,2025 EO,smr_then_large_2039,2044595.756571875,2869164.421875,3099291.10990519,28.941674110092997,92.07024821913112,33.0
neglr_large@k100,2025 EO,large_then_smr_2040,1854318.733103125,2495420.8156249993,2622526.9998752493,16.94192409990872,31.97540689752761,19.0
neglr_large@k100,2025 EO,smr_then_large_2040,2022341.655628125,2819799.6062499997,3046328.8682634733,27.53822747655732,87.95631776129898,31.0
neglr_large@k100,2025 EO,large_then_smr_2041,1885246.459071875,2528133.5687499996,2666490.613148703,18.892369683105663,36.40788468264725,22.0
neglr_large@k100,2025 EO,smr_then_large_2041,1998130.4616875,2770621.74375,2990238.5768463076,26.01135749804253,83.8904031358435,28.0
neglr_large@k100,2025 EO,large_then_smr_2042,1927582.3717125,2577076.759375,2746656.8128742515,21.562268333396116,44.70141952698168,24.0
neglr_large@k100,2025 EO,smr_then_large_2042,1953172.67690625,2689905.4187499997,2894012.326971058,23.176111452293508,75.46960386893663,26.0
neglr_large@k100,2025 EO,large_then_smr_2043,1967876.459075,2644841.03125,2834663.647080838,24.103400028773596,53.24059898676332,27.0
neglr_large@k100,2025 EO,smr_then_large_2043,1908846.982790625,2625571.690625,2804776.076472056,20.38072797025816,67.03309362617577,23.0
neglr_large@k100,2025 EO,large_then_smr_2044,2006135.21783125,2722114.3,2926580.7241766467,26.516174479443666,61.90359008064571,30.0
neglr_large@k100,2025 EO,smr_then_large_2044,1865560.7367625,2569750.0874999994,2725130.75998004,17.650896896869845,58.663258463080275,20.0
neglr_large@k100,2025 EO,large_then_smr_2045,2042338.851371875,2804935.5906249997,3019306.0440369262,28.79934321956836,70.59842092940731,32.0
neglr_large@k100,2025 EO,smr_then_large_2045,1823526.68659375,2518530.94375,2655119.8950848305,15.000035091564259,50.41885096521955,17.0
neglr_large@k100,2025 EO,large_then_smr_2046,2076345.2100625,2883011.4718749993,3111536.421531936,30.94394163510525,79.2535565353627,36.0
neglr_large@k100,2025 EO,smr_then_large_2046,1782877.784659375,2470070.371875,2593634.6298652696,12.43652714662783,42.37217867199185,14.0
neglr_large@k100,2025 EO,large_then_smr_2047,2107983.851596875,2957409.0062499996,3202555.492015968,32.93922084513917,87.80639342899634,38.0
neglr_large@k100,2025 EO,smr_then_large_2047,1743547.067571875,2422404.021875,2540070.1201347304,9.956150040829796,34.555877529225334,11.0
neglr_large@k100,2025 EO,large_then_smr_2048,2137012.285059375,3031390.440624999,3291666.3572854293,34.769888249890094,96.22001909428397,41.0
neglr_large@k100,2025 EO,smr_then_large_2048,1705439.663234375,2381996.28125,2493656.428767465,7.552920700519494,26.46783483896715,8.0
neglr_large@k100,2025 EO,large_then_smr_2049,2163477.99376875,3108294.015625,3378759.1733408184,36.438938367268115,104.45795458452999,45.0
neglr_large@k100,2025 EO,smr_then_large_2049,1668269.1772,2343548.3812499996,2453379.9149201596,5.208777765979632,18.763615309192147,6.0
neglr_large@k100,2025 EO,large_then_smr_2050,2186115.025359375,3181030.5062499996,3466564.7118263473,37.866534380218965,112.8960847999642,47.0
neglr_large@k100,2025 EO,smr_then_large_2050,1628773.695471875,2304719.95,2415664.998752495,2.7180098391461684,10.333009492379428,3.0
neglr_large@k050,EIA 2026 AEO high,pure_large,167005.26300253905,205797.84101562496,215537.04353792415,11.280441831715251,63.61394870162861,30.0
neglr_large@k050,EIA 2026 AEO high,pure_smr,154252.42877363283,196243.1642578125,201501.51921937376,2.782859168241147,45.758404661553584,1.0
neglr_large@k050,EIA 2026 AEO high,const_0.1,167483.9375326172,204132.58906249996,212994.33182853044,11.599396529567334,57.81272486838082,47.0
neglr_large@k050,EIA 2026 AEO high,const_0.2,167418.50550214844,203034.28066406248,210478.41870945608,11.555797273294806,51.76466780407246,46.0
neglr_large@k050,EIA 2026 AEO high,const_0.3,166786.2594078125,201444.07265625,207959.2767277944,11.134513396013585,46.078219132762065,28.0
neglr_large@k050,EIA 2026 AEO high,const_0.4,165681.64651796874,199847.847265625,205613.28335516466,10.39847784704438,39.573974007020546,27.0
neglr_large@k050,EIA 2026 AEO high,const_0.5,164216.3202828125,198206.47285156246,203610.65768463074,9.4220885528141,33.17975905228273,24.0
neglr_large@k050,EIA 2026 AEO high,const_0.6,162599.22590878906,197108.64433593748,202201.8187999002,8.344571753704763,28.895099913197505,23.0
neglr_large@k050,EIA 2026 AEO high,const_0.7,160729.86832246094,196356.04472656248,201241.62298839822,7.098964672777619,33.2274588349765,20.0
neglr_large@k050,EIA 2026 AEO high,const_0.8,158619.16698066407,195715.0087890625,200718.65600829592,5.6925432602597414,37.477127895552925,19.0
neglr_large@k050,EIA 2026 AEO high,const_0.9,156542.32982050782,195860.04277343748,200968.07792228044,4.308686532396031,41.6519624885844,8.0
neglr_large@k050,EIA 2026 AEO high,large_then_smr_2032,154252.42877363283,196243.1642578125,201501.51921937376,2.782859168241147,45.758404661553584,2.0
neglr_large@k050,EIA 2026 AEO high,smr_then_large_2032,167005.26300253905,205797.84101562496,215537.04353792415,11.280441831715251,63.61394870162861,31.0
neglr_large@k050,EIA 2026 AEO high,large_then_smr_2033,154252.42877363283,196243.1642578125,201501.51921937376,2.782859168241147,45.758404661553584,3.0
neglr_large@k050,EIA 2026 AEO high,smr_then_large_2033,167005.26300253905,205797.84101562496,215537.04353792415,11.280441831715251,63.61394870162861,32.0
neglr_large@k050,EIA 2026 AEO high,large_then_smr_2034,154252.42877363283,196243.1642578125,201501.51921937376,2.782859168241147,45.758404661553584,4.0
neglr_large@k050,EIA 2026 AEO high,smr_then_large_2034,167005.26300253905,205797.84101562496,215537.04353792415,11.280441831715251,63.61394870162861,33.0
neglr_large@k050,EIA 2026 AEO high,large_then_smr_2035,154252.42877363283,196243.1642578125,201501.51921937376,2.782859168241147,45.758404661553584,5.0
neglr_large@k050,EIA 2026 AEO high,smr_then_large_2035,167005.26300253905,205797.84101562496,215537.04353792415,11.280441831715251,63.61394870162861,34.0
neglr_large@k050,EIA 2026 AEO high,large_then_smr_2036,154252.42877363283,196243.1642578125,201501.51921937376,2.782859168241147,45.758404661553584,6.0
neglr_large@k050,EIA 2026 AEO high,smr_then_large_2036,167005.26300253905,205797.84101562496,215537.04353792415,11.280441831715251,63.61394870162861,35.0
neglr_large@k050,EIA 2026 AEO high,large_then_smr_2037,158333.64629160156,195240.64453125,200228.2325037425,5.502292558816353,37.762634234289145,18.0
neglr_large@k050,EIA 2026 AEO high,smr_then_large_2037,169040.09029882812,204967.1927734375,213048.73736121508,12.636306171025556,55.446830222715484,49.0
neglr_large@k050,EIA 2026 AEO high,large_then_smr_2038,161959.297834375,196084.72499999998,200840.5541729042,7.91816915069079,29.946267671586043,22.0
neglr_large@k050,EIA 2026 AEO high,smr_then_large_2038,168014.3116330078,202523.5529296875,209068.72911988522,11.952800147911205,44.5843981197726,48.0
neglr_large@k050,EIA 2026 AEO high,large_then_smr_2039,164983.20846621093,198269.8884765625,203214.0609951971,9.933088352160556,34.339390067499394,25.0
neglr_large@k050,EIA 2026 AEO high,smr_then_large_2039,165367.0792373047,199843.651953125,205353.59087294163,10.188872560667473,33.87810823357187,26.0
neglr_large@k050,EIA 2026 AEO high,large_then_smr_2040,166878.2279794922,200861.61406249998,206695.02336732784,11.19579471797403,44.18482199076274,29.0
neglr_large@k050,EIA 2026 AEO high,smr_then_large_2040,161909.09940664063,197800.0591796875,202818.71781437125,7.884720484959497,34.50970218585592,21.0
neglr_large@k050,EIA 2026 AEO high,large_then_smr_2041,167150.3144296875,203054.66640625,210688.08891591817,11.37709379711561,53.75821470808795,36.0
neglr_large@k050,EIA 2026 AEO high,smr_then_large_2041,158026.76628808593,196889.38828125,201820.45163579093,5.297809527763507,40.90823786739018,17.0
neglr_large@k050,EIA 2026 AEO high,large_then_smr_2042,167154.2946591797,203142.71796875,210796.43184724302,11.379745939260827,53.995794816400704,37.0
neglr_large@k050,EIA 2026 AEO high,smr_then_large_2042,157926.232590625,196861.597265625,201805.82844467316,5.2308210145197105,41.04979112407566,16.0
neglr_large@k050,EIA 2026 AEO high,large_then_smr_2043,167160.4901548828,203191.330078125,210904.52272018464,11.383874177418205,54.22807552726914,38.0
neglr_large@k050,EIA 2026 AEO high,smr_then_large_2043,157830.00493945312,196818.45546875,201791.43479447355,5.166701744585854,41.18385859144393,15.0
neglr_large@k050,EIA 2026 AEO high,large_then_smr_2044,167168.74567167967,203191.35585937498,211011.97186876248,11.389375067271546,54.45490327269267,39.0
neglr_large@k050,EIA 2026 AEO high,smr_then_large_2044,157737.90302246093,196774.02773437498,201777.7783651447,5.105331570783112,41.31084891654742,14.0
neglr_large@k050,EIA 2026 AEO high,large_then_smr_2045,167178.92052753907,203277.2865234375,211118.58578156188,11.396154868310441,54.676254627044074,40.0
neglr_large@k050,EIA 2026 AEO high,smr_then_large_2045,157649.75338164062,196750.817578125,201764.18092720807,5.046594913018965,41.43112649803161,13.0
neglr_large@k050,EIA 2026 AEO high,large_then_smr_2046,167190.8829730469,203368.867578125,211224.2296188872,11.40412579208592,54.89201766788225,41.0
neglr_large@k050,EIA 2026 AEO high,smr_then_large_2046,157565.39243847656,196681.194921875,201750.4732877994,4.990382774192572,41.54505052884705,12.0
neglr_large@k050,EIA 2026 AEO high,large_then_smr_2047,167204.59967832032,203393.41464843747,211328.88540886977,11.413265629932113,55.10202321012178,42.0
neglr_large@k050,EIA 2026 AEO high,smr_then_large_2047,157484.62485136717,196623.6822265625,201736.74412892965,4.9365649925393305,41.65296458485948,11.0
neglr_large@k050,EIA 2026 AEO high,large_then_smr_2048,167220.02936308592,203445.00703125,211432.46556106536,11.423546875607682,55.30637276481392,43.0
neglr_large@k050,EIA 2026 AEO high,smr_then_large_2048,157407.26820820314,196546.41874999995,201723.08327095807,4.885020021589616,41.75518621345997,10.0
neglr_large@k050,EIA 2026 AEO high,large_then_smr_2049,167237.07074160155,203543.554296875,211535.1419114895,11.434902039490224,55.50513400599282,44.0
neglr_large@k050,EIA 2026 AEO high,smr_then_large_2049,157333.17820410157,196558.56953125,201709.51695047406,4.835651706822134,41.85198871363263,9.0
neglr_large@k050,EIA 2026 AEO high,large_then_smr_2050,167355.0901064453,204302.0126953125,213037.35481380988,11.513541759151698,58.46128938615452,45.0
neglr_large@k050,EIA 2026 AEO high,smr_then_large_2050,156228.90182070312,196383.62246093748,201554.9021956088,4.099840381839888,43.28779746226114,7.0
neglr_large@k050,Abou-Jaoude mod,pure_large,233265.87934335938,294388.61406249995,310791.2469514097,15.376080119718528,84.4174708790892,38.0
neglr_large@k050,Abou-Jaoude mod,pure_smr,206249.87875820312,267141.4271484375,275497.1404924526,2.0136447013810157,40.920170002249726,1.0
neglr_large@k050,Abou-Jaoude mod,const_0.1,233822.5931730469,290429.368359375,305562.53704310127,15.651437405570157,77.0522707456047,41.0
neglr_large@k050,Abou-Jaoude mod,const_0.2,232871.71189960936,285860.84453124995,299574.4882734531,15.181120210885299,69.48400730957441,36.0
neglr_large@k050,Abou-Jaoude mod,const_0.3,231274.62390546876,281877.47421874997,294022.47964227793,14.391181481359508,61.62172221515725,33.0
neglr_large@k050,Abou-Jaoude mod,const_0.4,229026.38499140626,278887.412890625,288955.8600455339,13.279175757216175,53.46449192919354,29.0
neglr_large@k050,Abou-Jaoude mod,const_0.5,226207.16459648436,275567.1390625,284730.2376808882,11.884755797146218,45.142534627199986,25.0
neglr_large@k050,Abou-Jaoude mod,const_0.6,222895.56474882812,272520.291796875,281238.7599488523,10.246799099736446,36.5597294416144,21.0
neglr_large@k050,Abou-Jaoude mod,const_0.7,219248.39061132813,270469.1169921875,278702.39448446856,8.442863364757534,30.34767831474875,17.0
neglr_large@k050,Abou-Jaoude mod,const_0.8,215080.25515351564,268828.97578125,276797.3372161926,6.381253960569698,33.60918397014805,12.0
neglr_large@k050,Abou-Jaoude mod,const_0.9,210771.50713984374,267852.240234375,275834.4968344561,4.2500959127639515,37.28548353138034,8.0
neglr_large@k050,Abou-Jaoude mod,large_then_smr_2032,206789.05450273436,266906.062890625,275123.9124563373,2.2803274415861456,40.04213340917693,2.0
neglr_large@k050,Abou-Jaoude mod,smr_then_large_2032,233812.35947382814,294324.65722656244,310766.1768494261,15.646375696140952,84.60436075887392,40.0
neglr_large@k050,Abou-Jaoude mod,large_then_smr_2033,207376.17337617188,266685.0515625,274866.4672451971,2.570723423939886,39.216695700496345,3.0
neglr_large@k050,Abou-Jaoude mod,smr_then_large_2033,234098.15020117187,294127.65019531245,310390.22985279444,15.787731191202232,84.03655016019289,43.0
neglr_large@k050,Abou-Jaoude mod,large_then_smr_2034,207917.88268164062,266469.8068359375,274608.63527632237,2.838659293537691,38.44137222423442,4.0
neglr_large@k050,Abou-Jaoude mod,smr_then_large_2034,234252.65060703125,293599.61328124994,309847.4149357535,15.864148930715354,83.29689477108806,44.0
neglr_large@k050,Abou-Jaoude mod,large_then_smr_2035,208485.9221,266372.52695312497,274419.4312156936,3.1196183503370767,37.713863807880614,5.0
neglr_large@k050,Abou-Jaoude mod,smr_then_large_2035,234347.9658515625,293157.41660156247,309264.7192801896,15.911292985047794,82.73534603636219,47.0
neglr_large@k050,Abou-Jaoude mod,large_then_smr_2036,209115.96771835937,266328.69492187497,274353.1770443488,3.431246411618634,37.03201811683263,6.0
neglr_large@k050,Abou-Jaoude mod,smr_then_large_2036,234304.51863046875,292745.533984375,308478.82577813126,15.889803472410959,81.80182210267594,46.0
neglr_large@k050,Abou-Jaoude mod,large_then_smr_2037,210644.3283,266153.6158203125,274193.4969981911,4.187191744967741,35.24293151834461,7.0
neglr_large@k050,Abou-Jaoude mod,smr_then_large_2037,234741.65662851563,291819.5875,307317.57002401445,16.106017128810276,79.39525505096842,49.0
neglr_large@k050,Abou-Jaoude mod,large_then_smr_2038,212132.33219765624,266458.06210937497,274171.03343313374,4.923176182116107,33.555943635946164,10.0
neglr_large@k050,Abou-Jaoude mod,smr_then_large_2038,234573.99315390625,290550.805859375,305518.25120852044,16.023088778834122,76.9319158269504,48.0
neglr_large@k050,Abou-Jaoude mod,large_then_smr_2039,213630.52907226564,266567.71269531245,274367.8276104042,5.6642021869764445,32.08722257582914,11.0
neglr_large@k050,Abou-Jaoude mod,smr_then_large_2039,234012.46169296876,288712.552734375,303321.7657185629,15.745348635229565,74.19405154101928,42.0
neglr_large@k050,Abou-Jaoude mod,large_then_smr_2040,215088.569278125,267062.987890625,274732.3716161427,6.385366225551429,30.816325023427186,13.0
neglr_large@k050,Abou-Jaoude mod,smr_then_large_2040,233589.10413945312,287399.177734375,301477.0965490893,15.535950950702341,71.4083123007701,39.0
neglr_large@k050,Abou-Jaoude mod,large_then_smr_2041,216528.99897539063,267477.178125,275221.34600330587,7.097819896985789,29.461445847903107,14.0
neglr_large@k050,Abou-Jaoude mod,smr_then_large_2041,233131.44646328126,286155.0828125,299814.8517028443,15.309588017288977,68.80482981788529,37.0
neglr_large@k050,Abou-Jaoude mod,large_then_smr_2042,218612.06854335938,268326.224609375,276228.51934412424,8.12813089680048,27.614323498262664,16.0
neglr_large@k050,Abou-Jaoude mod,smr_then_large_2042,231869.45778359374,283748.5199218749,296639.3091317365,14.685393396851241,64.63281900299343,34.0
neglr_large@k050,Abou-Jaoude mod,large_then_smr_2043,220544.29990703124,269362.039453125,277465.3755301896,9.083835525580282,29.84670408132558,19.0
neglr_large@k050,Abou-Jaoude mod,smr_then_large_2043,230833.1089296875,282036.1654296875,294254.16110747255,14.172802919680494,60.54135844115756,32.0
neglr_large@k050,Abou-Jaoude mod,large_then_smr_2044,222444.1122703125,270690.4326171875,278993.2976390968,10.023505330934562,34.00454310599495,20.0
neglr_large@k050,Abou-Jaoude mod,smr_then_large_2044,229407.67051679688,280239.8953125,291529.06121351046,13.467764115915665,56.393432907371846,30.0
neglr_large@k050,Abou-Jaoude mod,large_then_smr_2045,224135.37096132812,272213.1712890625,280552.04972866765,10.86002200790026,38.197213628160014,23.0
neglr_large@k050,Abou-Jaoude mod,smr_then_large_2045,227929.33779140626,278582.861328125,289111.7531421532,12.736563155670614,51.819140322090874,27.0
neglr_large@k050,Abou-Jaoude mod,large_then_smr_2046,225852.30853125,274117.58203124994,282444.68491142715,11.70923976398826,42.17273986521058,24.0
neglr_large@k050,Abou-Jaoude mod,smr_then_large_2046,226579.69651210937,277214.39921874995,287252.975813997,12.069014516275194,48.484973087047784,26.0
neglr_large@k050,Abou-Jaoude mod,large_then_smr_2047,228341.8552683594,277086.89999999997,286202.1969108658,12.940599209317666,49.975325689541215,28.0
neglr_large@k050,Abou-Jaoude mod,smr_then_large_2047,223746.62760351563,274923.170703125,284006.9667773827,10.667744916526075,40.3418972026069,22.0
neglr_large@k050,Abou-Jaoude mod,large_then_smr_2048,230658.2046027344,280163.848046875,290991.7592471307,14.086293157958657,57.6069149055759,31.0
neglr_large@k050,Abou-Jaoude mod,smr_then_large_2048,220523.682228125,272534.41328125,281175.9598381362,9.073637776213483,32.597111415944404,18.0
neglr_large@k050,Abou-Jaoude mod,large_then_smr_2049,232651.20046601564,283924.376953125,296380.71923340816,15.072052631429424,65.08948489760648,35.0
neglr_large@k050,Abou-Jaoude mod,smr_then_large_2049,216900.12285117188,270472.291015625,278770.6218734406,7.281382182850367,33.57777804648527,15.0
neglr_large@k050,Abou-Jaoude mod,large_then_smr_2050,234264.37793320313,288905.32617187494,303507.0425321233,15.86994940581186,74.08981787902707,45.0
neglr_large@k050,Abou-Jaoude mod,smr_then_large_2050,212087.26770195313,268532.31953125,276679.8148390719,4.9008867462096015,36.99653744121631,9.0
neglr_large@k050,IAEA high,pure_large,580260.782084375,765341.5851562499,810324.4153567865,19.822270187249757,93.74264184030856,44.0
neglr_large@k050,IAEA high,pure_smr,492219.279109375,654148.2734374999,678218.6540980539,1.6419397515663783,42.22343186063306,1.0
neglr_large@k050,IAEA high,const_0.1,580653.5959601563,748715.14921875,790466.0065805889,19.903385182111357,85.22146081128761,45.0
neglr_large@k050,IAEA high,const_0.2,576439.0340929688,731324.1914062497,768173.100237026,19.033089641963013,75.15828719468315,40.0
neglr_large@k050,IAEA high,const_0.3,570502.67759375,714042.7015624999,747023.6385354291,17.807248202494865,65.36511844446989,36.0
neglr_large@k050,IAEA high,const_0.4,562367.4704671875,697237.0187499999,727309.056761477,16.127350100736763,55.15886157553241,31.0
neglr_large@k050,IAEA high,const_0.5,553489.9372171875,685471.334375,711817.6625187126,14.294163677458691,45.22161903137096,25.0
neglr_large@k050,IAEA high,const_0.6,543451.0270195312,675595.76640625,699913.1428081337,12.221156079447018,36.55829044079353,20.0
neglr_large@k050,IAEA high,const_0.7,532322.7269898438,668845.8328125,691408.1826971058,9.923192449900702,32.520036187389266,15.0
neglr_large@k050,IAEA high,const_0.8,520058.9819382813,662993.296875,685434.1105913174,7.390762517625535,35.89920115061636,10.0
neglr_large@k050,IAEA high,const_0.9,506437.05878671876,657916.9039062499,680883.2683383233,4.577872508975704,39.21128515146512,4.0
neglr_large@k050,IAEA high,large_then_smr_2032,500235.6390789063,653992.228125,677235.7067739521,3.297296239277029,39.75692838802629,2.0
neglr_large@k050,IAEA high,smr_then_large_2032,584304.8134359375,760626.3859374998,804351.4250561377,20.657351640647327,89.71685163335184,48.0
neglr_large@k050,IAEA high,large_then_smr_2033,508068.061996875,654744.9914062499,677542.6489832834,4.914670227100995,37.40351443858446,6.0
neglr_large@k050,IAEA high,smr_then_large_2033,584396.2623617188,752489.9406249999,795025.029253992,20.676235594606673,84.38353358829376,49.0
neglr_large@k050,IAEA high,large_then_smr_2034,515679.59635390626,656640.8390625,678926.6360092316,6.48643132905173,35.15738550297307,8.0
neglr_large@k050,IAEA high,smr_then_large_2034,582310.3224234375,743167.0664062499,784157.2989333832,20.245494681906546,78.58289607771101,47.0
neglr_large@k050,IAEA high,large_then_smr_2035,522540.12635546876,657486.0671875,680858.4227170659,7.903112078217754,32.822988661934495,11.0
neglr_large@k050,IAEA high,smr_then_large_2035,578749.0968984375,733471.9609375,772289.270365519,19.510111315962934,72.74711853868918,42.0
neglr_large@k050,IAEA high,large_then_smr_2036,528929.4606921875,660859.78046875,683468.9085890718,9.222492206684999,30.595228304222626,13.0
neglr_large@k050,IAEA high,smr_then_large_2036,574752.7661296875,724316.734375,761014.1482347804,18.68487990292363,67.70187709808926,38.0
neglr_large@k050,IAEA high,large_then_smr_2037,534488.1833945313,664076.7007812499,686224.453125,10.370353296217292,30.332542798267937,16.0
neglr_large@k050,IAEA high,smr_then_large_2037,570358.8374515625,715787.72265625,750167.6654815369,17.777545605122953,63.3374410399821,35.0
neglr_large@k050,IAEA high,large_then_smr_2038,539727.0249296875,667987.8195312499,690054.031000499,11.452159796458076,35.298853882086576,18.0
neglr_large@k050,IAEA high,smr_then_large_2038,565709.5930320312,706481.9640624998,740277.8888473054,16.8174893025024,59.01851181881413,32.0
neglr_large@k050,IAEA high,large_then_smr_2039,544769.88808125,672647.84453125,695144.1256237525,12.49349729456248,40.22102939993166,21.0
neglr_large@k050,IAEA high,smr_then_large_2039,560989.0638984375,698828.90703125,731440.9881487025,15.84271290069138,54.81841532626712,29.0
neglr_large@k050,IAEA high,large_then_smr_2040,549471.1126679687,678560.26015625,701155.3348927146,13.464287360052115,45.09330678722765,23.0
neglr_large@k050,IAEA high,smr_then_large_2040,556243.727034375,692674.3140625,723886.5545471557,14.862813770144014,50.647186507436416,27.0
neglr_large@k050,IAEA high,large_then_smr_2041,553833.986475,683359.7015624997,708061.2052145709,14.365208911601945,49.92037417741701,26.0
neglr_large@k050,IAEA high,smr_then_large_2041,551432.9664039062,687582.9601562498,717228.9102732036,13.869404810125083,46.52778527806644,24.0
neglr_large@k050,IAEA high,large_then_smr_2042,558210.3272828124,690476.2796875,716485.674869012,15.268911362113146,54.83590629074864,28.0
neglr_large@k050,IAEA high,smr_then_large_2042,545881.8396109375,683484.0375,710449.7871756487,12.723112255178531,41.91366174949875,22.0
neglr_large@k050,IAEA high,large_then_smr_2043,562273.1668210938,697224.2578124998,725679.734874002,16.107876654812507,59.63068266958751,30.0
neglr_large@k050,IAEA high,smr_then_large_2043,540309.3915703126,678539.6015625,704523.576877495,11.57241692069513,37.46332927810494,19.0
neglr_large@k050,IAEA high,large_then_smr_2044,566006.2448632813,705002.53984375,735504.1349176647,16.87874709722686,64.28979033886749,33.0
neglr_large@k050,IAEA high,smr_then_large_2044,534550.2795421875,674556.55078125,699334.6821669162,10.383175981485332,33.68782344779379,17.0
neglr_large@k050,IAEA high,large_then_smr_2045,569416.0883390625,713562.9687499999,745736.5839258982,17.582870482549634,68.8006749095833,34.0
neglr_large@k050,IAEA high,smr_then_large_2045,529073.3804054687,671219.6085937499,695289.5661801397,9.252211235270924,35.018432196136516,14.0
neglr_large@k050,IAEA high,large_then_smr_2046,572442.6453773438,722218.85859375,756087.8473989521,18.207846263051934,73.15237589356971,37.0
neglr_large@k050,IAEA high,smr_then_large_2046,523510.3077921875,668224.7328125,691608.3349862774,8.103451900984313,36.30459401933349,12.0
neglr_large@k050,IAEA high,large_then_smr_2047,575171.6593765625,730208.6945312499,766479.5270708583,18.7713802168452,77.3380853337974,39.0
neglr_large@k050,IAEA high,smr_then_large_2047,518292.43756640627,665282.35078125,688818.0054266467,7.025975918978941,37.665585292494555,9.0
neglr_large@k050,IAEA high,large_then_smr_2048,577608.5328390625,738436.53515625,776680.6080963074,19.27458794594062,81.37597176393088,41.0
neglr_large@k050,IAEA high,smr_then_large_2048,512822.29246328125,662855.7109375,685983.5795596307,5.8964058622957065,38.68646910098183,7.0
neglr_large@k050,IAEA high,large_then_smr_2049,579673.7366460938,746143.9429687499,786562.4544660678,19.701046904047242,85.21637581589509,43.0
neglr_large@k050,IAEA high,smr_then_large_2049,507377.6653390625,660630.8101562499,683457.9574288923,4.772105198715612,39.779042955551894,5.0
neglr_large@k050,IAEA high,large_then_smr_2050,581415.486934375,755726.8664062499,798618.0259169162,20.06071359199998,89.82216847003163,46.0
neglr_large@k050,IAEA high,smr_then_large_2050,500337.8854890625,657306.9,680637.5762537426,3.3184098443347585,40.93205275472688,3.0
neglr_large@k050,McKinsey GEP 2025,pure_large,744898.3180703125,1000998.5539062496,1068715.2325973054,22.855419702961843,102.26802099538872,45.0
neglr_large@k050,McKinsey GEP 2025,pure_smr,615082.6988796875,832523.003125,862999.2010354291,1.445044631932773,44.600960837811044,1.0
neglr_large@k050,McKinsey GEP 2025,const_0.1,744239.9799328125,975786.7078125,1038327.5549525948,22.746840577157734,93.40415572812019,44.0
neglr_large@k050,McKinsey GEP 2025,const_0.2,736893.5967265625,948552.8773437499,1004017.7094560878,21.535208103022594,83.40130546089763,39.0
neglr_large@k050,McKinsey GEP 2025,const_0.3,727249.290603125,921093.2390625,971422.1452095809,19.944581237857733,73.58625791430066,35.0
neglr_large@k050,McKinsey GEP 2025,const_0.4,715153.95478125,898293.4578124998,940818.4049713074,17.949708215867023,63.17957871117453,29.0
neglr_large@k050,McKinsey GEP 2025,const_0.5,702029.3764734375,879753.47734375,916350.4950411677,15.785083142464059,53.05277390662707,25.0
neglr_large@k050,McKinsey GEP 2025,const_0.6,687331.6694390625,866338.66796875,897598.434006986,13.36100334180478,42.63484859953241,21.0
neglr_large@k050,McKinsey GEP 2025,const_0.7,671290.629246875,853619.5484374998,883324.8330838323,10.715368793470018,33.66575855746032,16.0
neglr_large@k050,McKinsey GEP 2025,const_0.8,654229.5682515625,845603.7960937499,874086.935503992,7.901503117699895,37.529369945529524,10.0
neglr_large@k050,McKinsey GEP 2025,const_0.9,635408.4723671875,839123.796875,867408.0347118264,4.797356446870228,41.164332887056325,5.0
neglr_large@k050,McKinsey GEP 2025,large_then_smr_2032,623966.3714,833380.80078125,861895.3035491518,2.910220870770301,42.41554184109401,2.0
neglr_large@k050,McKinsey GEP 2025,smr_then_large_2032,749146.6570171874,995182.4632812499,1061432.6448353294,23.556094481918052,101.01852575792736,49.0
neglr_large@k050,McKinsey GEP 2025,large_then_smr_2033,632702.635109375,833783.809375,862015.8986090319,4.3510851050075825,40.34059700364063,4.0
neglr_large@k050,McKinsey GEP 2025,smr_then_large_2033,749083.522684375,986827.29765625,1050294.4166042914,23.545681792337223,98.04943834445426,48.0
neglr_large@k050,McKinsey GEP 2025,large_then_smr_2034,641255.0378078124,834919.6671875,863331.126996008,5.761625305591179,38.54865764091665,7.0
neglr_large@k050,McKinsey GEP 2025,smr_then_large_2034,746716.3307046875,974654.9921875,1037344.5822105788,23.155262916193994,94.8069500001314,47.0
neglr_large@k050,McKinsey GEP 2025,large_then_smr_2035,649077.6415828125,837568.2929687499,865236.1407497505,7.051800416252234,36.67688743292757,9.0
neglr_large@k050,McKinsey GEP 2025,smr_then_large_2035,743462.5466859374,964167.2218749999,1024310.9197230539,22.618619200469308,90.84297151507272,43.0
neglr_large@k050,McKinsey GEP 2025,large_then_smr_2036,656221.6567921875,840205.5921875,867435.4481661677,8.230056515938129,34.87896938981702,11.0
neglr_large@k050,McKinsey GEP 2025,smr_then_large_2036,739156.794771875,951832.25546875,1010634.3063248503,21.908475351696314,87.08450243725001,41.0
neglr_large@k050,McKinsey GEP 2025,large_then_smr_2037,662837.308053125,843091.1578125,870138.9547779441,9.32117001767943,33.15772534564677,13.0
neglr_large@k050,McKinsey GEP 2025,smr_then_large_2037,734927.5263640624,941998.8546874999,998000.6803268463,21.210945859853332,83.0561320182176,38.0
neglr_large@k050,McKinsey GEP 2025,large_then_smr_2038,669211.387971875,846103.41484375,873704.7412050898,10.372441371958866,31.39709674443001,15.0
neglr_large@k050,McKinsey GEP 2025,smr_then_large_2038,730112.9942125,930633.6156249999,985242.9687811877,20.416889337231698,78.97848129529196,36.0
neglr_large@k050,McKinsey GEP 2025,large_then_smr_2039,675367.453009375,849496.46953125,878113.1809817865,11.387755725010477,34.25719436066647,17.0
neglr_large@k050,McKinsey GEP 2025,smr_then_large_2039,725662.978525,920741.5468749999,973844.3579403693,19.682952192107187,75.14681461501235,33.0
neglr_large@k050,McKinsey GEP 2025,large_then_smr_2040,681585.5775421875,854450.25859375,883522.8747816866,12.413305495646224,38.33582177318974,19.0
neglr_large@k050,McKinsey GEP 2025,smr_then_large_2040,720037.78476875,911361.9679687499,961316.9840631237,18.755193969179714,70.92767017428294,31.0
neglr_large@k050,McKinsey GEP 2025,large_then_smr_2041,687922.5345890624,860291.7343749999,889613.3740331837,13.458454207554018,42.26443069432358,22.0
neglr_large@k050,McKinsey GEP 2025,smr_then_large_2041,715467.869175,904892.94609375,951198.5382672156,18.00148183873526,67.2224293910225,30.0
neglr_large@k050,McKinsey GEP 2025,large_then_smr_2042,697136.6278984376,869837.28359375,901452.6290232036,14.97812645441586,48.65990241435459,24.0
neglr_large@k050,McKinsey GEP 2025,smr_then_large_2042,706149.7314125,892479.08359375,933995.8699164172,16.46464963239123,60.2962415519527,27.0
neglr_large@k050,McKinsey GEP 2025,large_then_smr_2043,705657.5907546876,879512.4546874998,915726.141623004,16.38348130967965,54.91378248992033,26.0
neglr_large@k050,McKinsey GEP 2025,smr_then_large_2043,696679.335309375,881275.5226562499,919619.4329154191,14.902705592811735,53.450157721993236,23.0
neglr_large@k050,McKinsey GEP 2025,large_then_smr_2044,713388.507834375,892672.7382812499,932263.6598365769,17.65853461490694,61.02007162449496,28.0
neglr_large@k050,McKinsey GEP 2025,smr_then_large_2044,686911.659834375,872119.36640625,907431.0579466068,13.29173152978508,46.734192654998616,20.0
neglr_large@k050,McKinsey GEP 2025,large_then_smr_2045,720567.641725,906652.1328125,950807.5194922654,18.842582807580182,67.67735800510937,32.0
neglr_large@k050,McKinsey GEP 2025,smr_then_large_2045,677371.6527390626,864323.7046875,897200.0386102794,11.718306610931634,40.23681278156816,18.0
neglr_large@k050,McKinsey GEP 2025,large_then_smr_2046,727041.2287984375,921174.771875,970060.6655750998,19.91026578873005,74.17349833316658,34.0
neglr_large@k050,McKinsey GEP 2025,smr_then_large_2046,667945.8008703125,857912.409375,888822.71625499,10.16370921246641,35.88740526489905,14.0
neglr_large@k050,McKinsey GEP 2025,large_then_smr_2047,732866.582109375,936597.2414062499,989526.0173403193,20.87103614969321,80.10382871912282,37.0
neglr_large@k050,McKinsey GEP 2025,smr_then_large_2047,658326.7939046875,851568.9804687499,881811.2379927645,8.577254914987346,37.86201650658927,12.0
neglr_large@k050,McKinsey GEP 2025,large_then_smr_2048,738003.670075,952511.696875,1008959.8255676148,21.71829151697989,85.82133096840437,40.0
neglr_large@k050,McKinsey GEP 2025,smr_then_large_2048,648858.9677234375,846573.9625,876304.5244510978,7.015734730346031,39.60314997111449,8.0
neglr_large@k050,McKinsey GEP 2025,large_then_smr_2049,742628.569771875,968510.7765624999,1028141.974893962,22.481072126843006,91.41207488542112,42.0
neglr_large@k050,McKinsey GEP 2025,smr_then_large_2049,639550.74006875,843353.55703125,871979.5471556886,5.480536989304273,41.25270396801154,6.0
neglr_large@k050,McKinsey GEP 2025,large_then_smr_2050,746263.7195875,984554.0390625,1049315.9513473054,23.080614165598956,97.35538055402665,46.0
neglr_large@k050,McKinsey GEP 2025,smr_then_large_2050,627772.084584375,837547.2656249999,866843.248253493,3.5378937748341714,42.879984803451215,3.0
neglr_large@k050,COP28 tripling pledge,pure_large,1423160.060675,2036174.5374999999,2211872.662487525,29.805778401766098,139.04232098710798,46.0
neglr_large@k050,COP28 tripling pledge,pure_smr,1107613.85095625,1533293.1609375,1597214.0333083833,1.0249528951521603,38.21924682063237,1.0
neglr_large@k050,COP28 tripling pledge,const_0.1,1413305.141028125,1965828.6656249992,2121969.6124001998,28.906915686884446,124.86419660754676,44.0
neglr_large@k050,COP28 tripling pledge,const_0.2,1391032.778125,1885382.2937499997,2026080.300960579,26.875463650410396,109.62285398927992,39.0
neglr_large@k050,COP28 tripling pledge,const_0.3,1364678.36386875,1802608.234375,1933681.4534680638,24.471689576514176,94.54080883743518,32.0
neglr_large@k050,COP28 tripling pledge,const_0.4,1334013.927428125,1730833.9234375,1845890.0440369262,21.67480034991593,79.46014322992463,28.0
neglr_large@k050,COP28 tripling pledge,const_0.5,1301832.7259,1675814.328125,1771532.1979790418,18.739567673219618,65.6935819599592,25.0
neglr_large@k050,COP28 tripling pledge,const_0.6,1267003.570675,1632659.8015625,1711905.7644710578,15.56281635059414,52.76676699805432,22.0
neglr_large@k050,COP28 tripling pledge,const_0.7,1230976.050428125,1598808.3874999997,1667142.9205963074,12.2767627022695,40.12893807117675,17.0
neglr_large@k050,COP28 tripling pledge,const_0.8,1193297.271034375,1574469.91875,1636815.5231412177,8.84009846218789,32.97123499987636,10.0
neglr_large@k050,COP28 tripling pledge,const_0.9,1152484.707946875,1554084.2109374998,1614752.5341816368,5.117603244305345,35.788826039006956,5.0
neglr_large@k050,COP28 tripling pledge,large_then_smr_2032,1129186.84320625,1536936.2359374997,1598783.4121756486,2.9926156541382047,36.29470551640815,2.0
neglr_large@k050,COP28 tripling pledge,smr_then_large_2032,1431039.977325,2018192.2687499996,2187621.7422030936,30.52450199636244,134.85472271161788,49.0
neglr_large@k050,COP28 tripling pledge,large_then_smr_2033,1150509.209071875,1543200.43125,1603959.5296282435,4.937418895202993,35.13892099299873,4.0
neglr_large@k050,COP28 tripling pledge,smr_then_large_2033,1425780.018403125,1988235.209375,2151253.9711202593,30.04474354818658,128.6165714479907,48.0
neglr_large@k050,COP28 tripling pledge,large_then_smr_2034,1169058.614459375,1550006.4406249998,1609365.7481911178,6.629301678979493,33.55873276655249,7.0
neglr_large@k050,COP28 tripling pledge,smr_then_large_2034,1416776.04748125,1954905.4187499997,2112686.632422655,29.223495477420382,122.18218570342371,45.0
neglr_large@k050,COP28 tripling pledge,large_then_smr_2035,1185700.514046875,1556111.7671875,1615922.5437250498,8.147201730934917,31.982355388814497,8.0
neglr_large@k050,COP28 tripling pledge,smr_then_large_2035,1404845.9047125,1920337.2921874996,2072322.2592315369,28.13535261047729,114.9875085637289,42.0
neglr_large@k050,COP28 tripling pledge,large_then_smr_2036,1199268.1680125,1561908.4062499998,1622992.7515593811,9.384701245401653,30.195249763733237,11.0
neglr_large@k050,COP28 tripling pledge,smr_then_large_2036,1393031.1416875,1889228.3453125,2034520.9368762474,27.057733477204867,109.99759409628646,40.0
neglr_large@k050,COP28 tripling pledge,large_then_smr_2037,1206310.5434875,1564428.653125,1627473.406998503,10.027033092387512,29.637301038611614,12.0
neglr_large@k050,COP28 tripling pledge,smr_then_large_2037,1387383.239225,1874882.2937499997,2017193.2054016965,26.542590876073728,107.5246468653514,38.0
neglr_large@k050,COP28 tripling pledge,large_then_smr_2038,1213478.398834375,1569783.99375,1632481.0184006987,10.680809901112086,32.0945659287892,14.0
neglr_large@k050,COP28 tripling pledge,smr_then_large_2038,1382441.925809375,1858481.640625,2001839.362275449,26.091895938823964,105.56837889173939,37.0
neglr_large@k050,COP28 tripling pledge,large_then_smr_2039,1220924.582284375,1574659.6609374997,1638049.3168662675,11.359972888858637,34.453364416966025,15.0
neglr_large@k050,COP28 tripling pledge,smr_then_large_2039,1376784.338146875,1841365.0390624993,1984953.7957834331,25.57586995502933,103.05750274250916,35.0
neglr_large@k050,COP28 tripling pledge,large_then_smr_2040,1229759.81531875,1581896.6859374999,1645671.552956587,12.165830454060467,37.07974605090298,16.0
neglr_large@k050,COP28 tripling pledge,smr_then_large_2040,1370684.5911375,1826437.6671874998,1967815.3822979042,25.019514819381257,101.70703715068498,34.0
neglr_large@k050,COP28 tripling pledge,large_then_smr_2041,1240020.45428125,1587961.5031249993,1653833.4030688624,13.101698642207268,39.97732785902997,19.0
neglr_large@k050,COP28 tripling pledge,smr_then_large_2041,1365650.385884375,1812155.5906249997,1951589.1404066866,24.560347260107417,99.30289611856593,33.0
neglr_large@k050,COP28 tripling pledge,large_then_smr_2042,1266952.225371875,1614925.434375,1686210.1620508982,15.558133168973477,49.76422580860168,21.0
neglr_large@k050,COP28 tripling pledge,smr_then_large_2042,1340814.0927625,1755060.1312499999,1884834.1255613773,22.29504032072469,89.52720554156028,30.0
neglr_large@k050,COP28 tripling pledge,large_then_smr_2043,1292171.728003125,1646824.2124999997,1728093.9585828343,17.85839247248577,59.604073748041046,24.0
neglr_large@k050,COP28 tripling pledge,smr_then_large_2043,1315141.59306875,1710674.9531249998,1825177.3081337325,19.953463362272277,79.59861641761643,26.0
neglr_large@k050,COP28 tripling pledge,large_then_smr_2044,1315752.846721875,1682334.171875,1778117.6419036926,20.00921552848131,69.37381290238191,27.0
neglr_large@k050,COP28 tripling pledge,smr_then_large_2044,1289235.2523625,1675623.96875,1773718.8902819362,17.590557871992303,69.65274308532045,23.0
neglr_large@k050,COP28 tripling pledge,large_then_smr_2045,1337931.300103125,1725564.7671874997,1836748.887724551,22.032102120404776,79.90048580055793,29.0
neglr_large@k050,COP28 tripling pledge,smr_then_large_2045,1263451.13735,1643318.6624999999,1730426.6598053891,15.238800531352213,59.78411853514179,20.0
neglr_large@k050,COP28 tripling pledge,large_then_smr_2046,1358530.9595875,1777197.453125,1899588.5996132735,23.910987642889413,90.39041835479283,31.0
neglr_large@k050,COP28 tripling pledge,smr_then_large_2046,1237985.710346875,1617000.5499999998,1695191.0436626747,12.916110578328812,50.098440375642774,18.0
neglr_large@k050,COP28 tripling pledge,large_then_smr_2047,1377500.91714375,1832359.6234374992,1963529.0571981038,25.64122879768235,100.68825221079223,36.0
neglr_large@k050,COP28 tripling pledge,smr_then_large_2047,1212973.394428125,1598428.35625,1667151.35753493,10.634748680128613,40.63599187144092,13.0
neglr_large@k050,COP28 tripling pledge,large_then_smr_2048,1394725.449025,1886193.8671874995,2027459.3184256486,27.212270474745182,110.72686569598287,41.0
neglr_large@k050,COP28 tripling pledge,smr_then_large_2048,1188283.081746875,1580623.85625,1644900.092502495,8.382756549986514,34.68769028319901,9.0
neglr_large@k050,COP28 tripling pledge,large_then_smr_2049,1410363.312484375,1939324.1296874997,2090460.059755489,28.638592850544523,120.49144296026341,43.0
neglr_large@k050,COP28 tripling pledge,smr_then_large_2049,1163076.6869625,1565107.0078125,1626178.4331337325,6.083692807194192,36.104867104654055,6.0
neglr_large@k050,COP28 tripling pledge,large_then_smr_2050,1423288.163075,1994896.4859375,2155169.123191118,29.81746256309595,130.42402535200102,47.0
neglr_large@k050,COP28 tripling pledge,smr_then_large_2050,1136863.373890625,1549109.7374999998,1611088.38878493,3.6927885078070486,37.29103580699384,3.0
neglr_large@k050,2025 EO,pure_large,2193799.27926875,3263652.76875,3561008.5401696605,35.343207829415086,165.62865706020904,48.0
neglr_large@k050,2025 EO,pure_smr,1634137.54895625,2298089.9968749997,2399826.4836576846,0.8157036061923546,40.361804136479236,1.0
neglr_large@k050,2025 EO,const_0.1,2170964.125525,3130418.4187499983,3396849.0396706588,33.934426730723516,148.61303569362494,44.0
neglr_large@k050,2025 EO,const_0.2,2125726.13315,2983237.546874999,3220233.3952095807,31.143535575979424,130.86343105219663,39.0
neglr_large@k050,2025 EO,const_0.3,2076118.4418125,2834608.0437499993,3053390.7256736527,28.08306229472887,113.67246126787514,34.0
neglr_large@k050,2025 EO,const_0.4,2020493.05659375,2701349.809375,2893010.636102794,24.65133627339386,96.12837317727369,28.0
neglr_large@k050,2025 EO,const_0.5,1962275.347746875,2573458.0906249993,2748294.0935628745,21.0596806728681,78.998904124391,25.0
neglr_large@k050,2025 EO,const_0.6,1901300.571534375,2489435.2437499994,2627526.2853043913,17.297931871477644,62.053567104682536,21.0
neglr_large@k050,2025 EO,const_0.7,1840975.5859875,2430241.0999999996,2541675.9307634733,13.576270945917203,46.274185629000385,16.0
neglr_large@k050,2025 EO,const_0.8,1776832.29091875,2377812.3906249995,2479087.09006986,9.619045051373629,34.3108763410306,10.0
neglr_large@k050,2025 EO,const_0.9,1708897.75133125,2334806.159375,2434330.3272205587,5.427923923258665,37.57794557302387,5.0
neglr_large@k050,2025 EO,large_then_smr_2032,1668966.422859375,2305149.628125,2404389.771207585,2.9644195637918975,38.79791186912724,2.0
neglr_large@k050,2025 EO,smr_then_large_2032,2204779.018996875,3237292.759375,3516663.600548902,36.02058666255603,161.86139601727936,49.0
neglr_large@k050,2025 EO,large_then_smr_2033,1702037.45470625,2315956.203124999,2414041.837949102,5.004688050832677,37.226967260847246,4.0
neglr_large@k050,2025 EO,smr_then_large_2033,2193146.810865625,3177783.4374999995,3451757.329278942,35.30295475452316,155.59390467441628,47.0
neglr_large@k050,2025 EO,large_then_smr_2034,1731483.1681125,2328089.51875,2424596.605289421,6.821297868735384,35.52668603597466,7.0
neglr_large@k050,2025 EO,smr_then_large_2034,2176028.372071875,3119481.403124998,3383879.9156062873,34.24685794508765,148.82053414890063,45.0
neglr_large@k050,2025 EO,large_then_smr_2035,1759166.019809375,2342315.3906249995,2438037.993512974,8.529150535990292,33.74008400390957,9.0
neglr_large@k050,2025 EO,smr_then_large_2035,2155692.365771875,3059182.625,3314865.8023328343,32.99225805844778,141.88121961216672,42.0
neglr_large@k050,2025 EO,large_then_smr_2036,1785311.35051875,2359185.86875,2454253.359780439,10.142148115763055,32.028647818782915,12.0
neglr_large@k050,2025 EO,smr_then_large_2036,2134261.345228125,2996386.0906249997,3247057.7268587826,31.670102884608887,134.92446508745175,40.0
neglr_large@k050,2025 EO,large_then_smr_2037,1810191.27925625,2375521.3968749996,2474161.62000998,11.677078588993458,33.50476562529022,13.0
neglr_large@k050,2025 EO,smr_then_large_2037,2112015.41810625,2936654.23125,3180982.643525449,30.29767325247885,128.03134357658848,37.0
neglr_large@k050,2025 EO,large_then_smr_2038,1834272.9876125,2396859.4906249996,2498257.221432136,13.1627640342151,39.50444538177,15.0
neglr_large@k050,2025 EO,smr_then_large_2038,2089760.20286875,2876135.8718749997,3117108.787799401,28.92467060376737,121.49889782865849,36.0
neglr_large@k050,2025 EO,large_then_smr_2039,1857805.9994875,2416119.265625,2526466.323602794,14.614598460066434,45.64687238455674,17.0
neglr_large@k050,2025 EO,smr_then_large_2039,2067469.84285,2825518.740625,3055523.760479042,27.549499749660903,114.61118221280947,33.0
neglr_large@k050,2025 EO,large_then_smr_2040,1881539.971471875,2442960.321875,2559329.1201347304,16.078830823188323,51.78711697894258,19.0
neglr_large@k050,2025 EO,smr_then_large_2040,2046755.97969375,2773166.259374999,2997295.5270708585,26.27158854210463,108.63478790568134,31.0
neglr_large@k050,2025 EO,large_then_smr_2041,1911115.15144375,2474565.8812499996,2600353.4500998002,17.90342788972582,58.09461657192534,22.0
neglr_large@k050,2025 EO,smr_then_large_2041,2024083.169246875,2725926.3999999994,2936834.741516966,24.872822973446414,102.10317116447607,30.0
neglr_large@k050,2025 EO,large_then_smr_2042,1950531.75415625,2529342.89375,2679621.8628992015,20.335177003357398,69.67251292188062,24.0
neglr_large@k050,2025 EO,smr_then_large_2042,1981966.84923125,2634127.818749999,2835561.4126746505,22.2745187863902,90.2428418630205,26.0
neglr_large@k050,2025 EO,large_then_smr_2043,1988124.876775,2602728.0312499995,2771076.001746507,22.654429204608057,81.21714489502571,27.0
neglr_large@k050,2025 EO,smr_then_large_2043,1940290.6451375,2562094.1749999984,2744306.9156686626,19.7033669013911,78.81088539922366,23.0
neglr_large@k050,2025 EO,large_then_smr_2044,2023882.305321875,2683279.4874999993,2869550.3048902196,24.860430970128878,92.63579869277464,29.0
neglr_large@k050,2025 EO,smr_then_large_2044,1899487.315,2511119.45,2666557.7783183632,17.186065686499333,67.95865526594874,20.0
neglr_large@k050,2025 EO,large_then_smr_2045,2057754.669803125,2770679.9218749995,2971488.263473054,26.95013649104035,103.85487008550767,32.0
neglr_large@k050,2025 EO,smr_then_large_2045,1859795.576434375,2466492.5312499995,2602913.856287425,14.737342472592172,57.47612357344824,18.0
neglr_large@k050,2025 EO,large_then_smr_2046,2089578.88560625,2858356.10625,3073983.8275324353,28.91348450293604,114.82256350423307,35.0
neglr_large@k050,2025 EO,smr_then_large_2046,1821361.476465625,2429189.7624999997,2550363.6385978046,12.36620741526781,47.55632742945804,14.0
neglr_large@k050,2025 EO,large_then_smr_2047,2119165.997321875,2947796.8218749994,3176164.7828093814,30.738817680789364,125.49607906688375,38.0
neglr_large@k050,2025 EO,smr_then_large_2047,1784117.35258125,2399455.421875,2508443.4598303395,10.06848617570771,38.08382668359903,11.0
neglr_large@k050,2025 EO,large_then_smr_2048,2146253.651565625,3036455.9875,3276815.860528942,32.40995051986351,135.82667117804593,41.0
neglr_large@k050,2025 EO,smr_then_large_2048,1747988.8335625,2371426.625,2474491.615768463,7.83959053136529,36.23181409303063,8.0
neglr_large@k050,2025 EO,large_then_smr_2049,2170879.781790625,3118319.796875,3375306.582647206,33.92922326854787,145.80502797148608,43.0
neglr_large@k050,2025 EO,smr_then_large_2049,1712725.537328125,2345329.446875,2446348.029316367,5.664073529376806,37.7583451480142,6.0
neglr_large@k050,2025 EO,large_then_smr_2050,2191605.79396875,3194621.706249999,3474427.2974675647,35.20788399207313,155.8806831634922,46.0
neglr_large@k050,2025 EO,smr_then_large_2050,1675164.01736875,2317773.2749999994,2421607.4356287424,3.3467710075412898,39.15092221174074,3.0
neglr_large@k000,EIA 2026 AEO high,pure_large,165082.12970976564,203125.150390625,212224.37302738274,10.686855104184685,86.18819953375706,26.0
neglr_large@k000,EIA 2026 AEO high,pure_smr,156588.7270888672,195899.4849609375,200923.80283963322,4.9920653235239225,46.977612065125655,1.0
neglr_large@k000,EIA 2026 AEO high,const_0.1,166035.3030707031,201267.1783203125,209311.8300274451,11.325953726650644,78.20300192831898,44.0
neglr_large@k000,EIA 2026 AEO high,const_0.2,166424.44146503907,199042.81425781248,206379.6664483533,11.586869339655296,69.98721404820596,47.0
neglr_large@k000,EIA 2026 AEO high,const_0.3,166222.76773300781,196918.3517578125,203534.6261149576,11.45164797320631,62.21019487545565,46.0
neglr_large@k000,EIA 2026 AEO high,const_0.4,165542.6010560547,195144.79375,201032.9872754491,10.995599153440255,53.51526449526838,32.0
neglr_large@k000,EIA 2026 AEO high,const_0.5,164493.6809433594,193597.79667968748,199066.88732690868,10.292302747379274,44.957715013498046,24.0
neglr_large@k000,EIA 2026 AEO high,const_0.6,163291.54769785155,192895.03261718748,197991.71882796907,9.486277597380404,36.12983791141416,23.0
neglr_large@k000,EIA 2026 AEO high,const_0.7,161830.87748847657,192381.5083984375,197598.14899108035,8.506904529536312,34.1829096476518,20.0
neglr_large@k000,EIA 2026 AEO high,const_0.8,160128.2160513672,192869.348828125,197834.88724114271,7.365277388475388,38.37692561508035,19.0
neglr_large@k000,EIA 2026 AEO high,const_0.9,158461.47247558594,194244.9990234375,199072.2645880115,6.2477330183326005,42.824040606750046,8.0
neglr_large@k000,EIA 2026 AEO high,large_then_smr_2032,156588.7270888672,195899.4849609375,200923.80283963322,4.9920653235239225,46.977612065125655,2.0
neglr_large@k000,EIA 2026 AEO high,smr_then_large_2032,165082.12970976564,203125.150390625,212224.37302738274,10.686855104184685,86.18819953375706,27.0
neglr_large@k000,EIA 2026 AEO high,large_then_smr_2033,156588.7270888672,195899.4849609375,200923.80283963322,4.9920653235239225,46.977612065125655,3.0
neglr_large@k000,EIA 2026 AEO high,smr_then_large_2033,165082.12970976564,203125.150390625,212224.37302738274,10.686855104184685,86.18819953375706,28.0
neglr_large@k000,EIA 2026 AEO high,large_then_smr_2034,156588.7270888672,195899.4849609375,200923.80283963322,4.9920653235239225,46.977612065125655,4.0
neglr_large@k000,EIA 2026 AEO high,smr_then_large_2034,165082.12970976564,203125.150390625,212224.37302738274,10.686855104184685,86.18819953375706,29.0
neglr_large@k000,EIA 2026 AEO high,large_then_smr_2035,156588.7270888672,195899.4849609375,200923.80283963322,4.9920653235239225,46.977612065125655,5.0
neglr_large@k000,EIA 2026 AEO high,smr_then_large_2035,165082.12970976564,203125.150390625,212224.37302738274,10.686855104184685,86.18819953375706,30.0
neglr_large@k000,EIA 2026 AEO high,large_then_smr_2036,156588.7270888672,195899.4849609375,200923.80283963322,4.9920653235239225,46.977612065125655,6.0
neglr_large@k000,EIA 2026 AEO high,smr_then_large_2036,165082.12970976564,203125.150390625,212224.37302738274,10.686855104184685,86.18819953375706,31.0
neglr_large@k000,EIA 2026 AEO high,large_then_smr_2037,159854.21425371093,192623.8873046875,197526.2734219062,7.181560366355645,38.755281613868064,17.0
neglr_large@k000,EIA 2026 AEO high,smr_then_large_2037,168091.37556308592,201427.1751953125,209031.35816647953,12.70454145415446,74.60352181544303,49.0
neglr_large@k000,EIA 2026 AEO high,large_then_smr_2038,162722.0392091797,192064.52109375,196994.1794302021,9.104424615007002,31.0966599305452,21.0
neglr_large@k000,EIA 2026 AEO high,smr_then_large_2038,167880.04474726564,197900.1212890625,204444.42702095807,12.562845054726628,60.10554297905707,48.0
neglr_large@k000,EIA 2026 AEO high,large_then_smr_2039,165029.8660984375,193666.6591796875,198847.77518400698,10.651812578476614,44.69175085336337,25.0
neglr_large@k000,EIA 2026 AEO high,smr_then_large_2039,165945.76906894532,195225.74414062497,200798.1934256487,11.2659215651024,45.54587068257901,43.0
neglr_large@k000,EIA 2026 AEO high,large_then_smr_2040,166220.4097486328,196681.2291015625,202573.82927114522,11.450066954865244,59.46888899537091,45.0
neglr_large@k000,EIA 2026 AEO high,smr_then_large_2040,163148.7630357422,193932.14316406247,199120.5499313872,9.390541098016202,35.70242572466104,22.0
neglr_large@k000,EIA 2026 AEO high,large_then_smr_2041,165784.9936845703,199847.39453125,207000.84990175898,11.158122364147564,72.47939673391242,42.0
neglr_large@k000,EIA 2026 AEO high,smr_then_large_2041,159885.52192675782,194778.92636718747,199521.71286333582,7.202552025939156,41.968032389305726,18.0
neglr_large@k000,EIA 2026 AEO high,large_then_smr_2042,165773.60555253905,199953.3330078125,207124.33861183882,11.150486670797434,72.79670095792846,41.0
neglr_large@k000,EIA 2026 AEO high,smr_then_large_2042,159798.6526392578,194853.23613281248,199548.79166666666,7.144306543793869,42.107843834569,16.0
neglr_large@k000,EIA 2026 AEO high,large_then_smr_2043,165765.33143867188,200044.6916015625,207246.6568815494,11.14493891317919,73.10897646433139,39.0
neglr_large@k000,EIA 2026 AEO high,smr_then_large_2043,159715.34765605468,194890.18437499998,199574.4227482535,7.088450912288071,42.240271969961775,15.0
neglr_large@k000,EIA 2026 AEO high,large_then_smr_2044,165759.9690808594,200132.51171875,207367.50523172406,11.141343475421921,73.41551085145935,37.0
neglr_large@k000,EIA 2026 AEO high,smr_then_large_2044,159635.46629003907,194930.24375,199599.27534774202,7.034890801322452,42.365688711057516,14.0
neglr_large@k000,EIA 2026 AEO high,large_then_smr_2045,165757.33307421874,200218.00624999998,207488.05472648452,11.139576044352324,73.71589553600627,35.0
neglr_large@k000,EIA 2026 AEO high,smr_then_large_2045,159558.8732669922,194980.988671875,199622.74172748253,6.983535510117487,42.48446335430594,13.0
neglr_large@k000,EIA 2026 AEO high,large_then_smr_2046,165757.24980234375,200300.44218749995,207606.81574351297,11.139520210919725,74.00960931234455,34.0
neglr_large@k000,EIA 2026 AEO high,smr_then_large_2046,159485.44053730468,195017.12636718748,199644.94992047155,6.934299181963038,42.59692067105289,12.0
neglr_large@k000,EIA 2026 AEO high,large_then_smr_2047,165759.65149375,200376.9123046875,207723.63080089822,11.141130534636508,74.29615716608416,36.0
neglr_large@k000,EIA 2026 AEO high,smr_then_large_2047,159415.00399316405,194992.77675781248,199665.31975112276,6.887071783279487,42.703424719500575,11.0
neglr_large@k000,EIA 2026 AEO high,large_then_smr_2048,165764.4591064453,200472.03300781248,207838.70421656687,11.144354018188231,74.57546576175987,38.0
neglr_large@k000,EIA 2026 AEO high,smr_then_large_2048,159347.41462246093,195004.39765625,199684.14757984033,6.841753402090968,42.8041928869208,10.0
neglr_large@k000,EIA 2026 AEO high,large_then_smr_2049,165771.53902539064,200556.53398437498,207952.12255177146,11.149101073268191,74.84744604916399,40.0
neglr_large@k000,EIA 2026 AEO high,smr_then_large_2049,159282.55665371093,194988.76562499997,199702.33610123504,6.798266414117136,42.89953161079312,9.0
neglr_large@k000,EIA 2026 AEO high,large_then_smr_2050,165733.83880078126,201526.04394531247,209583.56358376995,11.12382323546667,78.93979287059997,33.0
neglr_large@k000,EIA 2026 AEO high,smr_then_large_2050,158317.3511095703,195213.7203125,200039.03372161926,6.151100264771481,44.31524919419549,7.0
neglr_large@k000,Abou-Jaoude mod,pure_large,230496.17105585936,288960.72421874997,305544.34270521457,14.50602252019324,85.92091104941603,33.0
neglr_large@k000,Abou-Jaoude mod,pure_smr,209179.2430222656,266709.85117187497,275406.18795222056,3.916186557649277,50.06249673554914,1.0
neglr_large@k000,Abou-Jaoude mod,const_0.1,231752.86867929687,284738.26816406247,299876.0409649451,15.13032549976653,78.95066805623044,40.0
neglr_large@k000,Abou-Jaoude mod,const_0.2,231432.710553125,280250.0283203125,293365.764291729,14.971277158800486,71.57712073171369,37.0
neglr_large@k000,Abou-Jaoude mod,const_0.3,230435.98996289063,276063.183984375,287301.89655064873,14.476125721668549,63.72447122578737,32.0
neglr_large@k000,Abou-Jaoude mod,const_0.4,228754.94994648438,272246.1625,282021.79993918416,13.641017680202163,55.531589117235676,29.0
neglr_large@k000,Abou-Jaoude mod,const_0.5,226490.02584375,269144.27109374997,277842.9532965319,12.515847361206367,47.051979227419636,25.0
neglr_large@k000,Abou-Jaoude mod,const_0.6,223723.3127546875,266638.79843749997,274859.139790731,11.141398016421684,38.21614272882498,21.0
neglr_large@k000,Abou-Jaoude mod,const_0.7,220607.7874628906,265620.603515625,273254.77526197606,9.593665541775634,36.45604523779539,17.0
neglr_large@k000,Abou-Jaoude mod,const_0.8,216966.562525,265465.301171875,272786.04682042164,7.7847756898129745,40.99091844424519,13.0
neglr_large@k000,Abou-Jaoude mod,const_0.9,213180.60895625,265898.6015625,273631.4634714945,5.903987464057009,45.614148734918494,8.0
neglr_large@k000,Abou-Jaoude mod,large_then_smr_2032,209590.0329410156,266253.20468749997,274628.81061314873,4.1202590134822055,48.941914981456044,2.0
neglr_large@k000,Abou-Jaoude mod,smr_then_large_2032,231201.90463515624,288623.1009765625,305404.8976967939,14.856617260027946,86.61363664424167,35.0
neglr_large@k000,Abou-Jaoude mod,large_then_smr_2033,210054.66388515625,265847.7349609375,273968.5174260853,4.3510786453642964,48.0155317437159,3.0
neglr_large@k000,Abou-Jaoude mod,smr_then_large_2033,231649.20257773437,288151.99101562495,304932.8472742016,15.078826193267336,86.42654441890221,39.0
neglr_large@k000,Abou-Jaoude mod,large_then_smr_2034,210483.0105089844,265343.2603515625,273353.5857659681,4.563872931403111,47.01712308345885,4.0
neglr_large@k000,Abou-Jaoude mod,smr_then_large_2034,231946.7476074219,287659.661328125,304303.9567739521,15.226640786950593,86.00572857197689,41.0
neglr_large@k000,Abou-Jaoude mod,large_then_smr_2035,210943.95858398438,264729.298046875,272811.484125499,4.792862985401876,46.26755104162357,5.0
neglr_large@k000,Abou-Jaoude mod,smr_then_large_2035,232172.1012453125,287189.805078125,303616.4243076347,15.338592098840532,85.73696251371116,42.0
neglr_large@k000,Abou-Jaoude mod,large_then_smr_2036,211476.0337296875,264439.00468749995,272409.38664078095,5.057187587139195,45.37895417707151,6.0
neglr_large@k000,Abou-Jaoude mod,smr_then_large_2036,232254.53417265625,286608.469140625,302743.685839259,15.379543176646251,85.02679526306103,43.0
neglr_large@k000,Abou-Jaoude mod,large_then_smr_2037,212743.61337695312,263892.08828125,271451.8663064496,5.686896544867439,43.06217134932936,7.0
neglr_large@k000,Abou-Jaoude mod,smr_then_large_2037,233018.81487382812,285514.1232421875,301326.31805919413,15.759222989891077,83.16024312636833,48.0
neglr_large@k000,Abou-Jaoude mod,large_then_smr_2038,213992.17051210938,263262.64921874995,270785.1599613273,6.307155487916442,41.05249206900166,9.0
neglr_large@k000,Abou-Jaoude mod,smr_then_large_2038,233144.4273765625,284410.7849609375,299212.95924557134,15.821624842386209,81.10390916320435,49.0
neglr_large@k000,Abou-Jaoude mod,large_then_smr_2039,215258.75969335937,262851.154296875,270379.6901665419,6.936372401358782,39.151266199968944,11.0
neglr_large@k000,Abou-Jaoude mod,smr_then_large_2039,232840.245690625,282577.79101562494,296772.37434505986,15.670513286733733,78.6383560748782,47.0
neglr_large@k000,Abou-Jaoude mod,large_then_smr_2040,216502.72030429688,262856.88828124997,270223.3107690868,7.554347880420962,37.18899453555049,12.0
neglr_large@k000,Abou-Jaoude mod,smr_then_large_2040,232653.99314414064,280786.72812499997,294755.95270396705,15.57798663787667,76.03963862228987,46.0
neglr_large@k000,Abou-Jaoude mod,large_then_smr_2041,217745.7350765625,262616.318359375,270300.89859343815,8.171853485195138,35.49768951214199,14.0
neglr_large@k000,Abou-Jaoude mod,smr_then_large_2041,232425.95272265625,279693.3328125,292896.5341660429,15.464700584063324,73.58188266047716,45.0
neglr_large@k000,Abou-Jaoude mod,large_then_smr_2042,219532.93769453125,262975.63632812497,270781.4054703094,9.059701045889254,32.93122786764386,16.0
neglr_large@k000,Abou-Jaoude mod,smr_then_large_2042,231485.29449101564,277189.9378906249,289529.06140843313,14.997399838186972,69.51964960674361,38.0
neglr_large@k000,Abou-Jaoude mod,large_then_smr_2043,221189.55792851563,263692.73671875,271546.3733002744,9.8826778135773,30.645557864538354,18.0
neglr_large@k000,Abou-Jaoude mod,smr_then_large_2043,230735.82137304687,275476.310546875,286940.3013816118,14.625076144776848,65.4571526383247,34.0
neglr_large@k000,Abou-Jaoude mod,large_then_smr_2044,222839.51133945314,264847.298046875,272775.5369261477,10.702342633017158,34.22775339216858,20.0
neglr_large@k000,Abou-Jaoude mod,smr_then_large_2044,229583.49691328124,273651.7412109375,284228.0165294411,14.052623726430536,61.24038977410872,30.0
neglr_large@k000,Abou-Jaoude mod,large_then_smr_2045,224282.25251601564,266074.7212890625,274130.69270053646,11.419068437604341,38.52129408378733,22.0
neglr_large@k000,Abou-Jaoude mod,smr_then_large_2045,228370.05406796874,271821.0931640625,281888.4333598428,13.449808880804975,56.47745934961195,28.0
neglr_large@k000,Abou-Jaoude mod,large_then_smr_2046,225775.43626757813,267887.734765625,275920.83435472805,12.160853134070148,42.754596248469724,24.0
neglr_large@k000,Abou-Jaoude mod,smr_then_large_2046,227233.83319492187,270506.618359375,280081.916970746,12.88535641167702,53.05280148365774,26.0
neglr_large@k000,Abou-Jaoude mod,large_then_smr_2047,227815.50728671876,270681.18339843745,279685.58458083833,13.174320806832046,49.932681759132215,27.0
neglr_large@k000,Abou-Jaoude mod,smr_then_large_2047,224852.72918476563,268840.68203125,277441.95333551645,11.702470170396255,44.43047196552971,23.0
neglr_large@k000,Abou-Jaoude mod,large_then_smr_2048,229701.60127070313,274457.46875,284632.1953358907,14.111295678110828,57.008395539558244,31.0
neglr_large@k000,Abou-Jaoude mod,smr_then_large_2048,222024.44802851562,267617.66796875,275489.0692131362,10.297435005224179,37.59069209217954,19.0
neglr_large@k000,Abou-Jaoude mod,large_then_smr_2049,231269.81317421875,278643.184765625,290354.99036302394,14.890352903737703,64.53121184579238,36.0
neglr_large@k000,Abou-Jaoude mod,smr_then_large_2049,218783.0226441406,266974.18046875,274252.26414358785,8.6871578090324,40.96193052093563,15.0
neglr_large@k000,Abou-Jaoude mod,large_then_smr_2050,232315.49487890626,283974.7937499999,298065.40419161675,15.409827271912276,74.5549244621519,44.0
neglr_large@k000,Abou-Jaoude mod,smr_then_large_2050,214453.16835507812,266482.26718749997,274090.47954091814,6.536170265675798,45.20230986839417,10.0
neglr_large@k000,IAEA high,pure_large,576000.0483710937,743224.9585937499,793252.3279378742,18.90513667945651,109.5169211948913,42.0
neglr_large@k000,IAEA high,pure_smr,499863.73226875,654870.0703125,678891.2834019461,3.1881257208272085,50.77756604795918,1.0
neglr_large@k000,IAEA high,const_0.1,577772.03441875,728053.55859375,772735.6987275449,19.27093220983277,100.73268561656961,44.0
neglr_large@k000,IAEA high,const_0.2,574800.451071875,711924.68203125,749160.9433320859,18.657500796044197,90.93966918758865,40.0
neglr_large@k000,IAEA high,const_0.3,570052.0344617188,695605.6132812499,727273.2803143712,17.677273228983516,80.79304354272372,35.0
neglr_large@k000,IAEA high,const_0.4,563064.9238445313,680547.2015625,707936.3764658184,16.234906435298964,70.05375015699295,30.0
neglr_large@k000,IAEA high,const_0.5,555330.428403125,670054.11484375,693919.4693425648,14.638255115203004,59.158922775787204,26.0
neglr_large@k000,IAEA high,const_0.6,546427.171184375,661269.3156249999,684228.0623752495,12.800333365922553,48.01335730515297,21.0
neglr_large@k000,IAEA high,const_0.7,536436.8543523437,656102.20859375,678481.8107846807,10.738007170389952,37.926464842830576,15.0
neglr_large@k000,IAEA high,const_0.8,525317.897846875,654704.86328125,676126.834113024,8.442693052353773,42.53992182880779,10.0
neglr_large@k000,IAEA high,const_0.9,512866.3913640625,653727.9874999999,676243.5930950599,5.872297295633104,46.65219938266348,4.0
neglr_large@k000,IAEA high,large_then_smr_2032,506822.2578296875,651705.4953125,674420.8208582834,4.624591629555226,47.561953912396234,2.0
neglr_large@k000,IAEA high,smr_then_large_2032,581307.7849046875,739880.1984374999,787448.103885978,20.00082606311244,108.32173501174564,48.0
neglr_large@k000,IAEA high,large_then_smr_2033,513703.294525,650330.50625,671567.3752806886,6.045061317129559,44.50105004226175,5.0
neglr_large@k000,IAEA high,smr_then_large_2033,582432.1380554688,733939.1656249998,777573.9558071357,20.232929107977967,104.86137455509923,49.0
neglr_large@k000,IAEA high,large_then_smr_2034,520449.536021875,649421.45,670209.7967502495,7.437704893335897,41.58692291339829,8.0
neglr_large@k000,IAEA high,smr_then_large_2034,581244.53729375,725876.7109375,765955.608376996,19.987769699932542,100.35001457365891,47.0
neglr_large@k000,IAEA high,large_then_smr_2035,526514.5221414062,648647.41328125,669869.9074351297,8.689715210941385,38.62907079816696,11.0
neglr_large@k000,IAEA high,smr_then_large_2035,578485.6458890626,714809.8515624999,753480.7850548902,19.418244817971427,95.33573661128825,46.0
neglr_large@k000,IAEA high,large_then_smr_2036,532168.886196875,649368.13046875,670902.7378056387,9.85695978453517,35.81296685724385,13.0
neglr_large@k000,IAEA high,smr_then_large_2036,575208.6416101563,705456.996875,741674.8074476048,18.7417645940818,90.06682092032426,41.0
neglr_large@k000,IAEA high,large_then_smr_2037,537061.8611226563,650379.35703125,672529.998253493,10.86702888776612,33.13121500079853,16.0
neglr_large@k000,IAEA high,smr_then_large_2037,571484.9504476562,697676.5468749999,730686.3378243513,17.973073674903457,84.38530147226443,37.0
neglr_large@k000,IAEA high,large_then_smr_2038,541676.029890625,653115.965625,675332.1140219561,11.81954333558424,38.06490687144487,18.0
neglr_large@k000,IAEA high,smr_then_large_2038,567446.896590625,689701.428125,720754.9221556886,17.139488075132867,78.89020670973893,33.0
neglr_large@k000,IAEA high,large_then_smr_2039,546138.7483703125,656995.19296875,679299.6877806886,12.740793520006635,43.6304789836412,20.0
neglr_large@k000,IAEA high,smr_then_large_2039,563292.0387546875,683785.2265625,712367.2169411178,16.28179033662925,73.49506398893426,31.0
neglr_large@k000,IAEA high,large_then_smr_2040,550297.149784375,661695.9296874999,684373.977638473,13.599222768242722,49.15769980578781,23.0
neglr_large@k000,IAEA high,smr_then_large_2040,559067.0333039062,678102.9367187499,705259.8812375249,15.409611849809172,68.19240303333612,28.0
neglr_large@k000,IAEA high,large_then_smr_2041,554153.3354414062,666722.64453125,690220.4321981038,14.395264858703197,54.61743977519009,24.0
neglr_large@k000,IAEA high,smr_then_large_2041,554748.3513054687,673787.8195312499,699102.0006861277,14.518095477976365,62.59575960263273,25.0
neglr_large@k000,IAEA high,large_then_smr_2042,557994.3646851563,672234.0531249999,697625.2282934132,15.188178172702846,60.606421096262466,27.0
neglr_large@k000,IAEA high,smr_then_large_2042,549713.563809375,669102.6359374999,693442.6219436128,13.478751649676283,56.33252623885496,22.0
neglr_large@k000,IAEA high,large_then_smr_2043,561552.1707476563,678963.73515625,706193.7998378243,15.922625014047577,66.48573514553583,29.0
neglr_large@k000,IAEA high,smr_then_large_2043,544625.5862820313,664585.9468749999,689041.8262849301,12.428427669632025,50.1759088163138,19.0
neglr_large@k000,IAEA high,large_then_smr_2044,564814.7594507813,685955.6593749999,715865.3773078843,16.596129394422206,71.93498898844932,32.0
neglr_large@k000,IAEA high,smr_then_large_2044,539321.2561164063,661753.1609375,685383.8934006986,11.333441471071392,44.22277256557974,17.0
neglr_large@k000,IAEA high,large_then_smr_2045,567782.8290875,693830.12421875,726104.5165918163,17.208835464198117,77.25294207744744,34.0
neglr_large@k000,IAEA high,smr_then_large_2045,534264.7778460938,660093.3,683020.7973116267,10.289619961770313,40.86846681177896,14.0
neglr_large@k000,IAEA high,large_then_smr_2046,570393.7940242188,702497.796875,736709.9887100798,17.747823513841123,82.42765035642809,36.0
neglr_large@k000,IAEA high,smr_then_large_2046,529111.0787101563,659239.896875,681228.5477482534,9.22572890499623,42.72307907474413,12.0
neglr_large@k000,IAEA high,large_then_smr_2047,572727.3382984375,710121.25390625,747538.1208832335,18.229542919348496,87.4474084568807,38.0
neglr_large@k000,IAEA high,smr_then_large_2047,524264.0323546875,658386.8640625,680434.8948353294,8.225140951890086,44.367123724839196,9.0
neglr_large@k000,IAEA high,large_then_smr_2048,574792.1876648437,718018.83046875,758295.1502307884,18.655794960176184,92.32255413192632,39.0
neglr_large@k000,IAEA high,smr_then_large_2048,519161.1560453125,657605.00859375,679484.6435254491,7.171741378851013,45.933852948315945,7.0
neglr_large@k000,IAEA high,large_then_smr_2049,576506.5828085938,725127.4640625,768689.796375998,19.009701855612512,97.0606640998431,43.0
neglr_large@k000,IAEA high,smr_then_large_2049,514057.46732734377,656386.1398437498,678890.0614396208,6.118174098265469,47.27414505959168,6.0
neglr_large@k000,IAEA high,large_then_smr_2050,577779.0163507812,734499.7812499998,781284.7801896208,19.272373507597955,102.8836865836036,45.0
neglr_large@k000,IAEA high,smr_then_large_2050,507454.44788046874,655489.32421875,678536.7038423154,4.75509620956024,48.916747907613384,3.0
neglr_large@k000,McKinsey GEP 2025,pure_large,741589.9210359375,984046.85625,1057660.2176272455,22.106708569644965,111.46600936943143,43.0
neglr_large@k000,McKinsey GEP 2025,pure_smr,625358.4955703125,827039.496875,858261.2661551896,2.9685887093593966,52.70267959738559,1.0
neglr_large@k000,McKinsey GEP 2025,const_0.1,742622.724375,960653.35703125,1024123.8021768962,22.276765109998816,102.422499855859,44.0
neglr_large@k000,McKinsey GEP 2025,const_0.2,736753.4726484375,930661.6593749999,986088.1790793414,21.31036172482859,91.2414455698772,38.0
neglr_large@k000,McKinsey GEP 2025,const_0.3,728460.3922921875,899879.5656249999,949450.4627931637,19.94486211718736,80.43856333687526,34.0
neglr_large@k000,McKinsey GEP 2025,const_0.4,717687.676525,874231.3468749998,916015.7663111277,18.171077404943624,68.99952507363886,29.0
neglr_large@k000,McKinsey GEP 2025,const_0.5,705838.4637640625,856250.7679687499,890129.2218999501,16.220041760664152,57.999836024369365,25.0
neglr_large@k000,McKinsey GEP 2025,const_0.6,692405.1274609375,840644.7593749999,872540.858626497,14.008171784340368,46.71967725887278,21.0
neglr_large@k000,McKinsey GEP 2025,const_0.7,677622.6718234374,833873.353125,862184.4899575849,11.57416216356446,39.26288909505414,16.0
neglr_large@k000,McKinsey GEP 2025,const_0.8,661842.537853125,829592.2726562499,857621.1937375249,8.975879520764723,44.008810461140285,10.0
neglr_large@k000,McKinsey GEP 2025,const_0.9,644317.0088515625,828272.5375,856735.1477045908,6.090208341019888,48.48113389690271,5.0
neglr_large@k000,McKinsey GEP 2025,large_then_smr_2032,633204.999421875,824564.2843749999,854216.2423902196,4.260557130066815,50.185439710500745,2.0
neglr_large@k000,McKinsey GEP 2025,smr_then_large_2032,747138.2535265625,980571.4343749998,1049891.3963947105,23.020270902765468,108.58013714582646,48.0
neglr_large@k000,McKinsey GEP 2025,large_then_smr_2033,641016.54326875,823035.5445312498,851393.3859156687,5.546769200825453,47.75108318365453,4.0
neglr_large@k000,McKinsey GEP 2025,smr_then_large_2033,748138.5325453125,971473.7734374998,1037190.0172155688,23.18497214150428,105.24495663553574,49.0
neglr_large@k000,McKinsey GEP 2025,large_then_smr_2034,648734.2648078125,822405.3960937499,849930.4008233533,6.81753293164254,45.412146974056675,7.0
neglr_large@k000,McKinsey GEP 2025,smr_then_large_2034,746678.89,960095.6195312497,1022370.5678330838,22.944634264949325,101.33692748390028,47.0
neglr_large@k000,McKinsey GEP 2025,large_then_smr_2035,655811.9581703125,821761.3585937499,849285.7767277944,7.982912633072188,43.173385503402955,8.0
neglr_large@k000,McKinsey GEP 2025,smr_then_large_2035,744236.2562296875,947928.01953125,1007431.344748004,22.542441676466904,97.66923589263013,46.0
neglr_large@k000,McKinsey GEP 2025,large_then_smr_2036,662268.0158640625,820964.4210937499,849196.6202282935,9.0459367289476,40.89386927404635,11.0
neglr_large@k000,McKinsey GEP 2025,smr_then_large_2036,740651.3324265626,934200.2726562499,991901.2508108782,21.952164983572967,93.10256754452674,41.0
neglr_large@k000,McKinsey GEP 2025,large_then_smr_2037,668257.936825,822879.371875,850023.0462200599,10.032208942721335,38.72345518800855,13.0
neglr_large@k000,McKinsey GEP 2025,smr_then_large_2037,737068.749428125,921352.7492187497,977443.1322043414,21.362273716569657,89.21218223704153,40.0
neglr_large@k000,McKinsey GEP 2025,large_then_smr_2038,674054.1991296875,824535.84296875,851944.7164421157,10.986594232967745,36.66053785614551,14.0
neglr_large@k000,McKinsey GEP 2025,smr_then_large_2038,732845.60803125,909628.08984375,963142.0266342316,20.666911116338703,84.97778313245036,37.0
neglr_large@k000,McKinsey GEP 2025,large_then_smr_2039,679688.4519328125,827594.6007812499,854887.3505800898,11.91430380064612,39.685229931406965,17.0
neglr_large@k000,McKinsey GEP 2025,smr_then_large_2039,728932.7300703125,899284.2171875,950125.4318238522,20.02263503424558,81.11010739223175,35.0
neglr_large@k000,McKinsey GEP 2025,large_then_smr_2040,685431.38230625,831146.14921875,859082.1996007984,12.859907705922378,44.28433794572365,19.0
neglr_large@k000,McKinsey GEP 2025,smr_then_large_2040,723806.12825,886951.825,936440.9224987525,19.178512889825047,76.88254662793679,32.0
neglr_large@k000,McKinsey GEP 2025,large_then_smr_2041,691349.40949375,836010.62734375,864293.3924962574,13.834342229090984,49.12036435025755,20.0
neglr_large@k000,McKinsey GEP 2025,smr_then_large_2041,719685.860671875,878760.7632812498,925287.338011477,18.50008900875576,72.85136045975521,30.0
neglr_large@k000,McKinsey GEP 2025,large_then_smr_2042,699773.227396875,845458.68984375,875793.814246507,15.221368466318923,56.492612310113266,23.0
neglr_large@k000,McKinsey GEP 2025,smr_then_large_2042,711157.512590625,866527.2257812498,907150.0022766966,17.095851324021616,65.68371986085408,27.0
neglr_large@k000,McKinsey GEP 2025,large_then_smr_2043,707555.287734375,856636.09140625,890532.6981037924,16.50272592109002,63.69396608103905,26.0
neglr_large@k000,McKinsey GEP 2025,smr_then_large_2043,702402.7256640625,856264.1085937499,893070.5929703094,15.654329284000118,58.21475492328752,24.0
neglr_large@k000,McKinsey GEP 2025,large_then_smr_2044,714600.7618125,868630.765625,908186.5593812375,17.662800546687457,70.69160265870872,28.0
neglr_large@k000,McKinsey GEP 2025,smr_then_large_2044,693298.51793125,847170.3062499999,882371.9092128243,14.155273257409148,50.88877510183928,22.0
neglr_large@k000,McKinsey GEP 2025,large_then_smr_2045,721136.0117421875,883600.6515624998,928170.0137849301,18.73886406367729,77.45877584834446,31.0
neglr_large@k000,McKinsey GEP 2025,smr_then_large_2045,684375.1050296875,842125.46875,874469.9613897206,12.68598605742184,43.738351272412274,18.0
neglr_large@k000,McKinsey GEP 2025,large_then_smr_2046,726990.20453125,900703.40234375,949162.7434194111,19.702787915023606,83.97549032233825,33.0
neglr_large@k000,McKinsey GEP 2025,smr_then_large_2046,675519.897271875,838649.021875,868915.8912175648,11.22792919562359,41.81610616429497,15.0
neglr_large@k000,McKinsey GEP 2025,large_then_smr_2047,732228.9986453125,918816.2804687499,970762.7804079341,20.56538311487288,89.89660285115744,36.0
neglr_large@k000,McKinsey GEP 2025,smr_then_large_2047,666432.4145640625,835762.0445312499,864747.5550773453,9.731627032988378,44.2124864905722,12.0
neglr_large@k000,McKinsey GEP 2025,large_then_smr_2048,736803.463678125,936226.884375,992235.0305950599,21.31859301266031,95.54460369732637,39.0
neglr_large@k000,McKinsey GEP 2025,smr_then_large_2048,657466.0170125,833472.2999999999,862083.139626996,8.255262182696457,46.352032853933586,9.0
neglr_large@k000,McKinsey GEP 2025,large_then_smr_2049,740887.4908484375,953253.8851562499,1013371.8557260479,21.991049718624218,100.99845279388902,42.0
neglr_large@k000,McKinsey GEP 2025,smr_then_large_2049,648639.20269375,832069.47265625,860573.7341878742,6.801880451034889,48.384241972938995,6.0
neglr_large@k000,McKinsey GEP 2025,large_then_smr_2050,743859.8780359376,970546.3039062498,1036597.4233096307,22.480469013257025,106.81092369967271,45.0
neglr_large@k000,McKinsey GEP 2025,smr_then_large_2050,637414.648265625,829465.0898437499,858759.3131549401,4.953698109958064,50.47122985100645,3.0
neglr_large@k000,COP28 tripling pledge,pure_large,1418692.865471875,1992126.0453124999,2161496.301272455,29.293101704957255,147.19078236355517,46.0
neglr_large@k000,COP28 tripling pledge,pure_smr,1121608.65348125,1518151.00625,1587001.1078468063,2.218221601810334,49.19720047483561,1.0
neglr_large@k000,COP28 tripling pledge,const_0.1,1411112.6245875,1917651.175,2067693.5589446109,28.602273633945856,132.5624644199431,44.0
neglr_large@k000,COP28 tripling pledge,const_0.2,1390663.322034375,1838034.9218749995,1966311.1554391216,26.73861884357851,116.71081644536312,39.0
neglr_large@k000,COP28 tripling pledge,const_0.3,1366056.18575,1758246.2484374999,1869101.0243887226,24.49603833040646,101.37227200570119,32.0
neglr_large@k000,COP28 tripling pledge,const_0.4,1336986.573746875,1683523.5296874999,1777340.3040169661,21.846768433645853,85.45774916854941,28.0
neglr_large@k000,COP28 tripling pledge,const_0.5,1306434.07461875,1628394.565625,1702594.078717565,19.062355067473472,70.92326648208349,25.0
neglr_large@k000,COP28 tripling pledge,const_0.6,1273272.95355,1584223.5406249997,1649013.3414421158,16.040203970966605,56.955087603799235,22.0
neglr_large@k000,COP28 tripling pledge,const_0.7,1238985.7583375,1556604.40625,1615870.0370508982,12.915427688742206,43.097888824473074,17.0
neglr_large@k000,COP28 tripling pledge,const_0.8,1203121.991190625,1538050.9140625,1598538.595496507,9.646969937175585,42.38520736934649,10.0
neglr_large@k000,COP28 tripling pledge,const_0.9,1164267.063853125,1527598.4984374999,1590589.8940868264,6.105911689649137,46.061702249409386,5.0
neglr_large@k000,COP28 tripling pledge,large_then_smr_2032,1141294.811153125,1516837.0265624998,1582469.7228667664,4.012326899719874,47.12389924714871,2.0
neglr_large@k000,COP28 tripling pledge,smr_then_large_2032,1428810.083825,1975160.575,2136727.832210579,30.215138160724415,143.6045314373951,49.0
neglr_large@k000,COP28 tripling pledge,large_then_smr_2033,1161023.147884375,1519051.5203125,1580908.435254491,5.8102762018859515,45.173411476846574,4.0
neglr_large@k000,COP28 tripling pledge,smr_then_large_2033,1425098.564121875,1945231.7390624997,2097201.4308882235,29.876887432793616,137.18542576753435,48.0
neglr_large@k000,COP28 tripling pledge,large_then_smr_2034,1178228.155603125,1519512.7015624999,1579917.6125249502,7.378260976430529,43.039172013237724,7.0
neglr_large@k000,COP28 tripling pledge,smr_then_large_2034,1417436.302778125,1914652.7953124999,2055342.167789421,29.17858439672533,130.6940098761445,45.0
neglr_large@k000,COP28 tripling pledge,large_then_smr_2035,1193634.937284375,1521712.2046875,1580378.9301397207,8.782363752542938,40.91478371371982,8.0
neglr_large@k000,COP28 tripling pledge,smr_then_large_2035,1406593.90115625,1876870.5546874995,2011641.7055888223,28.190458094168076,123.54862649288302,42.0
neglr_large@k000,COP28 tripling pledge,large_then_smr_2036,1206037.10099375,1524209.2078125,1581899.9626372256,9.91263955279827,38.59165764820177,11.0
neglr_large@k000,COP28 tripling pledge,smr_then_large_2036,1395903.13614375,1843639.2171874994,1971183.5386726547,27.21615125037831,117.5680841677835,41.0
neglr_large@k000,COP28 tripling pledge,large_then_smr_2037,1212696.354909375,1526573.8578124999,1584364.536801397,10.519533134028524,37.73388868123673,12.0
neglr_large@k000,COP28 tripling pledge,smr_then_large_2037,1390542.3018875,1828695.0749999997,1952481.4566492017,26.72758962750287,114.46224196192334,38.0
neglr_large@k000,COP28 tripling pledge,large_then_smr_2038,1219527.58493125,1529647.2765624998,1587649.1251871258,11.142099821635336,36.94554777966894,13.0
neglr_large@k000,COP28 tripling pledge,smr_then_large_2038,1385937.1119375,1814357.7937499997,1935621.3318987025,26.307893929394208,111.43026782285328,37.0
neglr_large@k000,COP28 tripling pledge,large_then_smr_2039,1226680.08215625,1533261.6046874996,1591528.7611027944,11.793945315232543,36.23781041846022,15.0
neglr_large@k000,COP28 tripling pledge,smr_then_large_2039,1380534.851415625,1799346.6296875,1918123.3329590817,25.815556908400495,108.87065401156477,36.0
neglr_large@k000,COP28 tripling pledge,large_then_smr_2040,1235295.246071875,1539159.96875,1597371.5754116767,12.579091481437649,38.670825806455646,16.0
neglr_large@k000,COP28 tripling pledge,smr_then_large_2040,1374745.1563875,1784307.7859374997,1899960.5429141717,25.287910899647876,105.88407667955155,34.0
neglr_large@k000,COP28 tripling pledge,large_then_smr_2041,1245495.28064375,1544927.5578124998,1603435.4854665669,13.508675424088173,41.51006572214011,18.0
neglr_large@k000,COP28 tripling pledge,smr_then_large_2041,1370014.744284375,1768472.9484375,1883703.6674151698,24.856803034061848,103.93832510060047,33.0
neglr_large@k000,COP28 tripling pledge,large_then_smr_2042,1271054.8822375,1566535.546875,1627819.8910928143,15.838059217316546,52.062889584192426,20.0
neglr_large@k000,COP28 tripling pledge,smr_then_large_2042,1346419.6395625,1711522.0203124997,1813453.250748503,22.706454393568894,91.95336298300087,30.0
neglr_large@k000,COP28 tripling pledge,large_then_smr_2043,1295097.4420625,1596769.228125,1664313.5800274452,18.029186844977737,62.606762243949895,23.0
neglr_large@k000,COP28 tripling pledge,smr_then_large_2043,1321855.528190625,1660961.059375,1753227.911489521,20.46779497179238,80.99195076955455,27.0
neglr_large@k000,COP28 tripling pledge,large_then_smr_2044,1317629.128253125,1635145.4749999999,1713451.1837574851,20.08262044229106,73.55296054627341,26.0
neglr_large@k000,COP28 tripling pledge,smr_then_large_2044,1296964.61745625,1625328.9515624999,1704895.7133233533,18.199352568624207,70.38297327859758,24.0
neglr_large@k000,COP28 tripling pledge,large_then_smr_2045,1338870.243959375,1678746.9718749998,1772478.054952595,22.018437418731185,84.60432052366434,29.0
neglr_large@k000,COP28 tripling pledge,smr_then_large_2045,1272114.5988125,1596935.2921874998,1667307.2091442116,15.934636881337102,59.99264378438947,21.0
neglr_large@k000,COP28 tripling pledge,large_then_smr_2046,1358604.2336,1728288.278125,1836943.6757734532,23.816901900894667,95.47473122043012,31.0
neglr_large@k000,COP28 tripling pledge,smr_then_large_2046,1247544.338621875,1575335.5796875,1639551.0498378244,13.695417084677937,50.16566759070238,19.0
neglr_large@k000,COP28 tripling pledge,large_then_smr_2047,1376775.490121875,1785781.8156249996,1903817.9590194612,25.4729461193226,106.1357555526019,35.0
neglr_large@k000,COP28 tripling pledge,smr_then_large_2047,1223383.17390625,1559998.665625,1620198.1699725548,11.493480356217342,41.906373582189765,14.0
neglr_large@k000,COP28 tripling pledge,large_then_smr_2048,1393240.71741875,1839078.5218749999,1970475.9845933134,26.973510730100436,116.5281412886353,40.0
neglr_large@k000,COP28 tripling pledge,smr_then_large_2048,1199512.54134375,1545428.778125,1607480.4659431137,9.318021383539397,44.09235800109449,9.0
neglr_large@k000,COP28 tripling pledge,large_then_smr_2049,1408154.499359375,1891362.4171874993,2036421.0874500999,28.33268379157447,126.59177325893452,43.0
neglr_large@k000,COP28 tripling pledge,smr_then_large_2049,1175082.28261875,1535651.4578125,1597983.408495509,7.091560672496606,46.08070682240126,6.0
neglr_large@k000,COP28 tripling pledge,large_then_smr_2050,1420231.14775625,1947785.9124999999,2103915.046968563,29.433293632812248,136.95500137196615,47.0
neglr_large@k000,COP28 tripling pledge,smr_then_large_2050,1149767.79429375,1527486.08125,1592257.726734032,4.784515368138542,47.78477878737206,3.0
neglr_large@k000,2025 EO,pure_large,2192791.53895625,3219999.940625,3524596.6946107782,34.66669524520466,179.38653868313773,47.0
neglr_large@k000,2025 EO,pure_smr,1659304.39648125,2275930.8781249993,2386394.0177145707,1.9034575381162155,52.712648721746845,1.0
neglr_large@k000,2025 EO,const_0.1,2173054.761003125,3074424.7687499993,3348293.7781936126,33.45459340400507,162.41246952475052,44.0
neglr_large@k000,2025 EO,const_0.2,2130330.89798125,2919488.4031249993,3155536.4140469064,30.830777441999246,144.11758324207923,39.0
neglr_large@k000,2025 EO,const_0.3,2082975.49088125,2766743.4265625,2972383.1023577843,27.922522798156635,126.17129838000533,34.0
neglr_large@k000,2025 EO,const_0.4,2029611.48635,2618609.6875,2797517.2625998002,24.645259999753915,107.63872704245607,28.0
neglr_large@k000,2025 EO,const_0.5,1973615.588565625,2500653.675,2647220.0,21.2063637946457,89.3212291284579,25.0
neglr_large@k000,2025 EO,const_0.6,1914917.077075,2409238.634375,2531606.1531936126,17.601491002215223,70.94351925373576,20.0
neglr_large@k000,2025 EO,const_0.7,1857020.541065625,2355968.346875,2459047.9592065867,14.045870218381523,53.31703294662063,16.0
neglr_large@k000,2025 EO,const_0.8,1795507.9127375,2323248.734375,2418332.484031936,10.268173056736089,44.29241268609113,10.0
neglr_large@k000,2025 EO,const_0.9,1730509.863915625,2297765.6218749997,2398177.786427146,6.276424513053381,48.74491963830656,5.0
neglr_large@k000,2025 EO,large_then_smr_2032,1691102.05624375,2278384.15625,2382226.49001996,3.8562586506129968,50.31987675949853,2.0
neglr_large@k000,2025 EO,smr_then_large_2032,2207026.703871875,3184791.396875,3478102.873191118,35.54092454671417,177.21186091406437,49.0
neglr_large@k000,2025 EO,large_then_smr_2033,1721823.8671125,2281901.2312499997,2381777.631487026,5.742988268154318,48.04157929948973,4.0
neglr_large@k000,2025 EO,smr_then_large_2033,2197592.0180125,3121736.6999999993,3406235.346494511,34.96150879159709,171.58851593830616,48.0
neglr_large@k000,2025 EO,large_then_smr_2034,1749278.536078125,2285451.33125,2382078.650449102,7.429071725230978,45.697320052967186,7.0
neglr_large@k000,2025 EO,smr_then_large_2034,2182231.224021875,3057382.64375,3330598.8572854293,34.01815082696152,165.11941688122192,45.0
neglr_large@k000,2025 EO,large_then_smr_2035,1775282.50159375,2294110.50625,2385444.6102794413,9.026062609702532,43.46900155264392,9.0
neglr_large@k000,2025 EO,smr_then_large_2035,2163391.09401875,3001904.878125,3253353.938747505,32.86111514872348,158.27613773927922,42.0
neglr_large@k000,2025 EO,large_then_smr_2036,1799948.014434375,2302011.6999999997,2392272.2781936126,10.540854618776134,41.20350110143564,11.0
neglr_large@k000,2025 EO,smr_then_large_2036,2143259.178390625,2935561.931249999,3178040.3916541915,31.62474657540924,151.2720860986507,40.0
neglr_large@k000,2025 EO,large_then_smr_2037,1823534.3808875,2312910.734375,2403394.161302395,11.989372622724924,39.1558971691512,13.0
neglr_large@k000,2025 EO,smr_then_large_2037,2122140.277553125,2874228.9875,3104404.5705464073,30.32776392454082,144.22839597275436,37.0
neglr_large@k000,2025 EO,large_then_smr_2038,1846477.71820625,2323017.1531249997,2420209.48502994,13.398400047229995,43.500084389256564,15.0
neglr_large@k000,2025 EO,smr_then_large_2038,2100903.910115625,2811877.7937499997,3034262.4215943115,29.023567255129077,137.49873538435216,36.0
neglr_large@k000,2025 EO,large_then_smr_2039,1869030.3550375,2339279.328125,2441782.4883982036,14.783433242211835,50.151135877408464,17.0
neglr_large@k000,2025 EO,smr_then_large_2039,2079448.3794125,2747399.468749998,2966521.36252495,27.70591103328084,130.30807157399855,33.0
neglr_large@k000,2025 EO,large_then_smr_2040,1891929.9716875,2361418.196875,2469467.748253493,16.189775633566295,56.82480667355719,19.0
neglr_large@k000,2025 EO,smr_then_large_2040,2059553.110253125,2696761.1718749995,2903509.548527944,26.484075714643044,124.08174336563172,31.0
neglr_large@k000,2025 EO,large_then_smr_2041,1920991.882403125,2393887.9218749995,2507036.6933632735,17.974565206152526,63.893188808335864,22.0
neglr_large@k000,2025 EO,smr_then_large_2041,2037408.317434375,2644094.2718749996,2839754.549276447,25.12408959064957,117.19714454770293,30.0
neglr_large@k000,2025 EO,large_then_smr_2042,1958906.072090625,2456496.6968749994,2582975.7226796406,20.303002970257428,76.31489289184593,24.0
neglr_large@k000,2025 EO,smr_then_large_2042,1996671.634196875,2566126.1062499997,2734101.6413423154,22.622313015272923,104.49863893760343,27.0
neglr_large@k000,2025 EO,large_then_smr_2043,1995189.30085625,2529523.540625,2675387.5407934133,22.531277944821692,88.73571031997719,26.0
neglr_large@k000,2025 EO,smr_then_large_2043,1956255.835925,2491303.921875,2643984.5746007985,20.140243063670994,91.95313319786906,23.0
neglr_large@k000,2025 EO,large_then_smr_2044,2029789.882234375,2604682.878124999,2779672.925523952,24.65621589034695,101.04403382671508,29.0
neglr_large@k000,2025 EO,smr_then_large_2044,1916623.730534375,2438016.53125,2570659.8907809383,17.70630232477816,79.64639108514011,21.0
neglr_large@k000,2025 EO,large_then_smr_2045,2062629.456871875,2699022.5749999997,2890286.8216067865,26.67300449570402,113.15653699812727,32.0
neglr_large@k000,2025 EO,smr_then_large_2045,1878037.599434375,2395827.871875,2513954.742265469,15.336598381097042,67.63685508771792,18.0
neglr_large@k000,2025 EO,large_then_smr_2046,2093517.335484375,2790448.7375,3001956.3176147705,28.56993289130533,125.00802955302959,35.0
neglr_large@k000,2025 EO,smr_then_large_2046,1840665.5133875,2366920.7468749997,2472539.491017964,13.04145302279835,55.96475863279116,14.0
neglr_large@k000,2025 EO,large_then_smr_2047,2122240.024715625,2885022.6374999997,3112731.9726172653,30.33388973289758,136.54444470499013,38.0
neglr_large@k000,2025 EO,smr_then_large_2047,1804448.261190625,2341082.2718749996,2442849.754241517,10.817229890973966,44.925991286770774,12.0
neglr_large@k000,2025 EO,large_then_smr_2048,2148509.95421875,2971045.06875,3221984.6798278443,31.94721435936629,147.71659802966278,41.0
neglr_large@k000,2025 EO,smr_then_large_2048,1769339.81563125,2320600.384375,2422154.509231537,8.661102299872592,47.09913372185488,8.0
neglr_large@k000,2025 EO,large_then_smr_2049,2172347.34911875,3058616.215624999,3328539.538236028,33.41114886358546,158.48715788109863,43.0
neglr_large@k000,2025 EO,smr_then_large_2049,1735103.34303125,2306307.5843749996,2408242.5414171657,6.558525497661122,49.14746118028175,6.0
neglr_large@k000,2025 EO,large_then_smr_2050,2192150.719234375,3145844.9624999994,3434805.0456586825,34.62734035320524,169.2805635022947,46.0
neglr_large@k000,2025 EO,smr_then_large_2050,1698733.72093125,2291618.3343749996,2396776.6781437127,4.32494481818839,51.02644513802778,3.0
floor050@k100,EIA 2026 AEO high,pure_large,159600.69497265626,191731.259375,196195.995594748,7.659996727732975,31.212539951736986,26.0
floor050@k100,EIA 2026 AEO high,pure_smr,149223.31226972656,195056.953125,200763.60177301647,0.659845581578797,12.54260798898976,1.0
floor050@k100,EIA 2026 AEO high,const_0.1,160580.3682533203,193799.6173828125,198134.88267215568,8.320843613196791,29.92809635138602,35.0
floor050@k100,EIA 2026 AEO high,const_0.2,160961.2935794922,195283.56933593747,199577.53491454592,8.577800009133544,28.66516879395722,46.0
floor050@k100,EIA 2026 AEO high,const_0.3,160732.1597404297,196206.1291015625,200495.65488554141,8.423235842806397,25.83347783881468,36.0
floor050@k100,EIA 2026 AEO high,const_0.4,159988.27178222657,196529.05839843748,200929.7101656063,7.92143993797234,23.240944202599497,32.0
floor050@k100,EIA 2026 AEO high,const_0.5,158828.64615820313,196659.321484375,201081.23442957836,7.139204679478336,19.799735674423527,24.0
floor050@k100,EIA 2026 AEO high,const_0.6,157441.7179839844,196608.4142578125,201250.0612291043,6.203640566028998,16.489619411681275,22.0
floor050@k100,EIA 2026 AEO high,const_0.7,155734.55946582032,196465.20625,201219.22687437624,5.052062369513294,12.621000375855942,20.0
floor050@k100,EIA 2026 AEO high,const_0.8,153710.33464101562,196025.778515625,201046.1636882485,3.686604418017499,11.064800629192703,18.0
floor050@k100,EIA 2026 AEO high,const_0.9,151618.3009203125,195726.8236328125,201001.12342502494,2.275405403102225,11.823304711427465,8.0
floor050@k100,EIA 2026 AEO high,large_then_smr_2032,149223.31226972656,195056.953125,200763.60177301647,0.659845581578797,12.54260798898976,2.0
floor050@k100,EIA 2026 AEO high,smr_then_large_2032,159600.69497265626,191731.259375,196195.995594748,7.659996727732975,31.212539951736986,27.0
floor050@k100,EIA 2026 AEO high,large_then_smr_2033,149223.31226972656,195056.953125,200763.60177301647,0.659845581578797,12.54260798898976,3.0
floor050@k100,EIA 2026 AEO high,smr_then_large_2033,159600.69497265626,191731.259375,196195.995594748,7.659996727732975,31.212539951736986,28.0
floor050@k100,EIA 2026 AEO high,large_then_smr_2034,149223.31226972656,195056.953125,200763.60177301647,0.659845581578797,12.54260798898976,4.0
floor050@k100,EIA 2026 AEO high,smr_then_large_2034,159600.69497265626,191731.259375,196195.995594748,7.659996727732975,31.212539951736986,29.0
floor050@k100,EIA 2026 AEO high,large_then_smr_2035,149223.31226972656,195056.953125,200763.60177301647,0.659845581578797,12.54260798898976,5.0
floor050@k100,EIA 2026 AEO high,smr_then_large_2035,159600.69497265626,191731.259375,196195.995594748,7.659996727732975,31.212539951736986,30.0
floor050@k100,EIA 2026 AEO high,large_then_smr_2036,149223.31226972656,195056.953125,200763.60177301647,0.659845581578797,12.54260798898976,6.0
floor050@k100,EIA 2026 AEO high,smr_then_large_2036,159600.69497265626,191731.259375,196195.995594748,7.659996727732975,31.212539951736986,31.0
floor050@k100,EIA 2026 AEO high,large_then_smr_2037,153983.35491894532,196263.03828125,201242.89272236777,3.8707725523326455,11.451586117951313,19.0
floor050@k100,EIA 2026 AEO high,smr_then_large_2037,162216.30214785156,196384.5064453125,200670.41112306635,9.424376638301704,30.2156940811957,49.0
floor050@k100,EIA 2026 AEO high,large_then_smr_2038,157676.05889628906,196887.7349609375,201561.79686720308,6.361717207588855,16.07967891377705,23.0
floor050@k100,EIA 2026 AEO high,smr_then_large_2038,161770.38039570313,198193.11406249998,202323.4202220559,9.123576354284452,25.645362987273913,48.0
floor050@k100,EIA 2026 AEO high,large_then_smr_2039,160320.4990328125,197332.21015625,201626.74585204592,8.14554663573499,22.782415734152963,33.0
floor050@k100,EIA 2026 AEO high,smr_then_large_2039,159592.79617128905,198096.484765625,202427.4859967565,7.654668524560112,19.53931658948809,25.0
floor050@k100,EIA 2026 AEO high,large_then_smr_2040,161518.76401914062,196670.613671875,200900.10265406687,8.953846402406713,27.313348398857656,47.0
floor050@k100,EIA 2026 AEO high,smr_then_large_2040,156460.14197617187,197339.353125,202038.74124407436,5.541510179897408,13.067236597626595,21.0
floor050@k100,EIA 2026 AEO high,large_then_smr_2041,160884.48336914062,194396.63359375,198800.7832538049,8.525987033027628,29.88957274015315,45.0
floor050@k100,EIA 2026 AEO high,smr_then_large_2041,152694.8281841797,196314.0845703125,201419.92140718564,3.0015859609319593,11.946432707712667,17.0
floor050@k100,EIA 2026 AEO high,large_then_smr_2042,160862.74451972658,194341.087890625,198739.12227887975,8.511322908556341,29.9547440449837,44.0
floor050@k100,EIA 2026 AEO high,smr_then_large_2042,152599.8080517578,196259.655078125,201402.2840179017,2.937489328098622,11.965386219039484,16.0
floor050@k100,EIA 2026 AEO high,large_then_smr_2043,160843.78289179687,194280.548046875,198682.28864926397,8.498532182292822,30.018658457710412,43.0
floor050@k100,EIA 2026 AEO high,smr_then_large_2043,152509.78694453125,196232.2783203125,201385.69259917663,2.8767648299308726,11.983488627327434,15.0
floor050@k100,EIA 2026 AEO high,large_then_smr_2044,160827.45488007812,194207.83554687497,198629.8688404441,8.487517984087031,30.08146617298721,42.0
floor050@k100,EIA 2026 AEO high,smr_then_large_2044,152424.50140078124,196194.2833984375,201369.88165076097,2.819234746101219,12.000792632455086,14.0
floor050@k100,EIA 2026 AEO high,large_then_smr_2045,160813.62900488282,194181.063671875,198581.65809786678,8.478191623205328,30.143322655455858,41.0
floor050@k100,EIA 2026 AEO high,smr_then_large_2045,152343.70298515624,196151.627734375,201354.87516373504,2.7647314924450623,12.01731404438601,13.0
floor050@k100,EIA 2026 AEO high,large_then_smr_2046,160802.18289726562,194125.74999999997,198537.37193581587,8.470470554642171,30.20438336975814,40.0
floor050@k100,EIA 2026 AEO high,smr_then_large_2046,152267.1561501953,196116.3837890625,201340.82506081587,2.7130961784332737,12.033102928004846,12.0
floor050@k100,EIA 2026 AEO high,large_then_smr_2047,160793.04761386718,194061.47246093748,198496.85279441118,8.464308272072216,30.26479851054797,39.0
floor050@k100,EIA 2026 AEO high,smr_then_large_2047,152194.6548361328,196071.566015625,201327.60833021457,2.664189804710638,12.048182998256946,11.0
floor050@k100,EIA 2026 AEO high,large_then_smr_2048,160786.14986308594,194013.7990234375,198459.97892496258,8.459655336026636,30.324731447448904,38.0
floor050@k100,EIA 2026 AEO high,smr_then_large_2048,152125.99800527343,196033.003125,201315.07265936877,2.6178767596018857,12.06261222500874,10.0
floor050@k100,EIA 2026 AEO high,large_then_smr_2049,160781.39375214843,193976.29824218748,198426.68792882984,8.456447061225228,30.384332375114866,37.0
floor050@k100,EIA 2026 AEO high,smr_then_large_2049,152060.98340253907,196023.747265625,201303.2489864022,2.574020610235889,12.076385338272367,9.0
floor050@k100,EIA 2026 AEO high,large_then_smr_2050,160568.18458300782,193353.24375,197808.73426584332,8.312625015488301,31.03892547178408,34.0
floor050@k100,EIA 2026 AEO high,smr_then_large_2050,151073.44985820312,195717.905078125,201123.98772766965,1.9078715175270597,12.26971747779132,7.0
floor050@k100,Abou-Jaoude mod,pure_large,217791.88827070312,263363.316796875,269948.6688264097,9.846215618908962,32.14907237130396,29.0
floor050@k100,Abou-Jaoude mod,pure_smr,199414.13961523437,265937.9806640625,274662.6519539047,0.5771553365095962,13.268487831465569,1.0
floor050@k100,Abou-Jaoude mod,const_0.1,219679.76020546874,266589.94765625,273139.0051381612,10.798388765731563,32.77094629724849,40.0
floor050@k100,Abou-Jaoude mod,const_0.2,220024.45531757813,268331.10898437497,274874.9323228543,10.97224029853286,31.029986949246318,45.0
floor050@k100,Abou-Jaoude mod,const_0.3,219614.90314179688,269554.5140625,276081.9665434756,10.765677248984643,28.69776615787125,39.0
floor050@k100,Abou-Jaoude mod,const_0.4,218455.1923796875,270187.83046875,276808.49200817116,10.180761807726808,26.069230011157167,31.0
floor050@k100,Abou-Jaoude mod,const_0.5,216623.29681679688,270288.25742187497,277161.79255551397,9.256821083440087,22.674536597743515,25.0
floor050@k100,Abou-Jaoude mod,const_0.6,214186.32940429688,270126.432421875,277130.56090943114,8.02770437952959,18.80715831941346,21.0
floor050@k100,Abou-Jaoude mod,const_0.7,211267.17208515626,269505.06152343744,276904.49600798404,6.555388827054666,14.891631086162029,16.0
floor050@k100,Abou-Jaoude mod,const_0.8,207687.2424078125,268488.784375,276260.9828390095,4.749804007709809,12.12928107561309,12.0
floor050@k100,Abou-Jaoude mod,const_0.9,203769.727478125,267386.437890625,275567.24932166917,2.773953607249167,12.535805702581346,7.0
floor050@k100,Abou-Jaoude mod,large_then_smr_2032,200109.9653890625,266078.437890625,274648.4834705589,0.9281042565635672,12.963411135542431,2.0
floor050@k100,Abou-Jaoude mod,smr_then_large_2032,218374.16891875,264359.3939453125,270903.5553580339,10.139896554980256,32.22935871943609,30.0
floor050@k100,Abou-Jaoude mod,large_then_smr_2033,200818.60311015625,266215.1859375,274694.454286739,1.2855150514514104,12.835645689875612,3.0
floor050@k100,Abou-Jaoude mod,smr_then_large_2033,218731.72884960938,265046.834375,271522.52625998005,10.32023662904694,32.63953603933058,33.0
floor050@k100,Abou-Jaoude mod,large_then_smr_2034,201455.10687617186,266359.11093749997,274681.95784992515,1.606544133292587,12.569598037570971,4.0
floor050@k100,Abou-Jaoude mod,smr_then_large_2034,218982.5841171875,265544.11523437494,271983.62670752243,10.446758796747124,32.97003973358488,35.0
floor050@k100,Abou-Jaoude mod,large_then_smr_2035,202091.9107453125,266438.58671875,274700.77965943114,1.9277245761088597,12.378464083123466,5.0
floor050@k100,Abou-Jaoude mod,smr_then_large_2035,219190.071596875,265980.46171875,272407.4884215943,10.551407847788218,32.8488526814891,37.0
floor050@k100,Abou-Jaoude mod,large_then_smr_2036,202769.1729703125,266580.6984375,274803.8332631612,2.269310725109155,12.29862890364296,6.0
floor050@k100,Abou-Jaoude mod,smr_then_large_2036,219277.976128125,266277.478125,272698.66637818114,10.595743659237563,32.688790258939996,38.0
floor050@k100,Abou-Jaoude mod,large_then_smr_2037,204380.52609257813,266674.040234375,274969.48629303894,3.0820179563655805,12.063879352646925,8.0
floor050@k100,Abou-Jaoude mod,smr_then_large_2037,220007.1064703125,267713.0296875,274148.3222773204,10.96349017825698,32.54315538239888,44.0
floor050@k100,Abou-Jaoude mod,large_then_smr_2038,205879.0806996094,266968.98359375,275101.81625810877,3.837833766530477,11.839989371990375,10.0
floor050@k100,Abou-Jaoude mod,smr_then_large_2038,220182.74686445313,268778.004296875,275086.34456087823,11.052076731040712,31.707947640144482,47.0
floor050@k100,Abou-Jaoude mod,large_then_smr_2039,207320.0544265625,267407.269140625,275280.36576846306,4.56460789925362,11.645269710355304,11.0
floor050@k100,Abou-Jaoude mod,smr_then_large_2039,219990.67026484376,269052.86328125,275426.56911957334,10.955200360926261,31.106626514958567,43.0
floor050@k100,Abou-Jaoude mod,large_then_smr_2040,208669.87899375,267939.61874999997,275475.8722243014,5.245409749277911,11.662098892111448,13.0
floor050@k100,Abou-Jaoude mod,smr_then_large_2040,219917.45336289064,269481.4072265625,275926.0701409681,10.918272449318756,30.74713572737973,42.0
floor050@k100,Abou-Jaoude mod,large_then_smr_2041,209961.274665625,268420.146484375,275653.614528755,5.896742214175728,13.425870824467921,15.0
floor050@k100,Abou-Jaoude mod,smr_then_large_2041,219808.59733867188,270079.754296875,276567.602225237,10.863369475646534,29.573713050248983,41.0
floor050@k100,Abou-Jaoude mod,large_then_smr_2042,211756.0969046875,268699.244140625,275929.75071731536,6.801984517895601,15.931541335281931,18.0
floor050@k100,Abou-Jaoude mod,smr_then_large_2042,219121.00490664062,270452.432421875,276773.64675336826,10.516573150280385,27.719561595078023,36.0
floor050@k100,Abou-Jaoude mod,large_then_smr_2043,213336.98360859376,268885.3029296875,276124.5552176896,7.599325608627638,18.40694217289278,19.0
floor050@k100,Abou-Jaoude mod,smr_then_large_2043,218604.2047796875,270671.141015625,277341.70818519214,10.255918179941856,26.44909037379767,32.0
floor050@k100,Abou-Jaoude mod,large_then_smr_2044,214833.7226332031,269239.001171875,276416.1330152196,8.354225705816395,20.213147600527154,22.0
floor050@k100,Abou-Jaoude mod,smr_then_large_2044,217732.85919921874,270708.42109375,277438.2614614521,9.816443527002596,24.49659794375455,28.0
floor050@k100,Abou-Jaoude mod,large_then_smr_2045,216082.21590078124,269556.403515625,276457.0489801647,8.983919776417789,22.262909233623724,24.0
floor050@k100,Abou-Jaoude mod,smr_then_large_2045,216799.45955117187,270759.051171875,277514.2569314496,9.345671085420513,23.156963947298664,26.0
floor050@k100,Abou-Jaoude mod,large_then_smr_2046,217319.81377578125,269812.7640625,276638.4241516966,9.608118611857337,24.02400370660223,27.0
floor050@k100,Abou-Jaoude mod,smr_then_large_2046,215953.468971875,270923.5265625,277750.3322963448,8.918984562231437,21.21241523779415,23.0
floor050@k100,Abou-Jaoude mod,large_then_smr_2047,218833.14114726562,269739.248828125,276325.6792118887,10.371385260904667,26.928089629668,34.0
floor050@k100,Abou-Jaoude mod,smr_then_large_2047,214026.17062148437,270784.55624999997,277945.3606303019,7.946926181912712,18.144165000770204,20.0
floor050@k100,Abou-Jaoude mod,large_then_smr_2048,220055.00912421875,269584.18671875,276102.0647766966,10.987650514491191,29.57647522688468,46.0
floor050@k100,Abou-Jaoude mod,smr_then_large_2048,211634.6824171875,270320.95820312493,277657.84994074353,6.7407475173852465,15.156155797996345,17.0
floor050@k100,Abou-Jaoude mod,large_then_smr_2049,220868.59854726563,269147.314453125,275691.5706711577,11.397995086545176,32.15061895379969,49.0
floor050@k100,Abou-Jaoude mod,smr_then_large_2049,208791.14701015624,269456.74609375,276986.5342829965,5.306572875157427,12.397803259910907,14.0
floor050@k100,Abou-Jaoude mod,large_then_smr_2050,220852.39983203125,267794.828125,274354.89789171657,11.389825050551122,34.11464081156898,48.0
floor050@k100,Abou-Jaoude mod,smr_then_large_2050,204765.73640703125,267915.82890624995,276031.6499423029,3.2763038666261677,12.720690281644808,9.0
floor050@k100,IAEA high,pure_large,530530.1962992188,648612.4359375,664076.615862026,11.278512643655652,34.45545709565416,29.0
floor050@k100,IAEA high,pure_smr,479573.2986132812,651187.69765625,675272.6158932135,0.5903221825269201,14.801228476687424,1.0
floor050@k100,IAEA high,const_0.1,536080.0258148437,657243.9156249999,672595.9339134231,12.442587333904381,34.18468998670457,40.0
floor050@k100,IAEA high,const_0.2,536890.6049734375,660969.6140625,676792.9617327844,12.612606012911645,32.69941680240562,46.0
floor050@k100,IAEA high,const_0.3,535650.7102875,663951.509375,680023.7002245509,12.352538560675466,29.904525917338812,39.0
floor050@k100,IAEA high,const_0.4,531938.0534117188,665231.63203125,681841.9048465568,11.573810152801451,26.624625062455003,32.0
floor050@k100,IAEA high,const_0.5,527151.4917421875,665946.9601562499,683391.0120696108,10.569830611244575,23.329176516210264,25.0
floor050@k100,IAEA high,const_0.6,520847.7367148438,665737.78359375,684038.1139595809,9.247620323487176,19.29965014594191,20.0
floor050@k100,IAEA high,const_0.7,513083.3989890625,664287.3656249999,683736.3477732036,7.619053354415608,15.213527426155888,15.0
floor050@k100,IAEA high,const_0.8,503694.172175,661235.1617187498,682294.0666791417,5.649666499471112,13.754489332359512,11.0
floor050@k100,IAEA high,const_0.9,492383.6004015625,656734.3953125,679212.8062000998,3.277278249231768,14.164726836240703,5.0
floor050@k100,IAEA high,large_then_smr_2032,488538.08458203124,654455.18828125,677444.1228480539,2.4706827269973703,14.220107293369056,3.0
floor050@k100,IAEA high,smr_then_large_2032,536464.3173171876,656663.39296875,671971.7334081837,12.523192334525852,35.15581438923669,43.0
floor050@k100,IAEA high,large_then_smr_2033,496383.28744921874,657044.5132812499,679334.426022954,4.11621112959935,13.994256101388576,7.0
floor050@k100,IAEA high,smr_then_large_2033,538614.3816679687,661144.2437499999,676714.0142527445,12.974167537656692,34.7507976847522,48.0
floor050@k100,IAEA high,large_then_smr_2034,503354.55868203123,659894.17265625,681030.1487337825,5.5784326948075895,13.800499880212804,9.0
floor050@k100,IAEA high,smr_then_large_2034,538668.7081242187,663662.40546875,679283.2089258982,12.985562491781588,33.58532714020853,49.0
floor050@k100,IAEA high,large_then_smr_2035,509127.13206640625,661556.153125,681967.6992889221,6.789227829223107,13.34249517532287,13.0
floor050@k100,IAEA high,smr_then_large_2035,537302.5911609374,664643.7125,680538.5066429641,12.699019963511498,31.892624680695487,47.0
floor050@k100,IAEA high,large_then_smr_2036,514089.1778921875,662561.36484375,682523.5050523952,7.830015107712293,15.748149738262452,16.0
floor050@k100,IAEA high,smr_then_large_2036,535461.6478851562,665722.8046875,681615.1875935629,12.312882791642139,30.13169787652386,37.0
floor050@k100,IAEA high,large_then_smr_2037,518035.00645703124,663411.58984375,682302.1320484031,8.657651191210581,17.91201869197939,18.0
floor050@k100,IAEA high,smr_then_large_2037,533191.5724695312,666171.05390625,682459.7922904191,11.836735312004228,28.30037385261516,33.0
floor050@k100,IAEA high,large_then_smr_2038,521476.80902578123,663890.9953124999,681974.9201908683,9.379568008265046,19.949103826072097,21.0
floor050@k100,IAEA high,smr_then_large_2038,530599.7839242187,666074.84921875,683083.6694111776,11.29310862228688,26.45655989367769,30.0
floor050@k100,IAEA high,large_then_smr_2039,524580.314684375,664194.95234375,681666.8016467065,10.030527173414438,21.87031212132665,23.0
floor050@k100,IAEA high,smr_then_large_2039,527882.204440625,666599.38203125,683638.2960953094,10.723097329744602,24.661411126354547,27.0
floor050@k100,IAEA high,large_then_smr_2040,527247.0549953125,663966.1343749999,681244.8547592316,10.589874968277064,23.71773442937634,26.0
floor050@k100,IAEA high,smr_then_large_2040,525066.7745546876,666980.1640624999,684129.8436876248,10.132561951466297,22.849787181023107,24.0
floor050@k100,IAEA high,large_then_smr_2041,529527.7709726562,663201.9546875,680626.4470122255,11.06825430180381,25.323112218503237,28.0
floor050@k100,IAEA high,smr_then_large_2041,522141.8466109375,666526.0554687498,684449.1892776946,9.51905939602119,21.040113251787734,22.0
floor050@k100,IAEA high,large_then_smr_2042,531539.4855867188,662668.76328125,679734.0296906187,11.490210698777911,26.965114259518487,31.0
floor050@k100,IAEA high,smr_then_large_2042,518618.9102859375,666211.0984375,684461.5374251497,8.780124803572086,18.952009797413513,19.0
floor050@k100,IAEA high,large_then_smr_2043,533197.3309921875,661901.26171875,678815.503493014,11.837943160003611,28.483527885436672,34.0
floor050@k100,IAEA high,smr_then_large_2043,515000.5625734375,665433.27734375,684307.4552145709,8.021177707849219,16.92705736851013,17.0
floor050@k100,IAEA high,large_then_smr_2044,534516.0761195313,661766.95390625,677886.1720309381,12.11454946318963,29.86902906971441,35.0
floor050@k100,IAEA high,smr_then_large_2044,511141.36305546877,664077.7101562499,683801.3208894711,7.211712034923662,14.764817251767552,14.0
floor050@k100,IAEA high,large_then_smr_2045,535514.92516875,661096.88515625,676912.806356038,12.324057682190052,31.124498592433117,38.0
floor050@k100,IAEA high,smr_then_large_2045,507446.8751289063,663094.3007812498,683406.7030938123,6.43679455743488,13.617686690540854,12.0
floor050@k100,IAEA high,large_then_smr_2046,536149.5671632813,660067.7234375,675813.4908932135,12.457173606043723,32.25145386107595,41.0
floor050@k100,IAEA high,smr_then_large_2046,503595.72604765627,661728.3640625,682707.7781312375,5.629017460636457,13.875973696475606,10.0
floor050@k100,IAEA high,large_then_smr_2047,536501.3351929687,658963.3875,674744.6614895209,12.530956820292921,33.249957145064464,44.0
floor050@k100,IAEA high,smr_then_large_2047,499934.72827109374,660667.81796875,682145.7511851297,4.8611245297356165,14.125159534849379,8.0
floor050@k100,IAEA high,large_then_smr_2048,536583.7613773438,657836.9226562498,673666.0872005988,12.548245682009227,34.047877512871985,45.0
floor050@k100,IAEA high,smr_then_large_2048,495973.2740414062,659110.07578125,681071.2437936626,4.030210968810012,14.170917727678475,6.0
floor050@k100,IAEA high,large_then_smr_2049,536337.72244375,657020.85234375,672289.5116017964,12.496639106598952,34.570049218005494,42.0
floor050@k100,IAEA high,smr_then_large_2049,491924.1564609375,657167.05546875,679781.2461639221,3.1809100524495157,14.368121708405615,4.0
floor050@k100,IAEA high,large_then_smr_2050,535124.0135773438,654645.175,669913.1785491518,12.242064120333833,35.10124671192653,36.0
floor050@k100,IAEA high,smr_then_large_2050,486411.5065,654193.76796875,677792.2953156187,2.024633760058702,14.539624804720367,2.0
floor050@k100,McKinsey GEP 2025,pure_large,670576.2725984375,824839.1921875,844404.1819797904,11.583234587929464,35.542240473022204,29.0
floor050@k100,McKinsey GEP 2025,pure_smr,604491.937625,825894.8429687499,858597.6564059381,0.5868660117568958,14.757377886027443,1.0
floor050@k100,McKinsey GEP 2025,const_0.1,678281.5031203125,835757.640625,856126.5737275449,12.865377395555036,35.71592465010459,41.0
floor050@k100,McKinsey GEP 2025,const_0.2,679084.4453859375,839982.19765625,861561.7379303892,12.998986201662394,33.587769583930886,43.0
floor050@k100,McKinsey GEP 2025,const_0.3,677141.103875,843594.7171875,865728.1904004491,12.675616078739399,30.52203923963191,37.0
floor050@k100,McKinsey GEP 2025,const_0.4,672416.0825828125,844480.69140625,868303.4991267466,11.889377166294546,26.85510923611444,31.0
floor050@k100,McKinsey GEP 2025,const_0.5,666204.81440625,845472.1390625,870530.5850798403,10.85582822882871,23.062950970132174,25.0
floor050@k100,McKinsey GEP 2025,const_0.6,658028.5897,845170.9078124999,871301.7473178643,9.49531245050285,19.293750568938954,20.0
floor050@k100,McKinsey GEP 2025,const_0.7,647970.0552609375,842376.2062499998,870647.5210828343,7.821582177322149,15.076749605079145,16.0
floor050@k100,McKinsey GEP 2025,const_0.8,636199.4595390625,839472.5726562499,868892.3566928643,5.862966584521174,14.012664272038231,10.0
floor050@k100,McKinsey GEP 2025,const_0.9,621783.8554046875,833083.2148437499,864841.4485092316,3.464224184018827,14.727381862689827,4.0
floor050@k100,McKinsey GEP 2025,large_then_smr_2032,614120.4764359375,828897.496875,861319.9641030439,2.1890454338182512,14.621037289009044,2.0
floor050@k100,McKinsey GEP 2025,smr_then_large_2032,677307.38978125,833649.02890625,853103.2291042914,12.7032858905773,36.59512247204545,38.0
floor050@k100,McKinsey GEP 2025,large_then_smr_2033,622611.18041875,832487.31875,863746.7163485528,3.6018902555708094,14.487468275667327,5.0
floor050@k100,McKinsey GEP 2025,smr_then_large_2033,679945.713565625,838693.28984375,858386.5140656187,13.142300382709683,36.34863612373341,48.0
floor050@k100,McKinsey GEP 2025,large_then_smr_2034,630230.2594484375,835707.9406249999,865957.155501497,4.869697539325835,14.357128443307262,8.0
floor050@k100,McKinsey GEP 2025,smr_then_large_2034,680379.379478125,841041.90859375,861537.3460578843,13.214461965552108,35.1278263137255,49.0
floor050@k100,McKinsey GEP 2025,large_then_smr_2035,636650.6695796875,838131.8515625,867457.4106474551,5.938047493090151,13.90869608436166,11.0
floor050@k100,McKinsey GEP 2025,smr_then_large_2035,679922.3803078125,842629.39375,863784.2596993513,13.138417751476544,33.927319784140884,47.0
floor050@k100,McKinsey GEP 2025,large_then_smr_2036,642055.321971875,839278.56875,868214.183507984,6.837376354528718,13.702870896574618,13.0
floor050@k100,McKinsey GEP 2025,smr_then_large_2036,678446.885634375,843438.7578125,865162.3635541417,12.892896883818276,32.48766926300121,42.0
floor050@k100,McKinsey GEP 2025,large_then_smr_2037,646708.994246875,840207.0796874998,868438.6487025948,7.611742860436429,14.995214085284774,14.0
floor050@k100,McKinsey GEP 2025,smr_then_large_2037,676966.250640625,845222.72421875,866694.740862026,12.646520671897578,30.76439681226049,36.0
floor050@k100,McKinsey GEP 2025,large_then_smr_2038,650933.883753125,841582.2437499999,868588.33311502,8.314760333836178,16.76037488932291,17.0
floor050@k100,McKinsey GEP 2025,smr_then_large_2038,674934.1056671875,845622.21640625,867614.8081649202,12.308373739842995,29.046714328597513,34.0
floor050@k100,McKinsey GEP 2025,large_then_smr_2039,654811.6392921875,842248.49609375,868709.7022517466,8.960015055291203,18.548217959773236,19.0
floor050@k100,McKinsey GEP 2025,smr_then_large_2039,673152.998228125,846182.9562499999,869043.8527944111,12.011999207488746,27.6726068214405,32.0
floor050@k100,McKinsey GEP 2025,large_then_smr_2040,658651.1416078125,842762.8007812499,869014.9176022954,9.598904477854829,20.18345492900128,22.0
floor050@k100,McKinsey GEP 2025,smr_then_large_2040,670299.641971875,845427.0890625,869075.5871694111,11.537203522770655,26.15646475079986,28.0
floor050@k100,McKinsey GEP 2025,large_then_smr_2041,662539.6320078125,843907.4367187499,869124.2257984031,10.245945469649566,22.16843403841362,23.0
floor050@k100,McKinsey GEP 2025,smr_then_large_2041,668379.032340625,846070.1398437498,870304.4931387226,11.21761596235016,25.09904317851255,27.0
floor050@k100,McKinsey GEP 2025,large_then_smr_2042,667250.204559375,844229.26484375,868361.5697043414,11.029780125814353,24.454038977282078,26.0
floor050@k100,McKinsey GEP 2025,smr_then_large_2042,663585.3991765626,846054.121875,871138.2407372755,10.419960101665728,22.932023541232777,24.0
floor050@k100,McKinsey GEP 2025,large_then_smr_2043,671091.9514359375,842728.4359375,867293.0550773453,11.669043041118279,26.574864686622224,30.0
floor050@k100,McKinsey GEP 2025,smr_then_large_2043,658473.036875,845611.9218749999,871634.5119760479,9.569268024859511,20.711696417908875,21.0
floor050@k100,McKinsey GEP 2025,large_then_smr_2044,674079.8501640625,841986.2828124999,865809.5721681637,12.166226461303202,28.543666691310055,33.0
floor050@k100,McKinsey GEP 2025,smr_then_large_2044,652941.204515625,844902.25,871501.2085516467,8.648776541518771,18.22910363920558,18.0
floor050@k100,McKinsey GEP 2025,large_then_smr_2045,676467.7890296875,842086.3414062499,864345.7104540918,12.56357714833568,30.372157922361943,35.0
floor050@k100,McKinsey GEP 2025,smr_then_large_2045,647416.1111171875,843309.6328124999,871220.9497879242,7.729406414673773,15.739399902382461,15.0
floor050@k100,McKinsey GEP 2025,large_then_smr_2046,678167.521346875,841318.3742187498,862762.308008982,12.846410940158485,32.086658024767644,40.0
floor050@k100,McKinsey GEP 2025,smr_then_large_2046,641784.74660625,841900.41875,870713.5526447105,6.792352878855685,13.801912113268719,12.0
floor050@k100,McKinsey GEP 2025,large_then_smr_2047,679251.0964125,840126.1054687499,861023.788391966,13.026716769162473,33.69431695641728,44.0
floor050@k100,McKinsey GEP 2025,smr_then_large_2047,635778.439396875,839660.03125,869572.8381362276,5.792909245465749,14.110712294581775,9.0
floor050@k100,McKinsey GEP 2025,large_then_smr_2048,679689.98509375,838758.21328125,859101.8314308883,13.099747415606524,35.08472116759442,46.0
floor050@k100,McKinsey GEP 2025,smr_then_large_2048,629655.5546796875,837356.1203124999,868128.5622816866,4.77406722902311,14.391518440766452,7.0
floor050@k100,McKinsey GEP 2025,large_then_smr_2049,679658.413834375,836569.5304687499,857055.9196606786,13.09449398898672,36.37251178311707,45.0
floor050@k100,McKinsey GEP 2025,smr_then_large_2049,623422.276096875,835037.0171875,866419.394367515,3.7368557815277272,14.811275568595597,6.0
floor050@k100,McKinsey GEP 2025,large_then_smr_2050,677896.7259796875,833279.75390625,853375.4599862774,12.801350856441054,37.122833564076835,39.0
floor050@k100,McKinsey GEP 2025,smr_then_large_2050,614769.552359375,830705.6789062499,862840.7978418163,2.29705103137639,14.796390656260687,3.0
floor050@k100,COP28 tripling pledge,pure_large,1222139.94225625,1522182.73125,1561619.7244261478,12.052032932476488,35.19281021731116,29.0
floor050@k100,COP28 tripling pledge,pure_smr,1097330.324225,1517181.4171874996,1583336.2659680638,0.6088495895699841,17.060194780970306,1.0
floor050@k100,COP28 tripling pledge,const_0.1,1235241.876525,1541680.2703124997,1581579.3064496007,13.253285194513511,35.2198687848907,39.0
floor050@k100,COP28 tripling pledge,const_0.2,1235358.871715625,1549142.2249999999,1590879.3171157686,13.264011911233572,32.513851577997116,40.0
floor050@k100,COP28 tripling pledge,const_0.3,1230785.242028125,1554990.0296874999,1597931.288236028,12.844678178127216,29.77604542496895,36.0
floor050@k100,COP28 tripling pledge,const_0.4,1221514.074809375,1556459.225,1601864.7611651698,11.994650207844208,26.37447633510792,28.0
floor050@k100,COP28 tripling pledge,const_0.5,1209981.958178125,1555932.3546875,1605553.364271457,10.937326845872747,22.730692380143203,25.0
floor050@k100,COP28 tripling pledge,const_0.6,1194971.696040625,1554650.11875,1606579.142028443,9.561109336565945,19.000632738292087,21.0
floor050@k100,COP28 tripling pledge,const_0.7,1177518.82455625,1550884.8734374999,1606365.1462075848,7.960940924818361,15.239503305374418,15.0
floor050@k100,COP28 tripling pledge,const_0.8,1156834.61105625,1546020.8062499997,1603988.273265968,6.064506570495937,15.878304971479519,9.0
floor050@k100,COP28 tripling pledge,const_0.9,1130902.214278125,1534791.9343749997,1596962.9140469062,3.686891964073684,16.76487418205819,4.0
floor050@k100,COP28 tripling pledge,large_then_smr_2032,1119236.9073875,1527150.171875,1591236.6817614771,2.617357038750305,16.81516632910644,3.0
floor050@k100,COP28 tripling pledge,smr_then_large_2032,1237809.12796875,1540695.45625,1580749.6473927146,13.48866392110185,36.89974052965571,43.0
floor050@k100,COP28 tripling pledge,large_then_smr_2033,1137635.21175,1535581.246875,1597821.1451472056,4.304207566295145,16.567931704324717,6.0
floor050@k100,COP28 tripling pledge,smr_then_large_2033,1240841.3926375,1548756.7546875,1588924.2228043913,13.766677435573436,35.93345684775154,48.0
floor050@k100,COP28 tripling pledge,large_then_smr_2034,1151531.28331875,1540969.7062499998,1601115.9860903195,5.578270392667566,16.06541422135054,8.0
floor050@k100,COP28 tripling pledge,smr_then_large_2034,1240155.5496875,1552508.68125,1593902.8066991018,13.703795850443315,34.99818278856162,46.0
floor050@k100,COP28 tripling pledge,large_then_smr_2035,1162415.84438125,1544946.5828125,1602323.0933757485,6.576222552204364,15.590516877244086,11.0
floor050@k100,COP28 tripling pledge,smr_then_large_2035,1236487.64899375,1554915.2140625,1596229.6468313374,13.367503978196371,32.92495041254262,42.0
floor050@k100,COP28 tripling pledge,large_then_smr_2036,1169554.549628125,1545659.0890624998,1601465.9832210578,7.230735515704547,15.10017632271263,12.0
floor050@k100,COP28 tripling pledge,smr_then_large_2036,1232635.685803125,1555643.6078124999,1599253.2045908184,13.014336315994148,31.342330781220262,38.0
floor050@k100,COP28 tripling pledge,large_then_smr_2037,1173561.597396875,1545994.7499999998,1601649.7859281437,7.598122124243881,14.859073139546771,14.0
floor050@k100,COP28 tripling pledge,smr_then_large_2037,1230736.264571875,1555741.0640625,1599801.6868762474,12.84018767474792,30.67220145968158,35.0
floor050@k100,COP28 tripling pledge,large_then_smr_2038,1177664.744071875,1547089.3234374993,1602090.9096806387,7.9743195714078166,15.470535452428239,16.0
floor050@k100,COP28 tripling pledge,smr_then_large_2038,1229466.50409375,1557607.9734375,1601015.1378493013,12.723769547828221,30.026371556995308,34.0
floor050@k100,COP28 tripling pledge,large_then_smr_2039,1182042.23226875,1549149.6984374998,1602879.5401072854,8.375670050709079,16.41173179658077,17.0
floor050@k100,COP28 tripling pledge,smr_then_large_2039,1227627.2271875,1556384.7968749998,1601254.6647954092,12.555135245531721,29.044435508012885,33.0
floor050@k100,COP28 tripling pledge,large_then_smr_2040,1187777.423528125,1552218.6359375,1605148.0087949103,8.90150168230041,17.72485737792811,19.0
floor050@k100,COP28 tripling pledge,smr_then_large_2040,1225464.735153125,1556869.18125,1601104.5057385229,12.35686692921709,28.75173079984623,32.0
floor050@k100,COP28 tripling pledge,large_then_smr_2041,1194930.4587625,1554774.8156249998,1607221.8541042914,9.557328492256104,19.618908400782214,20.0
floor050@k100,COP28 tripling pledge,smr_then_large_2041,1224411.4175875,1558087.5999999999,1602277.2756362276,12.260293394165226,27.880962944646758,30.0
floor050@k100,COP28 tripling pledge,large_then_smr_2042,1207289.75215625,1556645.9406249998,1606830.6828218563,10.69049164525961,22.395683589986717,24.0
floor050@k100,COP28 tripling pledge,smr_then_large_2042,1215554.571790625,1557188.0890625,1604851.2693987025,11.448252528307313,24.95588136248882,26.0
floor050@k100,COP28 tripling pledge,large_then_smr_2043,1217084.83504375,1556225.509375,1605234.0173403195,11.58855488035872,24.92233607349885,27.0
floor050@k100,COP28 tripling pledge,smr_then_large_2043,1205594.843928125,1556627.6828125,1606449.6430264472,10.535093800848461,22.13869023149302,23.0
floor050@k100,COP28 tripling pledge,large_then_smr_2044,1224825.088221875,1555846.3984375,1602834.3249750498,12.298220831067919,27.22554621782652,31.0
floor050@k100,COP28 tripling pledge,smr_then_large_2044,1194972.84890625,1555961.703125,1607253.4168537925,9.561215037175598,19.420129355723613,22.0
floor050@k100,COP28 tripling pledge,large_then_smr_2045,1230976.03481875,1556131.4531249998,1600413.5988023952,12.86217103579368,29.328395748977854,37.0
floor050@k100,COP28 tripling pledge,smr_then_large_2045,1183899.84336875,1553792.234375,1607319.2858657686,8.545985325544677,16.791047415310953,18.0
floor050@k100,COP28 tripling pledge,large_then_smr_2046,1235610.951303125,1554963.9765625,1597666.2116392215,13.287123855507327,31.251032469496195,41.0
floor050@k100,COP28 tripling pledge,smr_then_large_2046,1172464.621871875,1550548.9953125,1606752.6707834331,7.49754580445967,15.263054917562455,13.0
floor050@k100,COP28 tripling pledge,large_then_smr_2047,1238844.480284375,1552157.3984375,1594619.7565494012,13.583590310262286,33.02309932095058,45.0
floor050@k100,COP28 tripling pledge,smr_then_large_2047,1160671.461084375,1547824.9249999996,1605486.5754116767,6.416288580757977,15.8958196923196,10.0
floor050@k100,COP28 tripling pledge,large_then_smr_2048,1240696.612525,1550698.5265625,1591188.375,13.753403255282866,34.669365608373305,47.0
floor050@k100,COP28 tripling pledge,smr_then_large_2048,1148299.0497125,1543913.0953125,1603308.5053018962,5.281922704509737,16.432839427601362,7.0
floor050@k100,COP28 tripling pledge,large_then_smr_2049,1241358.81055625,1547490.65625,1587284.0777195608,13.81411695347725,36.266735081489344,49.0
floor050@k100,COP28 tripling pledge,smr_then_large_2049,1134493.235646875,1537785.7078125,1598959.6294286428,4.016135147083927,16.689586382366574,5.0
floor050@k100,COP28 tripling pledge,large_then_smr_2050,1238530.4960625,1540977.940625,1580702.434006986,13.55480263288316,37.29003830526141,44.0
floor050@k100,COP28 tripling pledge,smr_then_large_2050,1118709.989575,1529425.6375,1593505.02376497,2.5690465220594274,17.14575417794831,2.0
floor050@k100,2025 EO,pure_large,1830075.58076875,2299783.5468749995,2359574.779316367,12.006458512929028,33.418996301417266,31.0
floor050@k100,2025 EO,pure_smr,1643698.03884375,2270654.271875,2381720.776696607,0.5995589090366308,17.473429640283893,1.0
floor050@k100,2025 EO,const_0.1,1850097.23456875,2328441.59375,2390037.1025449103,13.231847540177787,32.582436710832205,40.0
floor050@k100,2025 EO,const_0.2,1847622.002059375,2332942.15,2400999.9441117765,13.080355421336058,30.38652181648519,39.0
floor050@k100,2025 EO,const_0.3,1840154.511184375,2338506.5593749997,2410315.269211577,12.623321178774876,27.803169708037366,34.0
floor050@k100,2025 EO,const_0.4,1826257.9770375,2338132.56875,2415811.6346057886,11.77280899679077,24.451449835236026,29.0
floor050@k100,2025 EO,const_0.5,1808622.70031875,2338858.2843749993,2419532.8783682636,10.693473852975043,21.46471516980042,24.0
floor050@k100,2025 EO,const_0.6,1786734.332721875,2333813.26875,2420195.712824351,9.353835991611264,17.872711583723678,21.0
floor050@k100,2025 EO,const_0.7,1763009.21121875,2329842.66875,2421321.0368013973,7.901782936929389,16.2961213044974,15.0
floor050@k100,2025 EO,const_0.8,1732869.747028125,2318251.328125,2416750.6388473054,6.057151665443275,17.432813675122816,10.0
floor050@k100,2025 EO,const_0.9,1695047.4044875,2300165.9,2405473.8960828343,3.742303751425011,17.986553337270372,5.0
floor050@k100,2025 EO,large_then_smr_2032,1677598.533371875,2288762.9437499996,2396427.311252495,2.6743772246480515,17.937353625092772,3.0
floor050@k100,2025 EO,smr_then_large_2032,1855589.345246875,2330324.084375,2389595.4688123753,13.56798221859332,34.451151715562695,45.0
floor050@k100,2025 EO,large_then_smr_2033,1703944.849,2301830.6625,2406886.601297405,4.2868557142689685,18.148382214846617,6.0
floor050@k100,2025 EO,smr_then_large_2033,1859493.42631875,2340499.565625,2400869.4709331337,13.806924423605635,33.68283367879884,49.0
floor050@k100,2025 EO,large_then_smr_2034,1723767.89865625,2309727.484375,2412172.7853043913,5.500089534912498,17.992704257592376,8.0
floor050@k100,2025 EO,smr_then_large_2034,1857877.134634375,2343187.471875,2407376.517964072,13.708002220941909,32.39006170500264,48.0
floor050@k100,2025 EO,large_then_smr_2035,1740100.44206875,2314803.1125,2415203.6956087826,6.499693248205229,17.56148572598817,11.0
floor050@k100,2025 EO,smr_then_large_2035,1853119.07795,2343975.071875,2411073.958208583,13.416793986582132,31.256483046530274,43.0
floor050@k100,2025 EO,large_then_smr_2036,1753776.769603125,2319766.0437499993,2416692.6806387226,7.3367280836434094,17.098124045462463,13.0
floor050@k100,2025 EO,smr_then_large_2036,1847168.194871875,2344607.86875,2413626.6616766467,13.052580975048853,30.13581061017634,38.0
floor050@k100,2025 EO,large_then_smr_2037,1765478.875796875,2324538.0375,2417081.7069610776,8.05293428063204,16.450406889240938,16.0
floor050@k100,2025 EO,smr_then_large_2037,1840456.442375,2342520.971875,2415363.527819361,12.641800329981457,28.662546611881595,35.0
floor050@k100,2025 EO,large_then_smr_2038,1775949.15020625,2327589.490625,2417125.689246507,8.693748446219681,15.873444442718462,18.0
floor050@k100,2025 EO,smr_then_large_2038,1833642.202415625,2341889.74375,2416715.585454092,12.224747125552453,27.5920531387018,33.0
floor050@k100,2025 EO,large_then_smr_2039,1785669.329128125,2328684.159375,2417005.687999002,9.288654377205278,17.416644558082332,19.0
floor050@k100,2025 EO,smr_then_large_2039,1826791.886490625,2341706.4281249996,2417988.1813872256,11.805485957042864,25.94571035196825,30.0
floor050@k100,2025 EO,large_then_smr_2040,1795477.581453125,2331233.790625,2417347.7015968063,9.888950681177038,18.788877394968676,22.0
floor050@k100,2025 EO,smr_then_large_2040,1821474.141159375,2343263.1875,2420855.628493014,11.480022993607891,25.21254972109962,27.0
floor050@k100,2025 EO,large_then_smr_2041,1810949.072290625,2338434.7218749993,2422056.650948104,10.83585523246102,21.09596214121754,25.0
floor050@k100,2025 EO,smr_then_large_2041,1814777.7179375,2342124.3031249996,2420656.192240519,11.07018054902924,23.348839989529164,26.0
floor050@k100,2025 EO,large_then_smr_2042,1822943.2292875,2340195.765625,2419735.2398952097,11.569935869449637,23.20369663088611,28.0
floor050@k100,2025 EO,smr_then_large_2042,1800440.1722125,2341218.865625,2421627.255988024,10.192677052834917,20.85952657834259,23.0
floor050@k100,2025 EO,large_then_smr_2043,1832710.87070625,2339395.7875,2416742.585204591,12.16774665652042,25.102181248431265,32.0
floor050@k100,2025 EO,smr_then_large_2043,1785712.718071875,2336430.025,2421554.8781187623,9.291309918855648,18.6168505363113,20.0
floor050@k100,2025 EO,large_then_smr_2044,1840605.179675,2338295.9875,2413495.8348303395,12.650903526809413,26.81541911886579,36.0
floor050@k100,2025 EO,smr_then_large_2044,1770801.59103125,2332677.3593749995,2420837.687749501,8.378701417978755,16.477887120331275,17.0
floor050@k100,2025 EO,large_then_smr_2045,1846879.744515625,2339016.596875,2410411.100548902,13.034926893873264,28.364299655049418,37.0
floor050@k100,2025 EO,smr_then_large_2045,1755767.44808125,2326940.703125,2419581.4341317364,7.458563951361522,16.28234293696018,14.0
floor050@k100,2025 EO,large_then_smr_2046,1851628.95525625,2336902.7249999996,2407192.143962076,13.325593728281012,29.832755377943194,41.0
floor050@k100,2025 EO,smr_then_large_2046,1740617.381609375,2322785.2406249996,2417749.4943862273,6.531331595724398,16.965538815810163,12.0
floor050@k100,2025 EO,large_then_smr_2047,1854879.949871875,2337145.68125,2403682.3255988024,13.524564960599076,31.16941768742015,44.0
floor050@k100,2025 EO,smr_then_large_2047,1725189.288215625,2317148.2812499995,2415073.8118762476,5.587083106317878,17.54900410098152,9.0
floor050@k100,2025 EO,large_then_smr_2048,1856567.285715625,2337347.9125,2399478.887724551,13.627835292254433,32.265551470872566,46.0
floor050@k100,2025 EO,smr_then_large_2048,1709272.112628125,2308656.0125,2411369.451971058,4.612901227810202,18.04284114357526,7.0
floor050@k100,2025 EO,large_then_smr_2049,1856849.56733125,2334880.0,2394512.8816117765,13.645111826842248,33.40104655414675,47.0
floor050@k100,2025 EO,smr_then_large_2049,1692465.565959375,2300875.453125,2406256.0399201596,3.5842870044521673,18.27206238074915,4.0
floor050@k100,2025 EO,large_then_smr_2050,1852853.349478125,2326069.646875,2385769.306012974,13.40053055715138,34.254884569541815,42.0
floor050@k100,2025 EO,smr_then_large_2050,1671917.684546875,2288575.459375,2397390.1545658684,2.3266911700817694,18.151713963354368,2.0
floor050@k050,EIA 2026 AEO high,pure_large,158895.77785078125,192050.8947265625,196708.27424058135,9.500285729339524,42.75573991684523,25.0
floor050@k050,EIA 2026 AEO high,pure_smr,149105.5356482422,190296.65781249997,196488.8562016592,2.7535091123786177,40.668203351155846,1.0
floor050@k050,EIA 2026 AEO high,const_0.1,160111.8577716797,192622.360546875,197276.90887755738,10.33832623997627,40.75116847467859,34.0
floor050@k050,EIA 2026 AEO high,const_0.2,160666.42358378906,192961.50820312498,197595.29830183383,10.720495707932345,38.00438489988879,46.0
floor050@k050,EIA 2026 AEO high,const_0.3,160544.35697441406,192918.82890624998,197526.63173652694,10.636375608673783,35.48914993200791,45.0
floor050@k050,EIA 2026 AEO high,const_0.4,159877.05456035156,192453.539453125,197194.2404331961,10.176515655212077,31.297726049160048,32.0
floor050@k050,EIA 2026 AEO high,const_0.5,158761.4682283203,192020.4982421875,196822.7969919536,9.40772856869877,27.048148514025943,24.0
floor050@k050,EIA 2026 AEO high,const_0.6,157403.7168328125,191592.0025390625,196598.67196856288,8.472057603941389,26.227622904000963,22.0
floor050@k050,EIA 2026 AEO high,const_0.7,155704.1671419922,191149.8126953125,196375.08599987524,7.300842237030872,30.00783911621802,20.0
floor050@k050,EIA 2026 AEO high,const_0.8,153661.17194414063,190513.3251953125,196143.26419816617,5.892947320411382,33.670326687547856,18.0
floor050@k050,EIA 2026 AEO high,const_0.9,151542.93249960936,190395.2716796875,196285.9088931512,4.433199128504413,37.22200655675027,8.0
floor050@k050,EIA 2026 AEO high,large_then_smr_2032,149105.5356482422,190296.65781249997,196488.8562016592,2.7535091123786177,40.668203351155846,2.0
floor050@k050,EIA 2026 AEO high,smr_then_large_2032,158895.77785078125,192050.8947265625,196708.27424058135,9.500285729339524,42.75573991684523,26.0
floor050@k050,EIA 2026 AEO high,large_then_smr_2033,149105.5356482422,190296.65781249997,196488.8562016592,2.7535091123786177,40.668203351155846,3.0
floor050@k050,EIA 2026 AEO high,smr_then_large_2033,158895.77785078125,192050.8947265625,196708.27424058135,9.500285729339524,42.75573991684523,27.0
floor050@k050,EIA 2026 AEO high,large_then_smr_2034,149105.5356482422,190296.65781249997,196488.8562016592,2.7535091123786177,40.668203351155846,4.0
floor050@k050,EIA 2026 AEO high,smr_then_large_2034,158895.77785078125,192050.8947265625,196708.27424058135,9.500285729339524,42.75573991684523,28.0
floor050@k050,EIA 2026 AEO high,large_then_smr_2035,149105.5356482422,190296.65781249997,196488.8562016592,2.7535091123786177,40.668203351155846,5.0
floor050@k050,EIA 2026 AEO high,smr_then_large_2035,158895.77785078125,192050.8947265625,196708.27424058135,9.500285729339524,42.75573991684523,29.0
floor050@k050,EIA 2026 AEO high,large_then_smr_2036,149105.5356482422,190296.65781249997,196488.8562016592,2.7535091123786177,40.668203351155846,6.0
floor050@k050,EIA 2026 AEO high,smr_then_large_2036,158895.77785078125,192050.8947265625,196708.27424058135,9.500285729339524,42.75573991684523,30.0
floor050@k050,EIA 2026 AEO high,large_then_smr_2037,153905.7603017578,190722.09960937497,196318.84983158682,6.061501170031625,33.954658556690205,19.0
floor050@k050,EIA 2026 AEO high,smr_then_large_2037,162142.50753613282,194311.59628906247,199059.67328624002,11.737713514021072,41.35506950909933,49.0
floor050@k050,EIA 2026 AEO high,large_then_smr_2038,157608.777315625,191920.60683593748,196809.31684287675,8.61337150015361,27.169037474673566,23.0
floor050@k050,EIA 2026 AEO high,smr_then_large_2038,161928.06754804688,194528.036328125,199105.8820484032,11.589935893464926,34.21470657186439,48.0
floor050@k050,EIA 2026 AEO high,large_then_smr_2039,160215.21098242188,192928.3189453125,197614.7763067615,10.409550323211144,30.34309681945522,35.0
floor050@k050,EIA 2026 AEO high,smr_then_large_2039,159806.2212533203,193470.7162109375,198271.17813591566,10.127702102932798,26.749422922772105,31.0
floor050@k050,EIA 2026 AEO high,large_then_smr_2040,161287.70896367187,193353.2935546875,198132.75059256487,11.148643815684567,37.63085071737287,47.0
floor050@k050,EIA 2026 AEO high,smr_then_large_2040,156627.15058789062,192161.7494140625,197393.1644367515,7.936900365298076,31.496495087310485,21.0
floor050@k050,EIA 2026 AEO high,large_then_smr_2041,160377.71426699217,192902.2990234375,197528.74907996508,10.521536659997988,40.79144774603716,44.0
floor050@k050,EIA 2026 AEO high,smr_then_large_2041,152747.2409451172,191097.45371093747,196773.6732472555,5.263127529831748,36.80797236503904,17.0
floor050@k050,EIA 2026 AEO high,large_then_smr_2042,160351.66109941405,192850.560546875,197514.0846666043,10.50358256875311,40.87424866214476,43.0
floor050@k050,EIA 2026 AEO high,smr_then_large_2042,152648.1575484375,191053.43066406244,196762.40265562624,5.194845915340719,36.92321366737548,16.0
floor050@k050,EIA 2026 AEO high,large_then_smr_2043,160328.96074492187,192843.09609375,197502.4303190494,10.487939010839405,40.955337514055074,42.0
floor050@k050,EIA 2026 AEO high,smr_then_large_2043,152554.18710273437,191041.35859375,196751.9081524451,5.130087802861048,37.032050880521105,15.0
floor050@k050,EIA 2026 AEO high,large_then_smr_2044,160309.4346578125,192834.3509765625,197493.6847320983,10.474482944563936,41.03490004458195,41.0
floor050@k050,EIA 2026 AEO high,smr_then_large_2044,152465.06541875,191028.33515625,196742.21276197606,5.068671130920693,37.134809727381395,14.0
floor050@k050,EIA 2026 AEO high,large_then_smr_2045,160292.9193828125,192817.615234375,197487.4661068488,10.463101727543197,41.11309507729087,40.0
floor050@k050,EIA 2026 AEO high,smr_then_large_2045,152380.5428425781,191019.983984375,196733.4513628992,5.01042385483453,37.231861693584044,13.0
floor050@k050,EIA 2026 AEO high,large_then_smr_2046,160279.263,192799.2576171875,197484.2762209955,10.453690666782336,41.19012181461988,39.0
floor050@k050,EIA 2026 AEO high,smr_then_large_2046,152300.3830064453,190983.366796875,196725.3020365519,4.955183085826791,37.32349750701162,12.0
floor050@k050,EIA 2026 AEO high,large_then_smr_2047,160268.3813142578,192806.43046874998,197483.53620103543,10.44619174066798,41.26612292858542,38.0
floor050@k050,EIA 2026 AEO high,smr_then_large_2047,152224.37255878907,190955.80644531245,196717.94462637225,4.9028017963466475,37.4099944359225,11.0
floor050@k050,EIA 2026 AEO high,large_then_smr_2048,160260.18710351564,192819.042578125,197485.4070062999,10.440544841614194,41.34127070237715,37.0
floor050@k050,EIA 2026 AEO high,smr_then_large_2048,152152.30742402343,190959.583203125,196710.86951877494,4.853139351222587,37.49166474359793,10.0
floor050@k050,EIA 2026 AEO high,large_then_smr_2049,160254.56118378908,192833.801171875,197489.5089508483,10.436667836033044,41.41572934341022,36.0
floor050@k050,EIA 2026 AEO high,smr_then_large_2049,152083.9851001953,190907.653515625,196704.09801490768,4.8060561997250195,37.56862687473081,9.0
floor050@k050,EIA 2026 AEO high,large_then_smr_2050,160007.7703126953,192735.85820312498,197412.59027257984,10.266596162224717,42.229891243116974,33.0
floor050@k050,EIA 2026 AEO high,smr_then_large_2050,151047.1110626953,190709.75585937497,196625.02089570859,4.091512333882295,38.70379273565488,7.0
floor050@k050,Abou-Jaoude mod,pure_large,217007.49234101563,264299.095703125,271250.1911489521,11.92406715322366,52.75917598823665,28.0
floor050@k050,Abou-Jaoude mod,pure_smr,198189.65810546876,258193.08359374997,267946.97032497503,2.2185564358893073,47.568040481617594,1.0
floor050@k050,Abou-Jaoude mod,const_0.1,219181.75731367187,265925.904296875,272586.39104603295,13.045468890017451,50.824970364891804,39.0
floor050@k050,Abou-Jaoude mod,const_0.2,219659.45863125,265916.20078125,272620.25336046657,13.291848744330398,47.08153855847979,42.0
floor050@k050,Abou-Jaoude mod,const_0.3,219285.73755703124,265460.24921875,272350.747091754,13.099097875887095,42.760631384919634,40.0
floor050@k050,Abou-Jaoude mod,const_0.4,218100.29081875,264903.258984375,271963.7739598927,12.487690320734755,38.057021265275324,31.0
floor050@k050,Abou-Jaoude mod,const_0.5,216193.6215015625,264086.04101562494,271430.4600486527,11.504304068058582,32.44778264903085,25.0
floor050@k050,Abou-Jaoude mod,const_0.6,213643.87055429688,262750.103125,270704.66687718313,10.189241195495194,30.950825759017114,20.0
floor050@k050,Abou-Jaoude mod,const_0.7,210582.72126015625,261682.42070312498,270060.99868232285,8.61041884485932,35.436323243914345,16.0
floor050@k050,Abou-Jaoude mod,const_0.8,206837.24143554686,260338.41015624997,269205.1547140095,6.67864528769633,39.52158995717344,12.0
floor050@k050,Abou-Jaoude mod,const_0.9,202740.12607734374,259307.219921875,268530.4063513598,4.565511729314765,43.64888315791025,7.0
floor050@k050,Abou-Jaoude mod,large_then_smr_2032,198876.79315234374,258242.12187499998,267778.7667945359,2.57295410345424,46.518639492237746,2.0
floor050@k050,Abou-Jaoude mod,smr_then_large_2032,217707.07189960938,264876.084375,271798.654589259,12.284883218376034,52.322580015305476,30.0
floor050@k050,Abou-Jaoude mod,large_then_smr_2033,199576.84670195312,258070.7203125,267699.93925430387,2.9340146348307563,45.658788840722366,3.0
floor050@k050,Abou-Jaoude mod,smr_then_large_2033,218163.91704140624,265211.53476562497,272049.47287456336,12.520506264278737,52.28174622584248,32.0
floor050@k050,Abou-Jaoude mod,large_then_smr_2034,200215.51233632813,257978.60136718748,267587.3904300773,3.2634136550171813,44.732832095864765,4.0
floor050@k050,Abou-Jaoude mod,smr_then_large_2034,218498.7424515625,265400.2404296875,272186.76230351796,12.693196254318545,51.9772657343513,34.0
floor050@k050,Abou-Jaoude mod,large_then_smr_2035,200860.956065625,257942.80410156245,267511.289896769,3.5963085542768263,44.047981672311444,5.0
floor050@k050,Abou-Jaoude mod,smr_then_large_2035,218774.01181367188,265500.9328125,272277.89273796155,12.835169539377016,51.42635207434151,36.0
floor050@k050,Abou-Jaoude mod,large_then_smr_2036,201548.51348554686,258298.228515625,267547.0940540793,3.9509240655150455,43.23253081614763,6.0
floor050@k050,Abou-Jaoude mod,smr_then_large_2036,218919.3322488281,265618.801953125,272267.8891513847,12.910120196461264,50.861323478029284,37.0
floor050@k050,Abou-Jaoude mod,large_then_smr_2037,203183.45787382813,258291.72890624998,267592.7955729167,4.794165114622319,41.10789644896804,8.0
floor050@k050,Abou-Jaoude mod,smr_then_large_2037,219779.5476167969,266419.553125,272971.99784805387,13.35378599607095,49.81986440684872,43.0
floor050@k050,Abou-Jaoude mod,large_then_smr_2038,204712.47849101562,258522.466015625,267683.7279425524,5.582774781461974,39.275070156873355,10.0
floor050@k050,Abou-Jaoude mod,smr_then_large_2038,220039.86772695312,266454.365625,273204.0560909431,13.488049035453372,48.00925010058538,47.0
floor050@k050,Abou-Jaoude mod,large_then_smr_2039,206191.18656132813,258980.40703124998,267898.0282481911,6.345435183535056,37.54341568269181,11.0
floor050@k050,Abou-Jaoude mod,smr_then_large_2039,219910.96791054687,266330.8359375,272949.41853012727,13.421567498102485,46.33318300972107,46.0
floor050@k050,Abou-Jaoude mod,large_then_smr_2040,207584.50952265624,259429.64492187498,268146.5796609905,7.064057250485426,35.75161457585641,13.0
floor050@k050,Abou-Jaoude mod,smr_then_large_2040,219881.46559570314,266206.86679687497,272923.3376060379,13.406351345737763,45.22274287886892,45.0
floor050@k050,Abou-Jaoude mod,large_then_smr_2041,208926.29932382813,259928.98613281248,268418.78381518216,7.756100507572025,34.21638658535722,15.0
floor050@k050,Abou-Jaoude mod,smr_then_large_2041,219781.69820859376,266229.447265625,273040.8259184756,13.35489518809974,43.319446669276864,44.0
floor050@k050,Abou-Jaoude mod,large_then_smr_2042,210786.01556835938,260482.71289062497,268888.17056511977,8.715270182284291,31.877453396507985,17.0
floor050@k050,Abou-Jaoude mod,smr_then_large_2042,219104.698578125,265704.14921875,272641.15090132237,13.005724976113605,40.401581490535165,38.0
floor050@k050,Abou-Jaoude mod,large_then_smr_2043,212435.91779570314,261289.908984375,269341.8898531063,9.566225905966338,29.79885676975759,19.0
floor050@k050,Abou-Jaoude mod,smr_then_large_2043,218564.75222890626,265469.8265625,272722.03940556385,12.727241543135493,38.320873465947926,35.0
floor050@k050,Abou-Jaoude mod,large_then_smr_2044,214003.6053941406,262175.237109375,269973.3215522081,10.374778505463988,29.0599964671869,22.0
floor050@k050,Abou-Jaoude mod,smr_then_large_2044,217658.8434136719,265314.07382812497,272361.89370477793,12.26000883159549,35.42461385056725,29.0
floor050@k050,Abou-Jaoude mod,large_then_smr_2045,215334.382059375,262845.084375,270416.18629147956,11.061141613202105,32.07517935691245,23.0
floor050@k050,Abou-Jaoude mod,smr_then_large_2045,216670.90313164063,264719.271875,272047.1685613149,11.750467463799401,32.919583360321816,27.0
floor050@k050,Abou-Jaoude mod,large_then_smr_2046,216667.8350203125,263569.53124999994,271061.39198166167,11.748885050701041,34.90986996666903,26.0
floor050@k050,Abou-Jaoude mod,smr_then_large_2046,215757.04854257812,264395.5017578125,271958.49574288924,11.279136629591235,30.13441389448672,24.0
floor050@k050,Abou-Jaoude mod,large_then_smr_2047,218286.21126601563,264710.287890625,271629.36382703343,12.58358089299304,39.73894909689096,33.0
floor050@k050,Abou-Jaoude mod,smr_then_large_2047,213692.0340328125,263785.14902343747,271638.3953265344,10.214082053963088,33.032218779085774,21.0
floor050@k050,Abou-Jaoude mod,large_then_smr_2048,219594.50530859374,265770.3466796875,272444.7113975175,13.258348333960333,44.17080740620783,41.0
floor050@k050,Abou-Jaoude mod,smr_then_large_2048,211139.35172226562,262672.544921875,271030.9262412675,8.897507297652268,36.64173195418759,18.0
floor050@k050,Abou-Jaoude mod,large_then_smr_2049,220484.1160796875,266594.3046875,273294.31939246505,13.717175145007303,48.07149805761313,49.0
floor050@k050,Abou-Jaoude mod,smr_then_large_2049,208116.7176296875,261404.63515624998,270165.4256564995,7.338549597584897,39.641168006610854,14.0
floor050@k050,Abou-Jaoude mod,large_then_smr_2050,220453.38371640624,267035.662109375,273683.12741704093,13.701324581256891,52.09278014882982,48.0
floor050@k050,Abou-Jaoude mod,smr_then_large_2050,203844.225240625,259936.88515624998,269089.1880379865,5.1349633531357375,43.36452944541726,9.0
floor050@k050,IAEA high,pure_large,528722.443234375,649316.384375,665618.9259293912,13.792836672689194,54.911395955637836,30.0
floor050@k050,IAEA high,pure_smr,473072.3224804688,624775.5765625,653356.6382859282,1.8156921750467099,45.56667598459153,1.0
floor050@k050,IAEA high,const_0.1,534698.262625,652697.5460937499,669086.9391841317,15.078965999341296,52.309543845410715,42.0
floor050@k050,IAEA high,const_0.2,535409.1843117188,651741.778125,668780.0224550898,15.231972168114803,48.446472504753224,45.0
floor050@k050,IAEA high,const_0.3,533787.3652539062,650675.5031249999,668048.7273265969,14.882920612766876,43.97199845374424,38.0
floor050@k050,IAEA high,const_0.4,529568.9056710937,648255.70859375,666626.849488523,13.975014227365845,38.46449120566316,32.0
floor050@k050,IAEA high,const_0.5,524153.46745390625,645641.5546875,665669.6980726048,12.80949140070141,32.80627457329228,26.0
floor050@k050,IAEA high,const_0.6,517169.6509359375,642584.14453125,664216.4064371258,11.306418658943473,30.04057275123358,21.0
floor050@k050,IAEA high,const_0.7,508685.73273125,638790.50625,662391.3429391218,9.480490648956373,34.1096454187124,15.0
floor050@k050,IAEA high,const_0.8,498588.63308515627,634459.084375,660003.4244635729,7.307370090904918,38.18114606225907,10.0
floor050@k050,IAEA high,const_0.9,486561.05718671874,630170.74765625,656776.4098365769,4.718768079976912,41.92857915770116,5.0
floor050@k050,IAEA high,large_then_smr_2032,482299.6109070312,627730.94375,654827.4661614271,3.8016100007255655,42.64569634958903,3.0
floor050@k050,IAEA high,smr_then_large_2032,535554.5259640625,653838.4054687499,670300.8235404191,15.263252926324567,54.040048477877,46.0
floor050@k050,IAEA high,large_then_smr_2033,490432.12324375,630130.63359375,656365.9107722056,5.551907647274759,39.861147447374755,6.0
floor050@k050,IAEA high,smr_then_large_2033,538004.854221875,655422.93046875,671971.1690057386,15.790618100252187,52.00853534425533,48.0
floor050@k050,IAEA high,large_then_smr_2034,497704.23122890625,632441.9453125,658015.8072604791,7.117027128791112,37.20602782895524,9.0
floor050@k050,IAEA high,smr_then_large_2034,538085.0320195312,655697.3687499999,671879.5168413174,15.807874146690583,49.376891765904695,49.0
floor050@k050,IAEA high,large_then_smr_2035,503792.6834132812,635249.6703125,659402.2027195608,8.427397539337395,34.67365215302452,13.0
floor050@k050,IAEA high,smr_then_large_2035,536601.8479257813,653902.81484375,670735.0992702096,15.488659920974786,46.321290610197785,47.0
floor050@k050,IAEA high,large_then_smr_2036,509081.343025,637603.06484375,660639.5494947605,9.565634788606168,32.257620920334475,16.0
floor050@k050,IAEA high,smr_then_large_2036,534529.5745109376,652268.2921874999,669658.0480601297,15.042660562986612,43.41894451451941,40.0
floor050@k050,IAEA high,large_then_smr_2037,513331.9674796875,639509.33984375,661189.6892776946,10.480463770274307,29.78513419979506,18.0
floor050@k050,IAEA high,smr_then_large_2037,531964.0581085938,651014.5546875,668732.9664421157,14.490504336806525,40.32271679527257,35.0
floor050@k050,IAEA high,large_then_smr_2038,517075.8070140625,640441.8859374999,661807.1712824352,11.286221358429197,28.2115215471875,20.0
floor050@k050,IAEA high,smr_then_large_2038,529020.2113117188,649517.73359375,667863.8022080838,13.856922989858253,37.46560100168938,31.0
floor050@k050,IAEA high,large_then_smr_2039,520478.4765875,641482.8125,662555.467751996,12.018551578142723,31.27316237743441,23.0
floor050@k050,IAEA high,smr_then_large_2039,525937.5837820312,647423.91953125,667132.3847929141,13.193472940598724,34.45825334819539,27.0
floor050@k050,IAEA high,large_then_smr_2040,523457.0303164063,643242.66796875,663281.1156437126,12.659602629278096,33.981156050860804,25.0
floor050@k050,IAEA high,smr_then_large_2040,522749.32226171874,645875.515625,666458.460017465,12.507288105638132,31.513703513387306,24.0
floor050@k050,IAEA high,large_then_smr_2041,526052.2620796876,645023.8046875,663849.9207834331,13.218154262456883,36.47716925418519,28.0
floor050@k050,IAEA high,smr_then_large_2041,519437.43656484375,644634.2843749999,665780.7391778942,11.794496596585335,29.863273329868196,22.0
floor050@k050,IAEA high,large_then_smr_2042,528378.0865835937,646547.0156249998,664391.94249002,13.718723457672642,39.18049193210154,29.0
floor050@k050,IAEA high,smr_then_large_2042,515484.65836015623,643581.18359375,664903.8657996507,10.943770756581637,31.89094945421919,19.0
floor050@k050,IAEA high,large_then_smr_2043,530335.4004265625,647280.94921875,665007.6658246008,14.139980957330936,41.752165846715116,33.0
floor050@k050,IAEA high,smr_then_large_2043,511443.55274765624,641746.653125,664037.2827781936,10.074034892661718,33.77304117423526,17.0
floor050@k050,IAEA high,large_then_smr_2044,531930.3737179687,647951.74453125,665724.1951721557,14.483254706287036,44.141946689951254,34.0
floor050@k050,IAEA high,smr_then_large_2044,507182.9910304687,639538.0726562499,662905.2928206088,9.157067190946595,35.52270731312075,14.0
floor050@k050,IAEA high,large_then_smr_2045,533180.127390625,649373.18828125,666470.8701347306,14.752229510314082,46.35488882196232,36.0
floor050@k050,IAEA high,smr_then_large_2045,503090.8686234375,638042.3374999999,662022.0746631736,8.27635137744832,37.15147235007865,12.0
floor050@k050,IAEA high,large_then_smr_2046,534046.4401070313,650129.9609375,667226.4488834831,14.938679286953866,48.23415911272501,39.0
floor050@k050,IAEA high,smr_then_large_2046,498870.747196875,635755.12109375,660932.9636976048,7.3680873262874185,38.697723192054426,11.0
floor050@k050,IAEA high,large_then_smr_2047,534602.3254710938,651700.54609375,668020.7950973054,15.05831818870834,49.951999260604644,41.0
floor050@k050,IAEA high,smr_then_large_2047,494871.07080703124,634067.18828125,660167.3389782935,6.507267953103847,40.16467135863923,8.0
floor050@k050,IAEA high,large_then_smr_2048,534860.00431875,652090.6453125,668730.2322542415,15.113776411449901,51.51224963771962,44.0
floor050@k050,IAEA high,smr_then_large_2048,490571.57416953123,632806.63359375,658995.467751996,5.581920590028254,41.404539868772034,7.0
floor050@k050,IAEA high,large_then_smr_2049,534772.5717578125,652973.61015625,669195.1039795409,15.094958978496283,52.96656022249969,43.0
floor050@k050,IAEA high,smr_then_large_2049,486206.93126171874,630706.7203125,657603.4774513473,4.642552299730134,42.56215648604638,4.0
floor050@k050,IAEA high,large_then_smr_2050,533631.401071875,652557.84921875,669087.0891342316,14.849353649760534,54.41888336426576,37.0
floor050@k050,IAEA high,smr_then_large_2050,480319.511640625,628150.07890625,655675.4594560878,3.3754485708465682,43.97479129879183,2.0
floor050@k050,McKinsey GEP 2025,pure_large,668449.014746875,824536.4507812499,844351.8357035929,14.588461687178942,52.722065328361985,31.0
floor050@k050,McKinsey GEP 2025,pure_smr,594084.354140625,790349.9203125,829510.3235716068,1.8405454291436745,47.9386392713577,1.0
floor050@k050,McKinsey GEP 2025,const_0.1,676446.64285,829334.6125,849290.597742016,15.959450171364644,50.27208407977711,42.0
floor050@k050,McKinsey GEP 2025,const_0.2,676780.4147296875,827241.61953125,848710.8978293414,16.016666810785246,46.64267895140874,43.0
floor050@k050,McKinsey GEP 2025,const_0.3,674044.898490625,824920.41171875,847926.7197791917,15.547732620085348,41.96915199663828,36.0
floor050@k050,McKinsey GEP 2025,const_0.4,668341.227765625,821468.5515625,846407.6733408184,14.569984370137762,36.94365595756279,30.0
floor050@k050,McKinsey GEP 2025,const_0.5,661074.113196875,818609.05078125,845447.5163423154,13.324223719786765,31.549203748967376,25.0
floor050@k050,McKinsey GEP 2025,const_0.6,651787.0855296875,815009.1078125,843825.9146394711,11.732200707482278,31.150350095188767,21.0
floor050@k050,McKinsey GEP 2025,const_0.7,640620.514390625,810408.54609375,841629.4684069362,9.817978110220828,35.638596752644574,16.0
floor050@k050,McKinsey GEP 2025,const_0.8,627775.9528375,804620.4960937499,839022.1387225549,7.616107037112545,39.94108366020713,11.0
floor050@k050,McKinsey GEP 2025,const_0.9,612326.9483984375,798580.27109375,834987.2591691617,4.967770942338091,44.07678535456238,4.0
floor050@k050,McKinsey GEP 2025,large_then_smr_2032,604037.7980078125,793793.7718749999,831318.5222991518,3.5468084291162287,45.46637017413311,2.0
floor050@k050,McKinsey GEP 2025,smr_then_large_2032,676079.290796875,829814.05390625,849595.8385104791,15.896477071342707,52.148350765708635,39.0
floor050@k050,McKinsey GEP 2025,large_then_smr_2033,612872.427578125,796367.5781249999,833150.2230538923,5.061279375597499,43.120111392886834,5.0
floor050@k050,McKinsey GEP 2025,smr_then_large_2033,678966.75809375,831154.0859375,851573.6382859282,16.391459378776034,50.90637841321336,48.0
floor050@k050,McKinsey GEP 2025,large_then_smr_2034,620848.80223125,798704.0328124997,835007.5558570359,6.428624500174141,40.89379611147069,7.0
floor050@k050,McKinsey GEP 2025,smr_then_large_2034,679350.9606578125,831369.43515625,851684.2780688623,16.457321067283214,48.87291020863443,49.0
floor050@k050,McKinsey GEP 2025,large_then_smr_2035,627635.6708390625,801386.7515624998,836434.6757110779,7.592059281713514,38.781751254122284,10.0
floor050@k050,McKinsey GEP 2025,smr_then_large_2035,678687.3031703125,830036.9179687499,851423.8176771457,16.34355399021063,47.05517691488218,47.0
floor050@k050,McKinsey GEP 2025,large_then_smr_2036,633429.1251671875,804292.9125,837478.086608034,8.585198630667692,36.63193142629366,12.0
floor050@k050,McKinsey GEP 2025,smr_then_large_2036,676905.8822609375,828569.803125,850393.9499750499,16.03817500524802,44.606585810924635,44.0
floor050@k050,McKinsey GEP 2025,large_then_smr_2037,638464.63325625,805950.4484374998,838145.0256362276,9.448407511239559,34.5940490437844,14.0
floor050@k050,McKinsey GEP 2025,smr_then_large_2037,675058.335990625,827208.7078125,850028.243107535,15.721460520911224,42.66859831064327,38.0
floor050@k050,McKinsey GEP 2025,large_then_smr_2038,643075.91358125,807692.4898437498,838863.744011976,10.238893407983975,32.6629613750252,17.0
floor050@k050,McKinsey GEP 2025,smr_then_large_2038,672592.119675,825536.5359375,849114.057354042,15.298690904140521,40.63689792004129,35.0
floor050@k050,McKinsey GEP 2025,large_then_smr_2039,647360.678353125,809936.2078125,839641.9485092316,10.973406576630795,30.834463165555725,19.0
floor050@k050,McKinsey GEP 2025,smr_then_large_2039,670376.131703125,824899.4421875,848973.5680513972,14.918816527467825,38.29317300549531,33.0
floor050@k050,McKinsey GEP 2025,large_then_smr_2040,651634.895046875,811975.23984375,840717.3585641218,11.706111547465314,29.10472683026528,20.0
floor050@k050,McKinsey GEP 2025,smr_then_large_2040,667065.688828125,822720.7546875,847557.7034680638,14.351325891412092,36.340325153783446,29.0
floor050@k050,McKinsey GEP 2025,large_then_smr_2041,656064.7729984375,814243.50625,841692.8581586826,12.465500653788883,29.12561917726562,23.0
floor050@k050,McKinsey GEP 2025,smr_then_large_2041,664700.5298546875,822639.43671875,847463.3527320359,13.945879967440673,34.11774638827313,27.0
floor050@k050,McKinsey GEP 2025,large_then_smr_2042,661434.70891875,816134.85625,842655.5689558383,13.386038619874965,32.75024317237814,26.0
floor050@k050,McKinsey GEP 2025,smr_then_large_2042,659090.9274234375,820138.7781249998,846498.6856599301,12.98425731695774,30.468922091218552,24.0
floor050@k050,McKinsey GEP 2025,large_then_smr_2043,665927.95929375,818441.41015625,843679.1559693114,14.156291304953063,35.91165704943295,28.0
floor050@k050,McKinsey GEP 2025,smr_then_large_2043,653180.035575,817092.9578125,845546.6283058883,11.970986313232464,30.929314420937256,22.0
floor050@k050,McKinsey GEP 2025,large_then_smr_2044,669534.76065,820568.521875,844582.0259481038,14.774585011587405,38.90153672209691,32.0
floor050@k050,McKinsey GEP 2025,smr_then_large_2044,646868.1734578125,814308.14140625,844266.5611901197,10.888979227525292,33.62108440846064,18.0
floor050@k050,McKinsey GEP 2025,large_then_smr_2045,672510.603846875,822476.48515625,845647.8397891717,15.28471710338395,41.66630939135032,34.0
floor050@k050,McKinsey GEP 2025,smr_then_large_2045,640599.34121875,812081.05859375,843076.4800087325,9.814348512240025,36.14492010369171,15.0
floor050@k050,McKinsey GEP 2025,large_then_smr_2046,674769.5168703125,825209.8078124998,846768.2901072854,15.671949880649475,44.20751787666397,37.0
floor050@k050,McKinsey GEP 2025,smr_then_large_2046,634277.14604375,809187.3484375,841946.5888223553,8.730570088445525,38.34793506119042,13.0
floor050@k050,McKinsey GEP 2025,large_then_smr_2047,676369.73274375,827121.38359375,847881.0269772954,15.946265903650941,46.523699713747845,41.0
floor050@k050,McKinsey GEP 2025,smr_then_large_2047,627629.259096875,806411.3578125,840396.3595933134,7.590960152748115,40.40093761021467,9.0
floor050@k050,McKinsey GEP 2025,large_then_smr_2048,677272.6208609375,828514.7648437499,848952.3661427146,16.101042944444885,48.61152016259996,45.0
floor050@k050,McKinsey GEP 2025,smr_then_large_2048,620928.3363640625,803283.45390625,838765.4743637724,6.442258590029235,42.33950634630361,8.0
floor050@k050,McKinsey GEP 2025,large_then_smr_2049,677654.5189,829521.959375,849965.951378493,16.166509581169738,50.50970238483363,46.0
floor050@k050,McKinsey GEP 2025,smr_then_large_2049,614138.2922734375,800343.3031249999,836914.6781437126,5.278279453299606,44.16965987249695,6.0
floor050@k050,McKinsey GEP 2025,large_then_smr_2050,676163.1061125,829804.9140625,849808.986620509,15.910845060331262,52.21975705784735,40.0
floor050@k050,McKinsey GEP 2025,smr_then_large_2050,604915.906084375,796630.3859374999,833457.4735217065,3.697337566669804,46.00140710977558,3.0
floor050@k050,COP28 tripling pledge,pure_large,1222892.27840625,1530348.5656249998,1566866.3974550897,15.280781566853284,56.35279330621817,31.0
floor050@k050,COP28 tripling pledge,pure_smr,1080352.448478125,1437620.859375,1526486.730289421,1.8437002403312603,44.46657939505562,1.0
floor050@k050,COP28 tripling pledge,const_0.1,1235929.808628125,1535845.9765625,1572833.67003493,16.509815963601618,53.690720400657966,41.0
floor050@k050,COP28 tripling pledge,const_0.2,1234383.109740625,1526748.0125,1568875.3559131736,16.364010270207295,49.48164969587709,40.0
floor050@k050,COP28 tripling pledge,const_0.3,1227672.24529375,1519177.7453125,1565070.2023453093,15.731384067486314,44.090749678447175,35.0
floor050@k050,COP28 tripling pledge,const_0.4,1216197.55979375,1508293.2078125,1560948.9351297405,14.649677415124579,38.82267033045485,28.0
floor050@k050,COP28 tripling pledge,const_0.5,1202461.08799375,1501884.3734374999,1557768.4925773453,13.354754523683296,33.05977616466958,25.0
floor050@k050,COP28 tripling pledge,const_0.6,1185309.423140625,1494784.8515625,1554186.2603542914,11.737884939701734,31.328741791019638,21.0
floor050@k050,COP28 tripling pledge,const_0.7,1165814.586921875,1486467.7515625,1551014.6105913173,9.900127031258462,35.24970888288539,16.0
floor050@k050,COP28 tripling pledge,const_0.8,1143202.53293125,1473098.2562499999,1546844.8206087823,7.768512249727258,38.82936931832545,9.0
floor050@k050,COP28 tripling pledge,const_0.9,1115485.06040625,1458841.0203124997,1539174.316991018,5.155614979737062,42.029594249490565,4.0
floor050@k050,COP28 tripling pledge,large_then_smr_2032,1102841.772596875,1449341.046875,1532888.0866392215,3.9637454046515432,43.025003750600696,3.0
floor050@k050,COP28 tripling pledge,smr_then_large_2032,1240491.94323125,1543266.0890624998,1579417.4066866268,16.939883641636886,56.08453036318365,46.0
floor050@k050,COP28 tripling pledge,large_then_smr_2033,1121904.91726875,1458224.9234375,1538667.9714321357,5.760808200533953,41.38770807265986,6.0
floor050@k050,COP28 tripling pledge,smr_then_large_2033,1243574.511346875,1543922.34375,1580118.8788672655,17.230474127714235,54.14105499951591,49.0
floor050@k050,COP28 tripling pledge,large_then_smr_2034,1136505.3395,1465114.11875,1541725.4378742515,7.137174799412264,39.51528204472789,8.0
floor050@k050,COP28 tripling pledge,smr_then_large_2034,1242256.27855,1539410.8984374998,1578091.378243513,17.106205694758835,51.484932821967405,48.0
floor050@k050,COP28 tripling pledge,large_then_smr_2035,1148056.098025,1470484.2953124999,1543088.2043413173,8.226052776618394,37.620131305963106,11.0
floor050@k050,COP28 tripling pledge,smr_then_large_2035,1237719.33954375,1533880.3734374999,1574323.2256736527,16.67851317940231,49.30112169425076,43.0
floor050@k050,COP28 tripling pledge,large_then_smr_2036,1155581.27103125,1474016.7859375,1542600.4419286428,8.935442999211736,35.45021601192527,12.0
floor050@k050,COP28 tripling pledge,smr_then_large_2036,1232802.54509375,1529327.4859375,1571785.1324226547,16.215012086944455,46.36367148518659,39.0
floor050@k050,COP28 tripling pledge,large_then_smr_2037,1159992.1470625,1475182.1359374998,1543185.9914545908,9.351251689196838,34.68302871368378,13.0
floor050@k050,COP28 tripling pledge,smr_then_large_2037,1230412.218925,1526582.0593749997,1570589.6973552895,15.989678528299104,45.42548913375733,37.0
floor050@k050,COP28 tripling pledge,large_then_smr_2038,1164535.451315625,1477884.46875,1544110.894772954,9.779544249747511,33.98549439222879,15.0
floor050@k050,COP28 tripling pledge,smr_then_large_2038,1228662.699971875,1524240.3499999999,1569978.8305264472,15.824753198534882,44.47448914986325,36.0
floor050@k050,COP28 tripling pledge,large_then_smr_2039,1169419.4673,1480132.5937499995,1545420.1503243514,10.239955350386346,33.371609042007606,17.0
floor050@k050,COP28 tripling pledge,smr_then_large_2039,1226308.477803125,1521530.7328125,1568278.476734032,15.60282312637087,43.49452208253399,34.0
floor050@k050,COP28 tripling pledge,large_then_smr_2040,1175813.724515625,1485213.8640625,1548307.9464196607,10.84273531913177,32.87864719843217,19.0
floor050@k050,COP28 tripling pledge,smr_then_large_2040,1223684.123734375,1519027.1624999999,1566387.1609281437,15.355428001308884,42.32293862732293,32.0
floor050@k050,COP28 tripling pledge,large_then_smr_2041,1183978.02041875,1490498.1515625,1551367.287986527,11.612374991631725,32.656741015789805,20.0
floor050@k050,COP28 tripling pledge,smr_then_large_2041,1222173.72441875,1518024.9828124996,1566302.3663298404,15.21304423075289,41.199883064456806,30.0
floor050@k050,COP28 tripling pledge,large_then_smr_2042,1197807.403265625,1496816.140625,1553952.359530938,12.916056510704465,30.90357405820327,23.0
floor050@k050,COP28 tripling pledge,smr_then_large_2042,1211243.045653125,1509255.6875,1563103.6089695608,14.18262052671275,36.66132761983982,27.0
floor050@k050,COP28 tripling pledge,large_then_smr_2043,1209084.4246125,1501457.5343749998,1556391.3153068863,13.97912956919831,34.95832353184896,26.0
floor050@k050,COP28 tripling pledge,smr_then_large_2043,1199313.649434375,1504322.5046875,1560175.9280813374,13.058048768429632,32.210215472040346,24.0
floor050@k050,COP28 tripling pledge,large_then_smr_2044,1218297.333375,1506593.5921874999,1559019.5686127744,14.847620883927409,38.71964908822848,29.0
floor050@k050,COP28 tripling pledge,smr_then_large_2044,1186873.639434375,1498637.4609375,1557553.8168662675,11.885341980740636,31.200138310152855,22.0
floor050@k050,COP28 tripling pledge,large_then_smr_2045,1225915.817509375,1513153.1906249998,1562009.8698228542,15.565807449395,42.212929698540236,33.0
floor050@k050,COP28 tripling pledge,smr_then_large_2045,1174138.238540625,1495816.0765624999,1555039.0941866268,10.684789001117538,33.88125943716042,18.0
floor050@k050,COP28 tripling pledge,large_then_smr_2046,1232003.4529875,1520913.190625,1565398.7526821357,16.1396825062618,45.55343273191391,38.0
floor050@k050,COP28 tripling pledge,smr_then_large_2046,1161184.64098125,1488432.9749999996,1552731.1468313374,9.463666849055711,36.32896767676637,14.0
floor050@k050,COP28 tripling pledge,large_then_smr_2047,1236677.535890625,1526521.153125,1569226.083458084,16.580303433955248,48.739031244971045,42.0
floor050@k050,COP28 tripling pledge,smr_then_large_2047,1148019.18856875,1479304.190625,1550192.306511976,8.222573360615169,38.42811349603927,10.0
floor050@k050,COP28 tripling pledge,large_then_smr_2048,1239931.21551875,1533532.4953124998,1573228.5457834331,16.887024424120657,51.632481417608076,44.0
floor050@k050,COP28 tripling pledge,smr_then_large_2048,1134397.609215625,1471933.5718749994,1546958.5019336327,6.938481260491941,40.334921180716094,7.0
floor050@k050,COP28 tripling pledge,large_then_smr_2049,1241955.624675,1540251.8749999998,1577612.1816367265,17.07786336706316,54.22574387519929,47.0
floor050@k050,COP28 tripling pledge,smr_then_large_2049,1119464.78635,1463231.3499999999,1541930.0456586827,5.530779599972707,42.069596692892006,5.0
floor050@k050,COP28 tripling pledge,large_then_smr_2050,1240138.924903125,1543129.6937499999,1579652.614708084,16.906604971477392,56.41860776884661,45.0
floor050@k050,COP28 tripling pledge,smr_then_large_2050,1102632.235828125,1453038.9468749997,1536300.5754116767,3.9439925916728127,43.52862682421294,2.0
floor050@k050,2025 EO,pure_large,1821426.87999375,2296752.58125,2361618.796656687,15.333622784221603,58.20199988134259,33.0
floor050@k050,2025 EO,pure_smr,1609568.10455,2139466.231249999,2274836.4473552895,1.918623610255083,40.99051218000145,1.0
floor050@k050,2025 EO,const_0.1,1840104.35533125,2305758.0281249997,2370812.374500998,16.516289471969298,55.235601649260104,41.0
floor050@k050,2025 EO,const_0.2,1834476.93751875,2290719.725,2360813.8958333335,16.159958679685005,50.55268416557562,38.0
floor050@k050,2025 EO,const_0.3,1823561.664428125,2276271.846875,2351962.5548902196,15.468798357495606,44.794949038620274,35.0
floor050@k050,2025 EO,const_0.4,1806415.500534375,2259989.5531249996,2343219.437250499,14.38309504409936,39.491680820669195,29.0
floor050@k050,2025 EO,const_0.5,1785707.458025,2244972.440625,2335174.094186627,13.071851870075225,33.68290147245626,24.0
floor050@k050,2025 EO,const_0.6,1761017.022246875,2229870.0437499997,2327322.5143463076,11.50844164609627,27.985394015000733,20.0
floor050@k050,2025 EO,const_0.7,1734687.58864375,2217497.6875,2321732.6961077843,9.841249294506813,31.537443358773697,15.0
floor050@k050,2025 EO,const_0.8,1702223.644646875,2199506.3093749997,2312728.3066367265,7.785616805413139,34.70490587858317,10.0
floor050@k050,2025 EO,const_0.9,1662404.960371875,2173312.6312499996,2298714.240768463,5.264278637859235,38.05161878105126,5.0
floor050@k050,2025 EO,large_then_smr_2032,1644011.0398625,2157232.859375,2288310.6560628745,4.099566777694696,39.5868119255374,3.0
floor050@k050,2025 EO,smr_then_large_2032,1849197.43609375,2320023.0312499995,2382457.7949101795,17.092067702832036,58.04592281528917,47.0
floor050@k050,2025 EO,large_then_smr_2033,1671089.96681875,2172220.7562499996,2298684.646332335,5.814217407526371,38.07536791826376,6.0
floor050@k050,2025 EO,smr_then_large_2033,1852476.41400625,2319542.64375,2382805.135978044,17.299694155385193,56.251444181259394,49.0
floor050@k050,2025 EO,large_then_smr_2034,1691759.470825,2183089.3718749997,2304651.3081337325,7.123020305066774,36.38868052740293,8.0
floor050@k050,2025 EO,smr_then_large_2034,1849458.0381625,2314636.5625,2378848.357035928,17.108569150693675,53.68824701524655,48.0
floor050@k050,2025 EO,large_then_smr_2035,1708938.74658125,2192585.378124999,2308797.2906686626,8.210820277462185,34.730906850335565,11.0
floor050@k050,2025 EO,smr_then_large_2035,1843038.126559375,2303590.6781249996,2373034.3101297407,16.70205727186085,51.2382985261997,43.0
floor050@k050,2025 EO,large_then_smr_2036,1723527.74814375,2200834.0625,2311831.3998253495,9.134602846770466,32.98873884714646,13.0
floor050@k050,2025 EO,smr_then_large_2036,1835314.046384375,2294399.225,2367121.7523702593,16.21296481416,48.429675140517936,39.0
floor050@k050,2025 EO,large_then_smr_2037,1736152.996209375,2207576.096875,2314171.299276447,9.934039603717313,31.311925493503626,16.0
floor050@k050,2025 EO,smr_then_large_2037,1826919.538909375,2286118.390625,2361462.5905688624,15.68142057858558,46.069768372827326,36.0
floor050@k050,2025 EO,large_then_smr_2038,1747588.050628125,2214344.240625,2316533.369510978,10.658112728658615,29.706996713819777,18.0
floor050@k050,2025 EO,smr_then_large_2038,1818404.85940625,2279201.9125,2356301.9391217567,15.14226699260944,43.17145152842467,32.0
floor050@k050,2025 EO,large_then_smr_2039,1758320.0452625,2217673.159375,2318958.1413423154,11.337667771179753,28.41530049315335,19.0
floor050@k050,2025 EO,smr_then_large_2039,1810098.18423125,2272826.95625,2351810.291167665,14.616284340356172,41.011859096536064,30.0
floor050@k050,2025 EO,large_then_smr_2040,1769298.578759375,2223631.478125,2322209.834456088,12.032833772604343,29.746358306673557,22.0
floor050@k050,2025 EO,smr_then_large_2040,1803209.0234125,2267195.05,2349577.0746007985,14.180059376347582,38.78459290255219,28.0
floor050@k050,2025 EO,large_then_smr_2041,1786622.7584375,2235461.80625,2330362.2954091816,13.129809130764096,32.58622639128761,25.0
floor050@k050,2025 EO,smr_then_large_2041,1795212.2356,2260724.603125,2345008.016591816,13.67369894037142,36.52933905678248,26.0
floor050@k050,2025 EO,large_then_smr_2042,1800328.3393,2244795.4125,2334638.1283682636,13.997653078054283,36.36000822293625,27.0
floor050@k050,2025 EO,smr_then_large_2042,1778433.408671875,2249324.7468749997,2338492.500249501,12.611255579649333,32.38415095465914,23.0
floor050@k050,2025 EO,large_then_smr_2043,1811838.10265625,2255701.828125,2339490.4084331337,14.72645680871513,39.87232792357036,31.0
floor050@k050,2025 EO,smr_then_large_2043,1761528.355746875,2238237.8124999995,2332508.8414421156,11.540819528323494,28.433321105767433,21.0
floor050@k050,2025 EO,large_then_smr_2044,1821505.1534,2266406.4624999994,2344753.2488772455,15.338579093810326,43.1454109813728,34.0
floor050@k050,2025 EO,smr_then_large_2044,1744684.6974125,2228165.815625,2326989.7468812377,10.47427101189346,29.59604142545813,17.0
floor050@k050,2025 EO,large_then_smr_2045,1829577.009465625,2276184.1374999997,2350659.1916167666,15.84969288754358,46.19853056718591,37.0
floor050@k050,2025 EO,smr_then_large_2045,1727947.536675,2218511.496875,2321953.256487026,9.414465974326246,31.43083541705893,14.0
floor050@k050,2025 EO,large_then_smr_2046,1836142.417490625,2285285.584375,2357039.9126746505,16.26541766952464,49.048917766399335,40.0
floor050@k050,2025 EO,smr_then_large_2046,1711298.31313125,2209655.6999999997,2317297.2723303395,8.360229162002694,33.12369259710727,12.0
floor050@k050,2025 EO,large_then_smr_2047,1841226.18343125,2294647.421875,2363777.0441616764,16.58732416478913,51.72454044314917,42.0
floor050@k050,2025 EO,smr_then_large_2047,1694548.13761875,2198622.4218749995,2312271.3176147705,7.299600022646406,34.69844521094454,9.0
floor050@k050,2025 EO,large_then_smr_2048,1844756.341196875,2306401.128125,2370347.044535928,16.810855445995863,54.24267321565448,45.0
floor050@k050,2025 EO,smr_then_large_2048,1677469.005334375,2186210.775,2306571.0968063874,6.218141182874213,36.37717994537668,7.0
floor050@k050,2025 EO,large_then_smr_2049,1846906.42109375,2313329.659375,2376452.3213572856,16.946999535284238,56.526104674647485,46.0
floor050@k050,2025 EO,smr_then_large_2049,1659657.75764375,2174913.159375,2299855.63498004,5.090324444782628,38.06009185266798,4.0
floor050@k050,2025 EO,large_then_smr_2050,1844546.06116875,2314087.3249999997,2378898.1141467066,16.79754041385858,58.34759345056616,44.0
floor050@k050,2025 EO,smr_then_large_2050,1638262.767359375,2160218.6406249995,2290266.473802395,3.7355834084920807,39.60420526965487,2.0
floor050@k000,EIA 2026 AEO high,pure_large,157554.68273984376,190191.933984375,195073.44571793912,9.086919115494808,44.28306182882901,21.0
floor050@k000,EIA 2026 AEO high,pure_smr,151347.9665003906,188394.13261718748,194525.395030252,4.789544130429846,48.11336401849802,1.0
floor050@k000,EIA 2026 AEO high,const_0.1,159196.70071191408,190503.183203125,195131.79230601297,10.223811263608189,42.053462960634825,31.0
floor050@k000,EIA 2026 AEO high,const_0.2,160138.29093105468,190173.51621093747,194851.20757703343,10.87574476560977,39.978523351903334,43.0
floor050@k000,EIA 2026 AEO high,const_0.3,160402.25791855468,189476.7587890625,194417.1567334082,11.058508901297953,35.984885578898584,44.0
floor050@k000,EIA 2026 AEO high,const_0.4,160092.22885253906,188423.18457031247,193855.2215334955,10.84385253526824,32.27707696296218,42.0
floor050@k000,EIA 2026 AEO high,const_0.5,159327.6885640625,187897.424609375,193290.9299447979,10.314503974125866,27.385902153941927,34.0
floor050@k000,EIA 2026 AEO high,const_0.6,158310.76030839843,187299.60722656248,192891.73667508733,9.61040830116474,29.82520950108509,28.0
floor050@k000,EIA 2026 AEO high,const_0.7,156944.89766699218,187064.8501953125,192662.78385416666,8.664719192501517,34.464367933916314,20.0
floor050@k000,EIA 2026 AEO high,const_0.8,155241.71183808593,187118.4611328125,192699.58771519462,7.4854759511988105,39.05720215374956,18.0
floor050@k000,EIA 2026 AEO high,const_0.9,153456.49343710937,187533.60683593748,193440.48527164423,6.249435410071976,43.60615710970614,8.0
floor050@k000,EIA 2026 AEO high,large_then_smr_2032,151347.9665003906,188394.13261718748,194525.395030252,4.789544130429846,48.11336401849802,2.0
floor050@k000,EIA 2026 AEO high,smr_then_large_2032,157554.68273984376,190191.933984375,195073.44571793912,9.086919115494808,44.28306182882901,22.0
floor050@k000,EIA 2026 AEO high,large_then_smr_2033,151347.9665003906,188394.13261718748,194525.395030252,4.789544130429846,48.11336401849802,3.0
floor050@k000,EIA 2026 AEO high,smr_then_large_2033,157554.68273984376,190191.933984375,195073.44571793912,9.086919115494808,44.28306182882901,23.0
floor050@k000,EIA 2026 AEO high,large_then_smr_2034,151347.9665003906,188394.13261718748,194525.395030252,4.789544130429846,48.11336401849802,4.0
floor050@k000,EIA 2026 AEO high,smr_then_large_2034,157554.68273984376,190191.933984375,195073.44571793912,9.086919115494808,44.28306182882901,24.0
floor050@k000,EIA 2026 AEO high,large_then_smr_2035,151347.9665003906,188394.13261718748,194525.395030252,4.789544130429846,48.11336401849802,5.0
floor050@k000,EIA 2026 AEO high,smr_then_large_2035,157554.68273984376,190191.933984375,195073.44571793912,9.086919115494808,44.28306182882901,25.0
floor050@k000,EIA 2026 AEO high,large_then_smr_2036,151347.9665003906,188394.13261718748,194525.395030252,4.789544130429846,48.11336401849802,6.0
floor050@k000,EIA 2026 AEO high,smr_then_large_2036,157554.68273984376,190191.933984375,195073.44571793912,9.086919115494808,44.28306182882901,26.0
floor050@k000,EIA 2026 AEO high,large_then_smr_2037,155472.84863671876,187293.4591796875,192896.64453125,7.645509285775768,39.47780913113134,19.0
floor050@k000,EIA 2026 AEO high,smr_then_large_2037,161699.6779984375,191819.15527343747,196391.13223552893,11.95681009331453,41.93426087261093,48.0
floor050@k000,EIA 2026 AEO high,large_then_smr_2038,158550.96383710936,187632.34257812498,193121.36472367763,9.776719212729414,31.15807459641536,29.0
floor050@k000,EIA 2026 AEO high,smr_then_large_2038,162189.44604492188,190697.9283203125,195928.60540637476,12.295913230987782,35.58545824373932,49.0
floor050@k000,EIA 2026 AEO high,large_then_smr_2039,160561.26902597657,188643.39394531248,194164.36545658682,11.16860421241249,31.415267557359066,45.0
floor050@k000,EIA 2026 AEO high,smr_then_large_2039,160673.05397734375,189356.0822265625,194812.42709892715,11.246001315031503,28.454461217322848,46.0
floor050@k000,EIA 2026 AEO high,large_then_smr_2040,161051.43957285155,190306.6923828125,195016.47124500998,11.507986031282597,37.74216841854865,47.0
floor050@k000,EIA 2026 AEO high,smr_then_large_2040,158024.31999921874,188411.34160156248,193886.88966598053,9.412084199998562,35.88625460040661,27.0
floor050@k000,EIA 2026 AEO high,large_then_smr_2041,159512.664003125,190551.0076171875,195172.14936533183,10.442576338643796,41.68992012209264,41.0
floor050@k000,EIA 2026 AEO high,smr_then_large_2041,154634.060171875,188195.68789062498,193849.29777164423,7.064753145569466,42.766119651477716,17.0
floor050@k000,EIA 2026 AEO high,large_then_smr_2042,159473.3945236328,190520.93535156248,195177.92482223053,10.41538713386373,41.796848781894624,40.0
floor050@k000,EIA 2026 AEO high,smr_then_large_2042,154545.497375,188212.4869140625,193859.46185753492,7.0034344815263445,42.92114943973424,16.0
floor050@k000,EIA 2026 AEO high,large_then_smr_2043,159438.31225585938,190517.2669921875,195186.23793818612,10.391097049681921,41.90079698380756,39.0
floor050@k000,EIA 2026 AEO high,smr_then_large_2043,154461.43167910157,188169.07011718748,193869.5252073977,6.945229497647808,43.06811414139805,15.0
floor050@k000,EIA 2026 AEO high,large_then_smr_2044,159407.19281152345,190475.5595703125,195196.2362462575,10.369550725268327,42.00202977762556,38.0
floor050@k000,EIA 2026 AEO high,smr_then_large_2044,154381.634578125,188150.18789062498,193879.5773531063,6.889979982060545,43.207424854109014,14.0
floor050@k000,EIA 2026 AEO high,large_then_smr_2045,159379.8291595703,190449.84042968747,195208.1212262974,10.35060481750217,42.10078516724539,37.0
floor050@k000,EIA 2026 AEO high,smr_then_large_2045,154305.88972421875,188130.10839843747,193889.24653817364,6.837536140926798,43.33947374337885,13.0
floor050@k000,EIA 2026 AEO high,large_then_smr_2046,159356.02867871095,190471.8697265625,195221.5788579092,10.334125960223751,42.19732279328172,36.0
floor050@k000,EIA 2026 AEO high,smr_then_large_2046,154233.99247773437,188118.8626953125,193898.499251497,6.787756286875629,43.46465838389876,12.0
floor050@k000,EIA 2026 AEO high,large_then_smr_2047,159335.67407695312,190462.3173828125,195236.48666729042,10.320032943393214,42.291867136682626,35.0
floor050@k000,EIA 2026 AEO high,smr_then_large_2047,154165.75563378906,188117.4943359375,193907.73329123005,6.740510803931462,43.58325734841153,11.0
floor050@k000,EIA 2026 AEO high,large_then_smr_2048,159318.64563984374,190480.33085937498,195252.97310067364,10.308242879719378,42.38467242888329,33.0
floor050@k000,EIA 2026 AEO high,smr_then_large_2048,154101.00002773438,188128.508984375,193917.25006237524,6.695675642975779,43.69560600604444,10.0
floor050@k000,EIA 2026 AEO high,large_then_smr_2049,159304.79123984376,190522.2501953125,195271.28040793413,10.298650439901584,42.47597667378048,32.0
floor050@k000,EIA 2026 AEO high,smr_then_large_2049,154039.54875839845,188161.3283203125,193926.40779378742,6.653128322064583,43.80208029477078,9.0
floor050@k000,EIA 2026 AEO high,large_then_smr_2050,158927.4953828125,190592.098046875,195401.01787050898,10.037420231298137,43.55494840764496,30.0
floor050@k000,EIA 2026 AEO high,smr_then_large_2050,153106.06101601562,188198.7890625,194098.29692178144,6.006804772184666,45.38127942325477,7.0
floor050@k000,Abou-Jaoude mod,pure_large,215570.86079570313,262550.989453125,269476.386882485,11.646285101770244,50.87183645121925,23.0
floor050@k000,Abou-Jaoude mod,pure_smr,200563.11174960938,255486.24589843748,264725.91440556385,3.8736231448096796,49.94142141342847,1.0
floor050@k000,Abou-Jaoude mod,const_0.1,218245.04758046876,262991.887890625,269934.5456119012,13.031272938648058,48.687389559173454,34.0
floor050@k000,Abou-Jaoude mod,const_0.2,219157.31853945312,262117.78203125,269170.7831134606,13.503747108862369,45.168470906898506,39.0
floor050@k000,Abou-Jaoude mod,const_0.3,219185.50113828125,260631.7046875,268146.8127339072,13.5183431560835,41.22777532553979,41.0
floor050@k000,Abou-Jaoude mod,const_0.4,218374.354884375,259423.31328124998,266983.0161006113,13.098242472769552,36.32372482688347,36.0
floor050@k000,Abou-Jaoude mod,const_0.5,216831.06990859375,258067.569921875,265779.56508077594,12.298959889941058,31.07009930061243,27.0
floor050@k000,Abou-Jaoude mod,const_0.6,214630.6472261719,256490.874609375,264805.5231802021,11.159339176643932,32.37201961376722,21.0
floor050@k000,Abou-Jaoude mod,const_0.7,211911.71266015625,255609.659375,264176.25700162177,9.751176020408629,36.81911374808954,17.0
floor050@k000,Abou-Jaoude mod,const_0.8,208511.21062421874,255316.10390625,263860.26835391717,7.990022317203693,41.17583664929739,12.0
floor050@k000,Abou-Jaoude mod,const_0.9,204759.79398085937,255481.333203125,264143.3751091567,6.047126461270019,45.600749673257795,7.0
floor050@k000,Abou-Jaoude mod,large_then_smr_2032,201136.43391054688,255087.46640625,264252.75775792164,4.170552373551095,48.91729907439235,2.0
floor050@k000,Abou-Jaoude mod,smr_then_large_2032,216415.9314203125,262980.60429687495,269845.42726266215,12.083955552860031,50.421780831818175,25.0
floor050@k000,Abou-Jaoude mod,large_then_smr_2033,201739.63548359374,254943.2296875,263893.49528287177,4.482956445927328,47.953015560810904,3.0
floor050@k000,Abou-Jaoude mod,smr_then_large_2033,217004.20695429688,263105.5578125,269933.3271893713,12.388629281689546,49.912011818268745,29.0
floor050@k000,Abou-Jaoude mod,large_then_smr_2034,202286.06443242187,254648.02890625,263535.61470028694,4.7659574136070075,47.046466863674965,4.0
floor050@k000,Abou-Jaoude mod,smr_then_large_2034,217453.26648320313,263056.02207031247,269904.9346307385,12.621201661865957,49.36282905133816,30.0
floor050@k000,Abou-Jaoude mod,large_then_smr_2035,202846.5839441406,254426.7349609375,263242.0683008982,5.0562560234444645,46.19537903478617,5.0
floor050@k000,Abou-Jaoude mod,smr_then_large_2035,217833.5342515625,262900.63671875,269848.36512911675,12.818146107532478,49.26168691056527,32.0
floor050@k000,Abou-Jaoude mod,large_then_smr_2036,203461.5625765625,254308.92402343746,263071.3915996133,5.374759551581037,45.39748621828851,6.0
floor050@k000,Abou-Jaoude mod,smr_then_large_2036,218076.15873828126,262806.23398437497,269701.5187593563,12.943803733599777,48.67334529903733,33.0
floor050@k000,Abou-Jaoude mod,large_then_smr_2037,204899.06703007812,253816.65214843745,262598.0248409431,6.119257353648861,43.29926728007762,8.0
floor050@k000,Abou-Jaoude mod,smr_then_large_2037,219175.77621054687,263167.29960937495,270057.9020864521,13.513306519636354,47.888044167225246,40.0
floor050@k000,Abou-Jaoude mod,large_then_smr_2038,206246.53497421875,253533.1900390625,262252.5466021083,6.817124355254392,41.30242313748199,10.0
floor050@k000,Abou-Jaoude mod,smr_then_large_2038,219663.44876367188,263089.08203125,269962.08599207836,13.765876967708653,46.01897608713861,45.0
floor050@k000,Abou-Jaoude mod,large_then_smr_2039,207558.91871835937,253370.51953124997,262148.44415855786,7.4968209019973795,39.404999489825784,11.0
floor050@k000,Abou-Jaoude mod,smr_then_large_2039,219724.39792734376,262375.769921875,269420.05461732787,13.797443143577262,44.51740554987065,46.0
floor050@k000,Abou-Jaoude mod,large_then_smr_2040,208801.63870078124,253346.87890625,262184.918218251,8.140437896182084,37.60494897449626,13.0
floor050@k000,Abou-Jaoude mod,smr_then_large_2040,219853.786503125,261909.42070312498,269129.0238429391,13.864454769208221,42.974523604942135,47.0
floor050@k000,Abou-Jaoude mod,large_then_smr_2041,210008.0536984375,253686.71328125,262319.5898125624,8.765252178976217,35.899382625277,15.0
floor050@k000,Abou-Jaoude mod,smr_then_large_2041,219922.980221875,261438.1763671875,268973.8229166667,13.900290881854891,41.503805122856534,48.0
floor050@k000,Abou-Jaoude mod,large_then_smr_2042,211666.77481132813,254332.520703125,262741.789561502,9.62432028117959,33.47019700066891,16.0
floor050@k000,Abou-Jaoude mod,smr_then_large_2042,219459.41027929686,260609.48242187497,268126.8607394586,13.660203414640398,39.30676452303958,43.0
floor050@k000,Abou-Jaoude mod,large_then_smr_2043,213135.24808164063,254885.676953125,263270.4196138972,10.384857140365831,31.173570012894494,19.0
floor050@k000,Abou-Jaoude mod,smr_then_large_2043,219116.13844179688,260021.56249999994,267826.2345777196,13.482419528193638,36.773307044257486,38.0
floor050@k000,Abou-Jaoude mod,large_then_smr_2044,214542.43899609376,255923.9015625,264014.14007141965,11.113655260147638,29.03089376893723,20.0
floor050@k000,Abou-Jaoude mod,smr_then_large_2044,218380.75865039064,259398.71289062497,267086.66285397956,13.101559046650024,34.15727125803714,37.0
floor050@k000,Abou-Jaoude mod,large_then_smr_2045,215720.01553203125,256813.41093749998,264654.40959487273,11.723533817830022,31.061339340026226,24.0
floor050@k000,Abou-Jaoude mod,smr_then_large_2045,217553.5058808594,258856.40312499998,266502.5345870759,12.673116639279186,31.770372168341947,31.0
floor050@k000,Abou-Jaoude mod,large_then_smr_2046,216925.09983515626,257656.4044921875,265593.6909306387,12.34765892073931,33.66555423716916,28.0
floor050@k000,Abou-Jaoude mod,smr_then_large_2046,216787.60119492188,258434.5546875,266280.3359063124,12.276447012357773,30.621293948103332,26.0
floor050@k000,Abou-Jaoude mod,large_then_smr_2047,218265.75642851563,259373.05898437498,266822.3728246632,13.041998256275107,38.08255092723261,35.0
floor050@k000,Abou-Jaoude mod,smr_then_large_2047,214984.519365625,257496.9306640625,265840.8849800399,11.34261306452064,34.44125380479138,22.0
floor050@k000,Abou-Jaoude mod,large_then_smr_2048,219312.39454101562,260960.50664062498,268305.6003617764,13.584062506866452,42.15145955758685,42.0
floor050@k000,Abou-Jaoude mod,smr_then_large_2048,212664.6727390625,256929.18359375,265320.6258576597,10.141141507068198,37.921756084878936,18.0
floor050@k000,Abou-Jaoude mod,large_then_smr_2049,219956.599015625,262875.641796875,269786.85040855786,13.91770238829846,46.05907364344774,49.0
floor050@k000,Abou-Jaoude mod,smr_then_large_2049,209863.69811992187,256250.077734375,264847.41768026445,8.690488994306929,41.099993193774026,14.0
floor050@k000,Abou-Jaoude mod,large_then_smr_2050,219567.2660484375,264185.96308593743,270924.05639502243,13.716062986323218,49.78179389145777,44.0
floor050@k000,Abou-Jaoude mod,smr_then_large_2050,205873.88360820312,255981.15078124992,264619.8050851422,6.624124519839836,45.086764549347706,9.0
floor050@k000,IAEA high,pure_large,525424.5003007812,644438.6539062499,661938.8559443613,13.326907383939703,55.07440112009343,26.0
floor050@k000,IAEA high,pure_smr,478607.7687140625,614520.7046875,642282.5295346807,3.2291761180591974,54.28109314139957,1.0
floor050@k000,IAEA high,const_0.1,532656.1690875,646125.209375,662827.3427208083,14.886679831464805,52.509175624509986,39.0
floor050@k000,IAEA high,const_0.2,534404.660771875,641788.55703125,660167.6347929141,15.263805669836106,48.72237999620935,45.0
floor050@k000,IAEA high,const_0.3,533705.0425632813,638338.54921875,657117.0499001996,15.112907552439534,44.38430009603188,44.0
floor050@k000,IAEA high,const_0.4,530322.0911140625,633525.1984374999,653453.31749002,14.383251007397366,38.99281803598646,32.0
floor050@k000,IAEA high,const_0.5,525713.9448734375,628993.89921875,650661.1971057884,13.389336635448572,33.41760825297866,27.0
floor050@k000,IAEA high,const_0.6,519497.83044296876,625225.1953125,648149.6659181637,12.048605428688255,35.41391711528352,21.0
floor050@k000,IAEA high,const_0.7,511790.07278125,623291.16015625,646204.824132984,10.386147096106853,40.593669294322375,16.0
floor050@k000,IAEA high,const_0.8,502463.69435625,621072.6125,644702.005988024,8.374574313732783,45.34998867214536,10.0
floor050@k000,IAEA high,const_0.9,491249.97083984374,618154.04296875,643354.5753493014,5.955926904551456,49.96476049430419,5.0
floor050@k000,IAEA high,large_then_smr_2032,487016.69069140626,615790.71328125,641789.1187000998,5.042866042262744,50.886391757610895,3.0
floor050@k000,IAEA high,smr_then_large_2032,533526.5716867187,648165.95546875,664959.1133358283,15.07441381549474,54.07481945173656,43.0
floor050@k000,IAEA high,large_then_smr_2033,494426.8283546875,616959.2749999999,641622.6895271956,6.641131795359884,47.65751612741034,6.0
floor050@k000,IAEA high,smr_then_large_2033,536924.7574585937,647281.86953125,664970.9356287426,15.80735619641197,52.069920205407804,47.0
floor050@k000,IAEA high,large_then_smr_2034,501051.3438875,617900.275,642064.635884481,8.06994955665718,44.585791614282606,9.0
floor050@k000,IAEA high,smr_then_large_2034,537772.3440085937,645161.76328125,663393.0899139221,15.990169069425574,49.65247694985268,49.0
floor050@k000,IAEA high,large_then_smr_2035,506559.29561875,619123.50859375,642727.2843063872,9.25793971578614,41.461877737877444,12.0
floor050@k000,IAEA high,smr_then_large_2035,536933.3189289062,642258.3218749999,661004.0014346307,15.809202788934053,46.67237196598105,48.0
floor050@k000,IAEA high,large_then_smr_2036,511306.2247609375,619747.16796875,643634.7420471557,10.281787669101703,38.48959138520843,15.0
floor050@k000,IAEA high,smr_then_large_2036,535422.9050976563,639406.7453124999,658746.7845247006,15.483427100386026,43.86195486990367,46.0
floor050@k000,IAEA high,large_then_smr_2037,515077.63639921875,620527.0828125,644324.9912362774,11.095229785321145,35.4909946645227,18.0
floor050@k000,IAEA high,smr_then_large_2037,533344.8343257812,636834.6867187499,656606.0149700599,15.035215542366297,40.84886672069586,42.0
floor050@k000,IAEA high,large_then_smr_2038,518385.1129265625,622229.07421875,645302.052863024,11.808607417834036,32.637362780552614,19.0
floor050@k000,IAEA high,smr_then_large_2038,530847.9792132813,634583.6875,654639.8745633733,14.496677906752767,38.083160736758586,33.0
floor050@k000,IAEA high,large_then_smr_2039,521385.70560078125,624534.0703125,646636.0827407684,12.455794383598775,31.625032025195974,22.0
floor050@k000,IAEA high,smr_then_large_2039,528156.7499773437,631817.30234375,653045.9499438623,13.916216420477483,35.15323316666957,29.0
floor050@k000,IAEA high,large_then_smr_2040,523988.12278125,626862.1546875,648129.5676771457,13.017100319306998,34.272771040764205,24.0
floor050@k000,IAEA high,smr_then_large_2040,525319.0084078124,629959.63046875,651725.8586576846,13.304154219636587,32.323195350393235,25.0
floor050@k000,IAEA high,large_then_smr_2041,526241.634146875,629274.74609375,649615.376247505,13.503152023547369,36.89357284977965,28.0
floor050@k000,IAEA high,smr_then_large_2041,522321.76779765624,628375.18359375,650597.4983782435,12.657690248428326,34.82293643955515,23.0
floor050@k000,IAEA high,large_then_smr_2042,528200.1097484375,631506.1624999999,651285.3015843313,13.925568532455733,39.59596477147406,30.0
floor050@k000,IAEA high,smr_then_large_2042,518693.9306757813,626524.9984374999,649417.3143400699,11.875215199626085,37.43608475225114,20.0
floor050@k000,IAEA high,large_then_smr_2043,529812.2689820313,633744.6968749999,653098.8285304392,14.273289318313747,42.118366410724924,31.0
floor050@k000,IAEA high,smr_then_large_2043,514949.38422578125,625500.0953125,648424.7960329341,11.067567538561393,39.74906502876001,17.0
floor050@k000,IAEA high,large_then_smr_2044,531078.6881742188,636506.8859374999,654969.8423777445,14.546438686910223,44.46643279475551,35.0
floor050@k000,IAEA high,smr_then_large_2044,510961.1138195312,624145.8843749999,647417.3384792914,10.207351940140565,41.91182648318907,14.0
floor050@k000,IAEA high,large_then_smr_2045,532018.0783117188,638135.325,656749.0584456088,14.749052343199388,46.64451472222209,36.0
floor050@k000,IAEA high,smr_then_large_2045,507128.2562429687,623653.7546875,646836.800368014,9.380656772050239,43.96524168416988,13.0
floor050@k000,IAEA high,large_then_smr_2046,532585.2948148438,640092.7374999999,658482.6695671157,14.871393216301977,48.486624674753045,38.0
floor050@k000,IAEA high,smr_then_large_2046,503148.09928046877,622604.5874999999,646227.0413236028,8.522191132924979,45.768679743144816,11.0
floor050@k000,IAEA high,large_then_smr_2047,532854.43319375,642337.0640625,660163.2003493014,14.929442698429881,50.17521647764067,41.0
floor050@k000,IAEA high,smr_then_large_2047,499363.25060078123,622087.0203125,645923.1775823353,7.705850829913543,47.633662562043064,8.0
floor050@k000,IAEA high,large_then_smr_2048,532834.4178890625,644682.75390625,661783.8335516467,14.925125669857206,51.73699817066112,40.0
floor050@k000,IAEA high,smr_then_large_2048,495289.87903046876,620835.4718749999,645322.3888473054,6.827280069652231,49.1180532865563,7.0
floor050@k000,IAEA high,large_then_smr_2049,532480.6660226563,645852.5484374999,663172.2242078343,14.848826211080219,53.191017557071795,37.0
floor050@k000,IAEA high,smr_then_large_2049,491137.0216953125,619348.41015625,644595.9995945608,5.931565312668967,50.66197008129871,4.0
floor050@k000,IAEA high,large_then_smr_2050,530955.134321875,647068.2945312499,664203.0094186626,14.519789804009877,54.53730496776961,34.0
floor050@k000,IAEA high,smr_then_large_2050,485520.7100546875,617043.39140625,643539.9147018463,4.720203397166175,52.361750615045246,2.0
floor050@k000,McKinsey GEP 2025,pure_large,665035.7721734375,818270.59765625,839228.7449476048,14.193037034659193,55.42956771085353,27.0
floor050@k000,McKinsey GEP 2025,pure_smr,600586.484525,774244.60390625,813097.1139907684,3.1264746041256517,56.646658883539494,1.0
floor050@k000,McKinsey GEP 2025,const_0.1,674482.5329859375,819656.3953125,840426.0087949102,15.815136705769888,53.19970907661424,40.0
floor050@k000,McKinsey GEP 2025,const_0.2,675961.4274390625,813697.3875,835546.4306387226,16.069077104350452,48.874274093736105,44.0
floor050@k000,McKinsey GEP 2025,const_0.3,674203.629978125,807865.7695312499,830492.6149575849,15.767246377410371,44.15986048850753,38.0
floor050@k000,McKinsey GEP 2025,const_0.4,669416.4316078125,801979.9726562498,825640.0363023952,14.945238383754972,38.63186794215618,31.0
floor050@k000,McKinsey GEP 2025,const_0.5,663004.0033078125,796683.303125,822336.25748503,13.84416278303822,33.07559160250212,26.0
floor050@k000,McKinsey GEP 2025,const_0.6,654571.5799875,791592.146875,819286.5786863773,12.396234613157395,36.29742205402524,21.0
floor050@k000,McKinsey GEP 2025,const_0.7,644267.801690625,787896.1859375,817223.1364146706,10.626976798939982,41.715619715788634,15.0
floor050@k000,McKinsey GEP 2025,const_0.8,632313.0913421875,783851.2078125,816207.717003493,8.57423807618489,46.88953630219468,10.0
floor050@k000,McKinsey GEP 2025,const_0.9,617803.7378859374,779949.7171875,814760.5578218562,6.082842566491293,51.91141475552567,5.0
floor050@k000,McKinsey GEP 2025,large_then_smr_2032,609679.12680625,775834.5726562499,812397.5566367266,4.6877687182337,53.677032296372296,2.0
floor050@k000,McKinsey GEP 2025,smr_then_large_2032,673938.89253125,821788.3859374999,842838.9379366267,15.721788412079187,55.17678164358102,37.0
floor050@k000,McKinsey GEP 2025,large_then_smr_2033,617768.92500625,777116.5984375,812033.7535865769,6.076864860289947,50.85930164525444,4.0
floor050@k000,McKinsey GEP 2025,smr_then_large_2033,677786.0394484375,821501.45546875,842726.4692801896,16.382380531742783,53.40507109433083,47.0
floor050@k000,McKinsey GEP 2025,large_then_smr_2034,625087.152575,778306.86875,812303.8180825849,7.333474905573932,48.18605927003523,7.0
floor050@k000,McKinsey GEP 2025,smr_then_large_2034,678934.3655703125,819568.2257812499,840736.8531374751,16.579559169118305,51.25888870231545,49.0
floor050@k000,McKinsey GEP 2025,large_then_smr_2035,631300.7691109375,780632.8101562499,812498.339757984,8.400412614636648,45.5044997102933,9.0
floor050@k000,McKinsey GEP 2025,smr_then_large_2035,678924.7072578125,816680.8531249999,838300.9826596807,16.57790074398818,49.1562910401618,48.0
floor050@k000,McKinsey GEP 2025,large_then_smr_2036,636564.4634109375,781864.98125,812569.3628368264,9.304239541381676,42.961633226911616,12.0
floor050@k000,McKinsey GEP 2025,smr_then_large_2036,677683.65480625,813222.2515624999,835396.7661863773,16.364800104153318,46.75535328621595,46.0
floor050@k000,McKinsey GEP 2025,large_then_smr_2037,641137.9739796876,783021.9968749998,812714.052020958,10.089555284697015,40.55088924411723,14.0
floor050@k000,McKinsey GEP 2025,smr_then_large_2037,676312.675615625,810927.16015625,833140.8761851297,16.12938979385206,44.81025895225759,45.0
floor050@k000,McKinsey GEP 2025,large_then_smr_2038,645336.003615625,784400.928125,813190.9620758482,10.810397341241586,38.266161338692825,17.0
floor050@k000,McKinsey GEP 2025,smr_then_large_2038,674276.88215,807518.1703125,830709.1157684631,15.779824479710722,42.09029278076002,39.0
floor050@k000,McKinsey GEP 2025,large_then_smr_2039,649255.5977984375,786095.99296875,814093.2104229042,11.48342935306247,36.10177504442372,18.0
floor050@k000,McKinsey GEP 2025,smr_then_large_2039,672422.93011875,805616.4851562498,829248.8198290918,15.461483088430194,40.17831693897852,34.0
floor050@k000,McKinsey GEP 2025,large_then_smr_2040,653214.2969,787398.9609374999,815570.2535553892,12.163176055463772,34.052836637255254,20.0
floor050@k000,McKinsey GEP 2025,smr_then_large_2040,669441.500690625,802732.7117187497,826842.0912861776,14.949542986336994,37.56869834239525,32.0
floor050@k000,McKinsey GEP 2025,large_then_smr_2041,657393.970296875,790008.21328125,817195.9979104291,12.880866169248588,32.01427324703818,23.0
floor050@k000,McKinsey GEP 2025,smr_then_large_2041,667355.9683015625,801567.1749999999,825891.0914109282,14.591437020754308,35.752794030739246,29.0
floor050@k000,McKinsey GEP 2025,large_then_smr_2042,662225.5116234375,794409.2328125,819339.4981911178,13.710488274891876,34.03460053944854,24.0
floor050@k000,McKinsey GEP 2025,smr_then_large_2042,662242.37519375,797217.39375,823715.2312250499,13.713383912073827,32.574988314968735,25.0
floor050@k000,McKinsey GEP 2025,large_then_smr_2043,666228.744521875,798367.5703124999,821861.5174026946,14.3978818584515,37.59936460661929,28.0
floor050@k000,McKinsey GEP 2025,smr_then_large_2043,656768.5663203124,794786.21171875,821920.0607846807,12.773478292617796,35.95270426814935,22.0
floor050@k000,McKinsey GEP 2025,large_then_smr_2044,669387.688796875,801406.11015625,824583.1843188623,14.940302966727497,40.73799101736236,30.0
floor050@k000,McKinsey GEP 2025,smr_then_large_2044,650865.6097390625,792314.6453124998,820245.5846744012,11.759883885066332,39.104340365263575,19.0
floor050@k000,McKinsey GEP 2025,large_then_smr_2045,671948.9798953125,805351.65859375,827802.9056574352,15.38010127758308,43.715199657258964,33.0
floor050@k000,McKinsey GEP 2025,smr_then_large_2045,644966.6107734375,790766.78203125,819327.4916729042,10.746969038173921,42.07045763715474,16.0
floor050@k000,McKinsey GEP 2025,large_then_smr_2046,673813.42325,809301.0070312499,831158.2316928643,15.700244129981899,46.465512820413416,36.0
floor050@k000,McKinsey GEP 2025,smr_then_large_2046,638991.5066078125,788388.3929687497,818879.6491704092,9.720986196617517,44.864055038343,13.0
floor050@k000,McKinsey GEP 2025,large_then_smr_2047,675033.330725,812471.37890625,834603.386477046,15.909713974011884,48.96847023289986,41.0
floor050@k000,McKinsey GEP 2025,smr_then_large_2047,632674.6377953124,786221.6351562499,818142.6978231038,8.63631907880002,47.34468215186736,11.0
floor050@k000,McKinsey GEP 2025,large_then_smr_2048,675563.3832625,816626.98125,837878.5641841317,16.000729091660723,51.22100258533315,42.0
floor050@k000,McKinsey GEP 2025,smr_then_large_2048,626275.0845703125,783726.83671875,817422.7560815868,7.537454252266878,49.69184528342979,8.0
floor050@k000,McKinsey GEP 2025,large_then_smr_2049,675583.7187921875,820034.6632812499,840978.8228231038,16.004220897653557,53.270276362845266,43.0
floor050@k000,McKinsey GEP 2025,smr_then_large_2049,619806.984915625,782272.8453125,816770.7063061377,6.426819344617172,51.91265696727858,6.0
floor050@k000,McKinsey GEP 2025,large_then_smr_2050,673597.825178125,821619.740625,842994.9395895709,15.663223867860113,55.350350552718886,35.0
floor050@k000,McKinsey GEP 2025,smr_then_large_2050,610960.141059375,778466.2234374998,815055.8349862774,4.907731183667634,54.20413520698012,3.0
floor050@k000,COP28 tripling pledge,pure_large,1215403.776403125,1511592.690625,1554480.5424151698,15.23899293005166,57.13634853731384,29.0
floor050@k000,COP28 tripling pledge,pure_smr,1087331.356796875,1401512.98125,1482749.724239022,3.095755477542701,52.20426189903976,1.0
floor050@k000,COP28 tripling pledge,const_0.1,1230518.50095625,1510863.6734375,1553487.0631237526,16.672101555953716,54.06500223512049,40.0
floor050@k000,COP28 tripling pledge,const_0.2,1230401.932884375,1499991.4265625,1542341.337512475,16.661049107811397,49.17688327474101,39.0
floor050@k000,COP28 tripling pledge,const_0.3,1224951.769521875,1484779.5828125,1530930.4526571857,16.144289698804556,44.1743902774042,34.0
floor050@k000,COP28 tripling pledge,const_0.4,1214649.073621875,1471207.80625,1519668.5527070859,15.167435485389,38.807580964735536,28.0
floor050@k000,COP28 tripling pledge,const_0.5,1202118.386946875,1460065.5875,1510901.6603667664,13.979333439645426,33.216616198998416,25.0
floor050@k000,COP28 tripling pledge,const_0.6,1186189.451078125,1447842.2906249994,1503785.2965943115,12.469025043702706,34.81370454273344,21.0
floor050@k000,COP28 tripling pledge,const_0.7,1168018.375753125,1437473.0796875,1499232.7248627744,10.746127302586448,39.688896016176194,16.0
floor050@k000,COP28 tripling pledge,const_0.8,1146824.5011625,1428087.7265625,1496019.8182385229,8.73662164567844,44.31234075569904,9.0
floor050@k000,COP28 tripling pledge,const_0.9,1120667.822209375,1418365.6421875,1491256.4756112774,6.2565657173734825,48.4628848081801,4.0
floor050@k000,COP28 tripling pledge,large_then_smr_2032,1108295.288971875,1410894.5859374998,1485857.3178018962,5.083459052769717,49.68338120550858,2.0
floor050@k000,COP28 tripling pledge,smr_then_large_2032,1235365.110275,1520927.315625,1563787.5792165669,17.131634748018527,56.818082875653936,45.0
floor050@k000,COP28 tripling pledge,large_then_smr_2033,1126072.064409375,1416537.1125,1488833.112774451,6.768971093075988,47.272640448812666,6.0
floor050@k000,COP28 tripling pledge,smr_then_large_2033,1239839.72385625,1518796.0125,1560895.98502994,17.555897016135216,54.84140404854698,49.0
floor050@k000,COP28 tripling pledge,large_then_smr_2034,1139559.090075,1420159.4890625,1489797.6783932135,8.047748800948503,44.96497884477363,8.0
floor050@k000,COP28 tripling pledge,smr_then_large_2034,1239591.3875625,1515798.8156249998,1555092.9555264472,17.532350911576927,51.958044088022426,48.0
floor050@k000,COP28 tripling pledge,large_then_smr_2035,1150112.88374375,1422373.275,1489768.8176771458,9.04841094927386,42.56621445805211,10.0
floor050@k000,COP28 tripling pledge,smr_then_large_2035,1235891.590990625,1505234.0796875,1547528.5540793412,17.181553226670342,49.23259028411472,46.0
floor050@k000,COP28 tripling pledge,large_then_smr_2036,1156602.44208125,1423892.2984374997,1488416.4331961079,9.663721006633985,40.19051984288442,12.0
floor050@k000,COP28 tripling pledge,smr_then_large_2036,1231704.16475,1497050.5484375,1541343.155002495,16.784520740588583,47.221911247839984,41.0
floor050@k000,COP28 tripling pledge,large_then_smr_2037,1160716.24773125,1425038.0218749999,1488941.9756736527,10.053773127106185,39.22677761768879,13.0
floor050@k000,COP28 tripling pledge,smr_then_large_2037,1229552.565728125,1494604.1781249999,1538544.4751746508,16.58051602274581,45.9357611132793,38.0
floor050@k000,COP28 tripling pledge,large_then_smr_2038,1164998.5251375,1427421.7984375,1489974.2864271458,10.459798964218347,38.33264174663428,15.0
floor050@k000,COP28 tripling pledge,smr_then_large_2038,1228026.65755,1491197.3140625,1536569.2128867265,16.435836431350058,44.69448532885769,36.0
floor050@k000,COP28 tripling pledge,large_then_smr_2039,1169688.550409375,1430127.2437499997,1491546.752245509,10.904485577540258,37.51202040191194,17.0
floor050@k000,COP28 tripling pledge,smr_then_large_2039,1225884.8876375,1487068.7671875,1533854.949725549,16.232763664425793,43.49865574994505,35.0
floor050@k000,COP28 tripling pledge,large_then_smr_2040,1175974.576653125,1434974.415625,1494773.1956711577,11.500497658402313,37.02106034451045,18.0
floor050@k000,COP28 tripling pledge,smr_then_large_2040,1223450.97351875,1483721.909375,1530894.5507734532,16.001991128278963,42.59516278428907,33.0
floor050@k000,COP28 tripling pledge,large_then_smr_2041,1184227.682334375,1440857.8359375,1498410.8104416167,12.283019159254621,36.35138807656828,20.0
floor050@k000,COP28 tripling pledge,smr_then_large_2041,1222078.09701875,1482107.1484375,1529433.7913547903,15.87182129636883,42.178703925956384,31.0
floor050@k000,COP28 tripling pledge,large_then_smr_2042,1196986.029215625,1451023.0687499999,1503276.049525948,13.492706898088718,32.39088963768383,23.0
floor050@k000,COP28 tripling pledge,smr_then_large_2042,1211964.13221875,1472312.3093749997,1521297.290232036,14.912861697336444,37.735162515413045,27.0
floor050@k000,COP28 tripling pledge,large_then_smr_2043,1207329.2104375,1459550.7359375,1509191.3039545908,14.473399743415662,35.070553530264405,26.0
floor050@k000,COP28 tripling pledge,smr_then_large_2043,1200754.02320625,1463808.21875,1514380.001746507,13.84997074840449,33.26407130575494,24.0
floor050@k000,COP28 tripling pledge,large_then_smr_2044,1215742.848665625,1467761.4359374999,1516091.7088323354,15.271142201610328,38.976577559950634,30.0
floor050@k000,COP28 tripling pledge,smr_then_large_2044,1188980.85605,1454372.003125,1509159.7868637724,12.733693217411027,34.78601548350269,22.0
floor050@k000,COP28 tripling pledge,large_then_smr_2045,1222666.91408125,1478136.7390625,1523851.9338198602,15.92765022056663,42.625275562134135,32.0
floor050@k000,COP28 tripling pledge,smr_then_large_2045,1176884.287684375,1447395.3984375,1505167.383233533,11.586752271999826,38.0262398616635,19.0
floor050@k000,COP28 tripling pledge,large_then_smr_2046,1228138.257978125,1487376.1031249997,1532053.0028692614,16.446417870372528,46.03644321415259,37.0
floor050@k000,COP28 tripling pledge,smr_then_large_2046,1164565.183646875,1439404.2125,1502270.0899451098,10.41871151826502,41.032279095424,14.0
floor050@k000,COP28 tripling pledge,large_then_smr_2047,1232249.953903125,1498403.040625,1540651.1900573852,16.83626995642894,48.991400652178676,42.0
floor050@k000,COP28 tripling pledge,smr_then_large_2047,1152034.82915,1434852.7546875,1499975.398265968,9.230640968122614,43.838438581014664,11.0
floor050@k000,COP28 tripling pledge,large_then_smr_2048,1234979.233659375,1508558.5374999999,1549182.8793662675,17.095047703084802,52.027285995477044,44.0
floor050@k000,COP28 tripling pledge,smr_then_large_2048,1139047.26986875,1428633.7484374996,1497860.958520459,7.999220364329642,46.30144336294025,7.0
floor050@k000,COP28 tripling pledge,large_then_smr_2049,1236508.988315625,1515761.525,1557555.5127869262,17.24009199983531,54.82794322499585,47.0
floor050@k000,COP28 tripling pledge,smr_then_large_2049,1124780.719084375,1421928.2796874996,1494421.1595558883,6.64653167198226,48.22914411095846,5.0
floor050@k000,COP28 tripling pledge,large_then_smr_2050,1234052.812840625,1520595.7999999998,1563731.1978542914,17.00720874433306,57.231599493663865,43.0
floor050@k000,COP28 tripling pledge,smr_then_large_2050,1108682.03545625,1416482.3078125,1490431.8902195608,5.120128574655282,50.33574077435121,3.0
floor050@k000,2025 EO,pure_large,1815958.589228125,2286092.5312499995,2349786.007734531,15.043483791209937,59.727875669854505,31.0
floor050@k000,2025 EO,pure_smr,1628486.81353125,2079915.3031249999,2218659.772080838,3.1668879719957816,50.77808358790462,1.0
floor050@k000,2025 EO,const_0.1,1837911.150659375,2279732.765625,2344414.1438373253,16.434208866204635,56.06506909876838,40.0
floor050@k000,2025 EO,const_0.2,1834507.42469375,2255365.80625,2320554.5501497006,16.218578127002296,50.57232226308557,38.0
floor050@k000,2025 EO,const_0.3,1825577.5148,2229077.05625,2298897.974675649,15.652856006347955,44.90476125202058,35.0
floor050@k000,2025 EO,const_0.4,1810444.419184375,2201674.6812499994,2279167.570234531,14.694153505919804,39.0571872929006,29.0
floor050@k000,2025 EO,const_0.5,1791783.781421875,2177418.365625,2263091.994760479,13.511976340263013,33.23856491472771,24.0
floor050@k000,2025 EO,const_0.6,1769271.484940625,2162175.6531249997,2250949.9226546907,12.08579127706483,34.96334386721225,20.0
floor050@k000,2025 EO,const_0.7,1745271.714625,2146971.89375,2246115.9903942114,10.565372692810692,39.55676638188123,16.0
floor050@k000,2025 EO,const_0.8,1715325.11705,2128975.925,2240858.5374251497,8.668214391317832,43.84972121715332,10.0
floor050@k000,2025 EO,const_0.9,1678229.31018125,2110956.81875,2233662.668413174,6.318143810666071,47.57032800414009,5.0
floor050@k000,2025 EO,large_then_smr_2032,1660474.466359375,2094917.8468749998,2226191.788547904,5.193349941712516,49.37887727912154,3.0
floor050@k000,2025 EO,smr_then_large_2032,1847346.12063125,2301127.759375,2364118.6664171657,17.03192724010837,59.283208369764,47.0
floor050@k000,2025 EO,large_then_smr_2033,1685557.209534375,2109689.9875,2231417.0311876247,6.782376351790912,47.353292113299865,6.0
floor050@k000,2025 EO,smr_then_large_2033,1852688.793965625,2294563.771875,2356756.4496007985,17.370392972086407,56.88263054415896,49.0
floor050@k000,2025 EO,large_then_smr_2034,1704510.504821875,2113975.7624999997,2233130.972180639,7.98309377570768,45.30793339779963,8.0
floor050@k000,2025 EO,smr_then_large_2034,1851190.0990375,2283034.2312499997,2345806.075224551,17.27544857924923,54.0684315544325,48.0
floor050@k000,2025 EO,large_then_smr_2035,1720211.80413125,2122253.9,2234225.0061127744,8.977792764612929,43.14835214302677,11.0
floor050@k000,2025 EO,smr_then_large_2035,1845993.215796875,2268803.959375,2333623.686002994,16.946218850992167,51.507309451931775,46.0
floor050@k000,2025 EO,large_then_smr_2036,1733445.717778125,2128121.953125,2235099.1958582834,9.816179465256619,41.056588541216385,13.0
floor050@k000,2025 EO,smr_then_large_2036,1839276.6076375,2257425.975,2321885.377744511,16.52071245095724,49.13527142329973,41.0
floor050@k000,2025 EO,large_then_smr_2037,1744890.700384375,2135978.8406249997,2236115.026946108,10.541234914628099,39.04741336270806,15.0
floor050@k000,2025 EO,smr_then_large_2037,1831745.798103125,2241623.003125,2310694.558507984,16.0436252697067,46.461783768871044,37.0
floor050@k000,2025 EO,large_then_smr_2038,1755276.97645625,2143138.28125,2237656.7369011976,11.199219843366848,37.13488665453996,17.0
floor050@k000,2025 EO,smr_then_large_2038,1824053.0581875,2227788.9499999997,2300771.532310379,15.556279575238321,44.227285547044076,34.0
floor050@k000,2025 EO,large_then_smr_2039,1765091.026371875,2149693.275,2240058.68500499,11.820953455075598,35.32085154594225,19.0
floor050@k000,2025 EO,smr_then_large_2039,1816385.52659375,2216768.128125,2292152.454840319,15.07053086276404,41.45420952226789,32.0
floor050@k000,2025 EO,large_then_smr_2040,1775308.34800625,2155557.5062499996,2244221.1533183632,12.468234886935463,33.643362419366,22.0
floor050@k000,2025 EO,smr_then_large_2040,1810194.749984375,2207683.44375,2286464.8381986027,14.67833661739947,39.50307014760691,28.0
floor050@k000,2025 EO,large_then_smr_2041,1792354.448425,2167642.828125,2254246.303268463,13.548128882789928,32.50719500241242,25.0
floor050@k000,2025 EO,smr_then_large_2041,1802697.16373125,2198125.534375,2278301.8920908184,14.203354176885112,36.79497680151009,26.0
floor050@k000,2025 EO,large_then_smr_2042,1804575.39780625,2179003.846875,2262568.207959082,14.32234289867926,35.45937131941641,27.0
floor050@k000,2025 EO,smr_then_large_2042,1787116.68541875,2181308.9749999996,2266907.370758483,13.21630936494077,32.49427330049492,23.0
floor050@k000,2025 EO,large_then_smr_2043,1814776.813609375,2197086.1875,2272869.1846307386,14.968616674169398,39.07890097861091,30.0
floor050@k000,2025 EO,smr_then_large_2043,1771371.89018125,2170472.3499999996,2258378.940244511,12.218854848937095,34.74297213023583,21.0
floor050@k000,2025 EO,large_then_smr_2044,1823282.06386875,2211091.5062499996,2284387.6425898205,15.50743602068902,42.46244278550414,33.0
floor050@k000,2025 EO,smr_then_large_2044,1755661.116790625,2160154.021875,2252326.4671906186,11.223555663904474,37.510552422742514,18.0
floor050@k000,2025 EO,large_then_smr_2045,1830318.02220625,2227231.1656249994,2297259.84244012,15.953173695412023,45.62841219455245,36.0
floor050@k000,2025 EO,smr_then_large_2045,1740032.21016875,2148055.175,2248039.886726547,10.233442851699735,40.041428200454575,14.0
floor050@k000,2025 EO,large_then_smr_2046,1835957.487384375,2243756.040625,2310996.8693862273,16.310441600450808,48.59317365926436,39.0
floor050@k000,2025 EO,smr_then_large_2046,1724477.07605625,2137962.675,2244775.0178393214,9.248003629816308,42.3535952149317,12.0
floor050@k000,2025 EO,large_then_smr_2047,1840210.069190625,2260907.71875,2324916.530813373,16.57984852911104,51.37114357819407,42.0
floor050@k000,2025 EO,smr_then_large_2047,1708803.6528625,2128622.046875,2241901.914795409,8.255070631322454,44.45953764761893,9.0
floor050@k000,2025 EO,large_then_smr_2048,1842982.773525,2274956.3812499996,2338479.1283682636,16.755503176767444,53.993613573910615,44.0
floor050@k000,2025 EO,smr_then_large_2048,1692786.26118125,2119855.6375,2239095.307759481,7.2403467542528865,46.37364022138015,7.0
floor050@k000,2025 EO,large_then_smr_2049,1844425.20030625,2289417.03125,2351345.8514221557,16.8468829048147,56.66602425486862,45.0
floor050@k000,2025 EO,smr_then_large_2049,1676054.075603125,2111980.6812499994,2235854.9508483033,6.1803396969516875,48.115506229058504,4.0
floor050@k000,2025 EO,large_then_smr_2050,1841149.214709375,2298463.1468749996,2361209.037799401,16.63934469433462,59.18333491820367,43.0
floor050@k000,2025 EO,smr_then_large_2050,1655822.15774375,2097258.5281249997,2229885.6671656687,4.898619767804281,49.55915353135226,2.0
