case,i,t,expect,got,rel_err
smr100_eia_p05,nuclear,2010,4963260.405989432,4963260.0,8.179893831203723e-08
smr100_eia_p05,nuclear,2011,4928944.667456639,4928945.0,6.746745671468671e-08
smr100_eia_p05,nuclear,2012,4894628.928278154,4894629.0,1.4653173363850725e-08
smr100_eia_p05,nuclear,2013,4860313.188453973,4860313.0,3.8774039030784846e-08
smr100_eia_p05,nuclear,2014,4825997.449275487,4825997.0,9.309484553706437e-08
smr100_eia_p05,nuclear,2015,4791681.709451307,4791682.0,6.063605869638847e-08
smr100_eia_p05,nuclear,2016,4757365.970918515,4757366.0,6.1129384226427575e-09
smr100_eia_p05,nuclear,2017,4723050.231094334,4723050.0,4.892904436059442e-08
smr100_eia_p05,nuclear,2018,4688734.491270155,4688734.0,1.0477670587431828e-07
smr100_eia_p05,nuclear,2019,4654418.752091669,4654419.0,5.326300547031606e-08
smr100_eia_p05,nuclear,2020,4630959.284397182,4630959.0,6.141215341992323e-08
smr100_eia_p05,nuclear,2021,5207579.48643807,5207579.0,9.340962950075287e-08
smr100_eia_p05,nuclear,2022,3712738.2977500004,3712738.0,8.01968726308281e-08
smr100_eia_p05,nuclear,2023,3712738.2977500004,3712738.0,8.01968726308281e-08
smr100_eia_p05,nuclear,2024,3712738.2977500004,3712738.0,8.01968726308281e-08
smr100_eia_p05,nuclear,2025,3712738.2977500004,3712738.0,8.01968726308281e-08
smr100_eia_p05,nuclear,2026,3712738.2977500004,3712738.0,8.01968726308281e-08
smr100_eia_p05,nuclear,2027,3712738.2977500004,3712738.0,8.01968726308281e-08
smr100_eia_p05,nuclear,2028,3712738.2977500004,3712738.0,8.01968726308281e-08
smr100_eia_p05,nuclear,2029,3712738.2977500004,3712738.0,8.01968726308281e-08
smr100_eia_p05,nuclear,2030,3719001.5258349003,3719002.0,1.2749795781988152e-07
smr100_eia_p05,nuclear,2031,3719001.5258349003,3719002.0,1.2749795781988152e-07
smr100_eia_p05,nuclear,2032,3586246.9181797,3586247.0,2.2815021306576494e-08
smr100_eia_p05,nuclear,2033,3474671.0611621,3474671.0,1.760227057380141e-08
smr100_eia_p05,nuclear,2034,3378979.2671227003,3378979.0,7.905425846907725e-08
smr100_eia_p05,nuclear,2035,3295426.5130829,3295427.0,1.4775541132001444e-07
smr100_eia_p05,nuclear,2036,3221494.5939364005,3221495.0,1.2604820143925954e-07
smr100_eia_p05,nuclear,2037,3107465.1011742004,3107465.0,3.2558434970389994e-08
smr100_eia_p05,nuclear,2038,3011515.029688,3011515.0,9.858161065339451e-09
smr100_eia_p05,nuclear,2039,2928220.5530950003,2928221.0,1.5261999277932883e-07
smr100_eia_p05,nuclear,2040,2856354.8535229,2856355.0,5.128112839098059e-08
smr100_eia_p05,nuclear,2041,2791979.1999080004,2791979.0,7.160082010053691e-08
smr100_eia_p05,nuclear,2042,2752204.4731008,2752204.0,1.7189885587758034e-07
smr100_eia_p05,nuclear,2043,2714431.3965063,2714431.0,1.4607342838223442e-07
smr100_eia_p05,nuclear,2044,2677820.5684224004,2677821.0,1.6116748250300647e-07
smr100_eia_p05,nuclear,2045,2643017.6824661004,2643018.0,1.2014066408667271e-07
smr100_eia_p05,nuclear,2046,2610603.8628927004,2610604.0,5.251938127788254e-08
smr100_eia_p05,nuclear,2047,2578706.5982129,2578707.0,1.558095442779661e-07
smr100_eia_p05,nuclear,2048,2547519.5965118003,2547520.0,1.5838472851973231e-07
smr100_eia_p05,nuclear,2049,2518721.6611936004,2518722.0,1.3451522049059448e-07
smr100_eia_p05,nuclear,2050,2477461.8390673003,2477462.0,6.49586997249736e-08
smr100_eia_p05,nuclear-smr,2010,4923134.697565759,4923135.0,6.143123436145418e-08
smr100_eia_p05,nuclear-smr,2011,4923134.697565759,4923135.0,6.143123436145418e-08
smr100_eia_p05,nuclear-smr,2012,4923134.697565759,4923135.0,6.143123436145418e-08
smr100_eia_p05,nuclear-smr,2013,4923134.697565759,4923135.0,6.143123436145418e-08
smr100_eia_p05,nuclear-smr,2014,4923134.697565759,4923135.0,6.143123436145418e-08
smr100_eia_p05,nuclear-smr,2015,4923134.697565759,4923135.0,6.143123436145418e-08
smr100_eia_p05,nuclear-smr,2016,4923134.697565759,4923135.0,6.143123436145418e-08
smr100_eia_p05,nuclear-smr,2017,4923134.697565759,4923135.0,6.143123436145418e-08
smr100_eia_p05,nuclear-smr,2018,4923134.697565759,4923135.0,6.143123436145418e-08
smr100_eia_p05,nuclear-smr,2019,4923134.697565759,4923135.0,6.143123436145418e-08
smr100_eia_p05,nuclear-smr,2020,4971631.312990186,4971631.0,6.295522859606765e-08
smr100_eia_p05,nuclear-smr,2021,5590666.590223329,5590667.0,7.329656745670729e-08
smr100_eia_p05,nuclear-smr,2022,5165548.936000001,5165549.0,1.2389776983529205e-08
smr100_eia_p05,nuclear-smr,2023,5165548.936000001,5165549.0,1.2389776983529205e-08
smr100_eia_p05,nuclear-smr,2024,5165548.936000001,5165549.0,1.2389776983529205e-08
smr100_eia_p05,nuclear-smr,2025,5165548.936000001,5165549.0,1.2389776983529205e-08
smr100_eia_p05,nuclear-smr,2026,5165548.936000001,5165549.0,1.2389776983529205e-08
smr100_eia_p05,nuclear-smr,2027,5165548.936000001,5165549.0,1.2389776983529205e-08
smr100_eia_p05,nuclear-smr,2028,5165548.936000001,5165549.0,1.2389776983529205e-08
smr100_eia_p05,nuclear-smr,2029,5165548.936000001,5165549.0,1.2389776983529205e-08
smr100_eia_p05,nuclear-smr,2030,4143674.2177358004,4143674.0,5.254655385177198e-08
smr100_eia_p05,nuclear-smr,2031,4143674.2177358004,4143674.0,5.254655385177198e-08
smr100_eia_p05,nuclear-smr,2032,3945123.4305083,3945123.0,1.0912416500512674e-07
smr100_eia_p05,nuclear-smr,2033,3780148.7113648,3780149.0,7.635551453882635e-08
smr100_eia_p05,nuclear-smr,2034,3639968.6271141004,3639969.0,1.0244206415424672e-07
smr100_eia_p05,nuclear-smr,2035,3518707.3658415005,3518707.0,1.039704250522721e-07
smr100_eia_p05,nuclear-smr,2036,3412232.4883982004,3412232.0,1.4313157207993005e-07
smr100_eia_p05,nuclear-smr,2037,2971482.0254340004,2971482.0,8.559365394066408e-09
smr100_eia_p05,nuclear-smr,2038,2696739.3914005,2696739.0,1.4513842214372167e-07
smr100_eia_p05,nuclear-smr,2039,2501869.0577899003,2501869.0,2.309869102070045e-08
smr100_eia_p05,nuclear-smr,2040,2354198.9275820004,2354199.0,3.0761206612278937e-08
smr100_eia_p05,nuclear-smr,2041,2236101.5650327,2236102.0,1.9452036827179623e-07
smr100_eia_p05,nuclear-smr,2042,2212533.7480122,2212534.0,1.1389105374256584e-07
smr100_eia_p05,nuclear-smr,2043,2189482.4858853,2189482.0,2.2191787481296942e-07
smr100_eia_p05,nuclear-smr,2044,2166560.3624818004,2166560.0,1.6730750116669716e-07
smr100_eia_p05,nuclear-smr,2045,2144283.9326953003,2144284.0,3.1387960640594504e-08
smr100_eia_p05,nuclear-smr,2046,2122976.0433343,2122976.0,2.041205330610957e-08
smr100_eia_p05,nuclear-smr,2047,2101603.5846116003,2101604.0,1.9765306967339491e-07
smr100_eia_p05,nuclear-smr,2048,2080231.1258889001,2080231.0,6.051678516206051e-08
smr100_eia_p05,nuclear-smr,2049,2060214.6237619002,2060215.0,1.8262082766795977e-07
smr100_eia_p05,nuclear-smr,2050,2013918.3914230003,2013918.0,1.9435891837654198e-07
smr100_eia_p50,nuclear,2010,4963260.405989432,4963260.0,8.179893831203723e-08
smr100_eia_p50,nuclear,2011,4928944.667456639,4928945.0,6.746745671468671e-08
smr100_eia_p50,nuclear,2012,4894628.928278154,4894629.0,1.4653173363850725e-08
smr100_eia_p50,nuclear,2013,4860313.188453973,4860313.0,3.8774039030784846e-08
smr100_eia_p50,nuclear,2014,4825997.449275487,4825997.0,9.309484553706437e-08
smr100_eia_p50,nuclear,2015,4791681.709451307,4791682.0,6.063605869638847e-08
smr100_eia_p50,nuclear,2016,4757365.970918515,4757366.0,6.1129384226427575e-09
smr100_eia_p50,nuclear,2017,4723050.231094334,4723050.0,4.892904436059442e-08
smr100_eia_p50,nuclear,2018,4688734.491270155,4688734.0,1.0477670587431828e-07
smr100_eia_p50,nuclear,2019,4654418.752091669,4654419.0,5.326300547031606e-08
smr100_eia_p50,nuclear,2020,4630959.284397182,4630959.0,6.141215341992323e-08
smr100_eia_p50,nuclear,2021,5207579.48643807,5207579.0,9.340962950075287e-08
smr100_eia_p50,nuclear,2022,3712738.2977500004,3712738.0,8.01968726308281e-08
smr100_eia_p50,nuclear,2023,3712738.2977500004,3712738.0,8.01968726308281e-08
smr100_eia_p50,nuclear,2024,3712738.2977500004,3712738.0,8.01968726308281e-08
smr100_eia_p50,nuclear,2025,3712738.2977500004,3712738.0,8.01968726308281e-08
smr100_eia_p50,nuclear,2026,3712738.2977500004,3712738.0,8.01968726308281e-08
smr100_eia_p50,nuclear,2027,3712738.2977500004,3712738.0,8.01968726308281e-08
smr100_eia_p50,nuclear,2028,3712738.2977500004,3712738.0,8.01968726308281e-08
smr100_eia_p50,nuclear,2029,3712738.2977500004,3712738.0,8.01968726308281e-08
smr100_eia_p50,nuclear,2030,4130695.7760341004,4130696.0,5.421989700925896e-08
smr100_eia_p50,nuclear,2031,4130695.7760341004,4130696.0,5.421989700925896e-08
smr100_eia_p50,nuclear,2032,4129985.5130554005,4129986.0,1.1790467496882836e-07
smr100_eia_p50,nuclear,2033,4129339.8194384,4129340.0,4.3726505369539064e-08
smr100_eia_p50,nuclear,2034,4128694.1258214004,4128694.0,3.047486604708134e-08
smr100_eia_p50,nuclear,2035,4128048.4322044,4128048.0,1.0469944994284416e-07
smr100_eia_p50,nuclear,2036,4127402.7385874004,4127403.0,6.333585941243618e-08
smr100_eia_p50,nuclear,2037,4124497.1173109002,4124497.0,2.8442473568176767e-08
smr100_eia_p50,nuclear,2038,4121720.6347578005,4121721.0,8.861401144623497e-08
smr100_eia_p50,nuclear,2039,4119008.7215664005,4119009.0,6.759723475492289e-08
smr100_eia_p50,nuclear,2040,4116296.8083750005,4116297.0,4.655276536961755e-08
smr100_eia_p50,nuclear,2041,4113584.8951836005,4113585.0,2.5480548520440078e-08
smr100_eia_p50,nuclear,2042,4112874.6322049005,4112875.0,8.942531255982341e-08
smr100_eia_p50,nuclear,2043,4112164.3692262005,4112164.0,8.978877480414763e-08
smr100_eia_p50,nuclear,2044,4111389.5368858003,4111390.0,1.1264177124044419e-07
smr100_eia_p50,nuclear,2045,4110614.7045454,4110615.0,7.187601396158049e-08
smr100_eia_p50,nuclear,2046,4109839.8722050004,4109840.0,3.1094885349071973e-08
smr100_eia_p50,nuclear,2047,4108613.0543327006,4108613.0,1.32240977282372e-08
smr100_eia_p50,nuclear,2048,4107450.8058221005,4107451.0,4.727455268226978e-08
smr100_eia_p50,nuclear,2049,4106546.8347583003,4106547.0,4.023860102292258e-08
smr100_eia_p50,nuclear,2050,4104803.4619924,4104803.0,1.1254921325964275e-07
smr100_eia_p50,nuclear-smr,2010,4923134.697565759,4923135.0,6.143123436145418e-08
smr100_eia_p50,nuclear-smr,2011,4923134.697565759,4923135.0,6.143123436145418e-08
smr100_eia_p50,nuclear-smr,2012,4923134.697565759,4923135.0,6.143123436145418e-08
smr100_eia_p50,nuclear-smr,2013,4923134.697565759,4923135.0,6.143123436145418e-08
smr100_eia_p50,nuclear-smr,2014,4923134.697565759,4923135.0,6.143123436145418e-08
smr100_eia_p50,nuclear-smr,2015,4923134.697565759,4923135.0,6.143123436145418e-08
smr100_eia_p50,nuclear-smr,2016,4923134.697565759,4923135.0,6.143123436145418e-08
smr100_eia_p50,nuclear-smr,2017,4923134.697565759,4923135.0,6.143123436145418e-08
smr100_eia_p50,nuclear-smr,2018,4923134.697565759,4923135.0,6.143123436145418e-08
smr100_eia_p50,nuclear-smr,2019,4923134.697565759,4923135.0,6.143123436145418e-08
smr100_eia_p50,nuclear-smr,2020,4971631.312990186,4971631.0,6.295522859606765e-08
smr100_eia_p50,nuclear-smr,2021,5590666.590223329,5590667.0,7.329656745670729e-08
smr100_eia_p50,nuclear-smr,2022,5165548.936000001,5165549.0,1.2389776983529205e-08
smr100_eia_p50,nuclear-smr,2023,5165548.936000001,5165549.0,1.2389776983529205e-08
smr100_eia_p50,nuclear-smr,2024,5165548.936000001,5165549.0,1.2389776983529205e-08
smr100_eia_p50,nuclear-smr,2025,5165548.936000001,5165549.0,1.2389776983529205e-08
smr100_eia_p50,nuclear-smr,2026,5165548.936000001,5165549.0,1.2389776983529205e-08
smr100_eia_p50,nuclear-smr,2027,5165548.936000001,5165549.0,1.2389776983529205e-08
smr100_eia_p50,nuclear-smr,2028,5165548.936000001,5165549.0,1.2389776983529205e-08
smr100_eia_p50,nuclear-smr,2029,5165548.936000001,5165549.0,1.2389776983529205e-08
smr100_eia_p50,nuclear-smr,2030,4884736.7819667,4884737.0,4.463562920858085e-08
smr100_eia_p50,nuclear-smr,2031,4884736.7819667,4884737.0,4.463562920858085e-08
smr100_eia_p50,nuclear-smr,2032,4881185.4670732,4881185.0,9.568847637961082e-08
smr100_eia_p50,nuclear-smr,2033,4877698.7215414,4877699.0,5.708810974788869e-08
smr100_eia_p50,nuclear-smr,2034,4874341.114733,4874341.0,2.353815573947745e-08
smr100_eia_p50,nuclear-smr,2035,4870983.5079246005,4870984.0,1.0102177490338534e-07
smr100_eia_p50,nuclear-smr,2036,4867561.3317545,4867561.0,6.815620337069124e-08
smr100_eia_p50,nuclear-smr,2037,4351200.1462396,4351200.0,3.3609026298344395e-08
smr100_eia_p50,nuclear-smr,2038,4091243.8960354,4091244.0,2.5411489127178346e-08
smr100_eia_p50,nuclear-smr,2039,3918133.4373177,3918133.0,1.1161378424739375e-07
smr100_eia_p50,nuclear-smr,2040,3788865.5751943,3788866.0,1.1211949630222861e-07
smr100_eia_p50,nuclear-smr,2041,3686006.5820062,3686007.0,1.1340017726061302e-07
smr100_eia_p50,nuclear-smr,2042,3682455.2671127003,3682455.0,7.253657706426425e-08
smr100_eia_p50,nuclear-smr,2043,3678903.9522192003,3678904.0,1.2987781225067225e-08
smr100_eia_p50,nuclear-smr,2044,3675288.067964,3675288.0,1.849215596299836e-08
smr100_eia_p50,nuclear-smr,2045,3671672.1837088005,3671672.0,5.0034096530651425e-08
smr100_eia_p50,nuclear-smr,2046,3668056.2994536003,3668056.0,8.163822358844282e-08
smr100_eia_p50,nuclear-smr,2047,3663665.5828580004,3663666.0,1.1385919106139642e-07
smr100_eia_p50,nuclear-smr,2048,3659339.4356241003,3659339.0,1.1904446360647367e-07
smr100_eia_p50,nuclear-smr,2049,3655529.8432838004,3655530.0,4.287099444139022e-08
smr100_eia_p50,nuclear-smr,2050,3621760.0671147,3621760.0,1.8530962530341794e-08
smr100_eia_p95,nuclear,2010,4963260.405989432,4963260.0,8.179893831203723e-08
smr100_eia_p95,nuclear,2011,4928944.667456639,4928945.0,6.746745671468671e-08
smr100_eia_p95,nuclear,2012,4894628.928278154,4894629.0,1.4653173363850725e-08
smr100_eia_p95,nuclear,2013,4860313.188453973,4860313.0,3.8774039030784846e-08
smr100_eia_p95,nuclear,2014,4825997.449275487,4825997.0,9.309484553706437e-08
smr100_eia_p95,nuclear,2015,4791681.709451307,4791682.0,6.063605869638847e-08
smr100_eia_p95,nuclear,2016,4757365.970918515,4757366.0,6.1129384226427575e-09
smr100_eia_p95,nuclear,2017,4723050.231094334,4723050.0,4.892904436059442e-08
smr100_eia_p95,nuclear,2018,4688734.491270155,4688734.0,1.0477670587431828e-07
smr100_eia_p95,nuclear,2019,4654418.752091669,4654419.0,5.326300547031606e-08
smr100_eia_p95,nuclear,2020,4630959.284397182,4630959.0,6.141215341992323e-08
smr100_eia_p95,nuclear,2021,5207579.48643807,5207579.0,9.340962950075287e-08
smr100_eia_p95,nuclear,2022,3712738.2977500004,3712738.0,8.01968726308281e-08
smr100_eia_p95,nuclear,2023,3712738.2977500004,3712738.0,8.01968726308281e-08
smr100_eia_p95,nuclear,2024,3712738.2977500004,3712738.0,8.01968726308281e-08
smr100_eia_p95,nuclear,2025,3712738.2977500004,3712738.0,8.01968726308281e-08
smr100_eia_p95,nuclear,2026,3712738.2977500004,3712738.0,8.01968726308281e-08
smr100_eia_p95,nuclear,2027,3712738.2977500004,3712738.0,8.01968726308281e-08
smr100_eia_p95,nuclear,2028,3712738.2977500004,3712738.0,8.01968726308281e-08
smr100_eia_p95,nuclear,2029,3712738.2977500004,3712738.0,8.01968726308281e-08
smr100_eia_p95,nuclear,2030,4908110.8909021,4908111.0,2.22280837361098e-08
smr100_eia_p95,nuclear,2031,4908110.8909021,4908111.0,2.22280837361098e-08
smr100_eia_p95,nuclear,2032,4903978.451753301,4903978.0,9.21197564506307e-08
smr100_eia_p95,nuclear,2033,4899846.0126045,4899846.0,2.57242781398592e-09
smr100_eia_p95,nuclear,2034,4895778.1428174,4895778.0,2.917154254740847e-08
smr100_eia_p95,nuclear,2035,4891710.273030301,4891710.0,5.5814896096765905e-08
smr100_eia_p95,nuclear,2036,4887642.403243201,4887642.0,8.250259891883549e-08
smr100_eia_p95,nuclear,2037,4873824.5598394,4873825.0,9.031112920316067e-08
smr100_eia_p95,nuclear,2038,4860071.285797301,4860071.0,5.880516641468185e-08
smr100_eia_p95,nuclear,2039,4846511.7198403,4846512.0,5.780646285939586e-08
smr100_eia_p95,nuclear,2040,4832823.0151599,4832823.0,3.1368622961466277e-09
smr100_eia_p95,nuclear,2041,4819263.449202901,4819263.0,9.320986608995669e-08
smr100_eia_p95,nuclear,2042,4815066.440692401,4815066.0,9.152363855988911e-08
smr100_eia_p95,nuclear,2043,4810611.1547351,4810611.0,3.2165372647771765e-08
smr100_eia_p95,nuclear,2044,4806155.8687778,4806156.0,2.730294298216099e-08
smr100_eia_p95,nuclear,2045,4801894.2909056,4801894.0,6.058142532721551e-08
smr100_eia_p95,nuclear,2046,4794145.9675016,4794146.0,6.7787672606019045e-09
smr100_eia_p95,nuclear,2047,4786720.490906101,4786720.0,1.0255583162894085e-07
smr100_eia_p95,nuclear,2048,4781102.956438201,4781103.0,9.111244800333943e-09
smr100_eia_p95,nuclear,2049,4774452.312183101,4774452.0,6.538615956715592e-08
smr100_eia_p95,nuclear,2050,4761603.0092048,4761603.0,1.933130549292202e-09
smr100_eia_p95,nuclear-smr,2010,4923134.697565759,4923135.0,6.143123436145418e-08
smr100_eia_p95,nuclear-smr,2011,4923134.697565759,4923135.0,6.143123436145418e-08
smr100_eia_p95,nuclear-smr,2012,4923134.697565759,4923135.0,6.143123436145418e-08
smr100_eia_p95,nuclear-smr,2013,4923134.697565759,4923135.0,6.143123436145418e-08
smr100_eia_p95,nuclear-smr,2014,4923134.697565759,4923135.0,6.143123436145418e-08
smr100_eia_p95,nuclear-smr,2015,4923134.697565759,4923135.0,6.143123436145418e-08
smr100_eia_p95,nuclear-smr,2016,4923134.697565759,4923135.0,6.143123436145418e-08
smr100_eia_p95,nuclear-smr,2017,4923134.697565759,4923135.0,6.143123436145418e-08
smr100_eia_p95,nuclear-smr,2018,4923134.697565759,4923135.0,6.143123436145418e-08
smr100_eia_p95,nuclear-smr,2019,4923134.697565759,4923135.0,6.143123436145418e-08
smr100_eia_p95,nuclear-smr,2020,4971631.312990186,4971631.0,6.295522859606765e-08
smr100_eia_p95,nuclear-smr,2021,5590666.590223329,5590667.0,7.329656745670729e-08
smr100_eia_p95,nuclear-smr,2022,5165548.936000001,5165549.0,1.2389776983529205e-08
smr100_eia_p95,nuclear-smr,2023,5165548.936000001,5165549.0,1.2389776983529205e-08
smr100_eia_p95,nuclear-smr,2024,5165548.936000001,5165549.0,1.2389776983529205e-08
smr100_eia_p95,nuclear-smr,2025,5165548.936000001,5165549.0,1.2389776983529205e-08
smr100_eia_p95,nuclear-smr,2026,5165548.936000001,5165549.0,1.2389776983529205e-08
smr100_eia_p95,nuclear-smr,2027,5165548.936000001,5165549.0,1.2389776983529205e-08
smr100_eia_p95,nuclear-smr,2028,5165548.936000001,5165549.0,1.2389776983529205e-08
smr100_eia_p95,nuclear-smr,2029,5165548.936000001,5165549.0,1.2389776983529205e-08
smr100_eia_p95,nuclear-smr,2030,6284083.988729101,6284084.0,1.79356280817129e-09
smr100_eia_p95,nuclear-smr,2031,6284083.988729101,6284084.0,1.79356280817129e-09
smr100_eia_p95,nuclear-smr,2032,6259224.7844746,6259225.0,3.44332417056042e-08
smr100_eia_p95,nuclear-smr,2033,6234817.565752001,6234818.0,6.96488702151269e-08
smr100_eia_p95,nuclear-smr,2034,6210797.7631996,6210798.0,3.812721145293229e-08
smr100_eia_p95,nuclear-smr,2035,6187294.5155408,6187295.0,7.829903663480359e-08
smr100_eia_p95,nuclear-smr,2036,6164178.6840522,6164179.0,5.1255457723962364e-08
smr100_eia_p95,nuclear-smr,2037,5868257.299381101,5868257.0,5.101703713711055e-08
smr100_eia_p95,nuclear-smr,2038,5630448.340240001,5630448.0,6.042858049429174e-08
smr100_eia_p95,nuclear-smr,2039,5433318.0789699005,5433318.0,1.4534378320673597e-08
smr100_eia_p95,nuclear-smr,2040,5264792.0449329,5264792.0,8.534601103548615e-09
smr100_eia_p95,nuclear-smr,2041,5118800.718129201,5118801.0,5.5065788777602395e-08
smr100_eia_p95,nuclear-smr,2042,5105886.845789201,5105887.0,3.020254933790066e-08
smr100_eia_p95,nuclear-smr,2043,5092456.418555601,5092456.0,8.21912975128355e-08
smr100_eia_p95,nuclear-smr,2044,5079025.9913220005,5079026.0,1.7085952117269273e-09
smr100_eia_p95,nuclear-smr,2045,5066305.8270671,5066306.0,3.413392429512401e-08
smr100_eia_p95,nuclear-smr,2046,5045385.3538763,5045385.0,7.013860693202318e-08
smr100_eia_p95,nuclear-smr,2047,5025304.2823876,5025304.0,5.619313466649979e-08
smr100_eia_p95,nuclear-smr,2048,5009807.6355796,5009808.0,7.274139577994949e-08
smr100_eia_p95,nuclear-smr,2049,4991857.353027,4991857.0,7.072057054633157e-08
smr100_eia_p95,nuclear-smr,2050,4929095.9334546,4929096.0,1.3500528440832545e-08
smr100_aj_p05,nuclear,2010,4963260.405989432,4963260.0,8.179893831203723e-08
smr100_aj_p05,nuclear,2011,4928944.667456639,4928945.0,6.746745671468671e-08
smr100_aj_p05,nuclear,2012,4894628.928278154,4894629.0,1.4653173363850725e-08
smr100_aj_p05,nuclear,2013,4860313.188453973,4860313.0,3.8774039030784846e-08
smr100_aj_p05,nuclear,2014,4825997.449275487,4825997.0,9.309484553706437e-08
smr100_aj_p05,nuclear,2015,4791681.709451307,4791682.0,6.063605869638847e-08
smr100_aj_p05,nuclear,2016,4757365.970918515,4757366.0,6.1129384226427575e-09
smr100_aj_p05,nuclear,2017,4723050.231094334,4723050.0,4.892904436059442e-08
smr100_aj_p05,nuclear,2018,4688734.491270155,4688734.0,1.0477670587431828e-07
smr100_aj_p05,nuclear,2019,4654418.752091669,4654419.0,5.326300547031606e-08
smr100_aj_p05,nuclear,2020,4630959.284397182,4630959.0,6.141215341992323e-08
smr100_aj_p05,nuclear,2021,5207579.48643807,5207579.0,9.340962950075287e-08
smr100_aj_p05,nuclear,2022,3712738.2977500004,3712738.0,8.01968726308281e-08
smr100_aj_p05,nuclear,2023,3712738.2977500004,3712738.0,8.01968726308281e-08
smr100_aj_p05,nuclear,2024,3712738.2977500004,3712738.0,8.01968726308281e-08
smr100_aj_p05,nuclear,2025,3712738.2977500004,3712738.0,8.01968726308281e-08
smr100_aj_p05,nuclear,2026,3712738.2977500004,3712738.0,8.01968726308281e-08
smr100_aj_p05,nuclear,2027,3712738.2977500004,3712738.0,8.01968726308281e-08
smr100_aj_p05,nuclear,2028,3712738.2977500004,3712738.0,8.01968726308281e-08
smr100_aj_p05,nuclear,2029,3712738.2977500004,3712738.0,8.01968726308281e-08
smr100_aj_p05,nuclear,2030,3733271.3547706003,3733271.0,9.502941699556267e-08
smr100_aj_p05,nuclear,2031,3733271.3547706003,3733271.0,9.502941699556267e-08
smr100_aj_p05,nuclear,2032,3665538.0943473005,3665538.0,2.573900421853356e-08
smr100_aj_p05,nuclear,2033,3604132.6313706003,3604133.0,1.0227964322913036e-07
smr100_aj_p05,nuclear,2034,3548021.8560533,3548022.0,4.057097324598462e-08
smr100_aj_p05,nuclear,2035,3496430.9360550004,3496431.0,1.8288649415277768e-08
smr100_aj_p05,nuclear,2036,3447358.2211630004,3447358.0,6.415434261751928e-08
smr100_aj_p05,nuclear,2037,3393055.3879733,3393055.0,1.143433442190488e-07
smr100_aj_p05,nuclear,2038,3342045.5922303004,3342046.0,1.2201200980889193e-07
smr100_aj_p05,nuclear,2039,3295232.8049978004,3295233.0,5.917706309567204e-08
smr100_aj_p05,nuclear,2040,3250421.6679780004,3250422.0,1.0214736226671463e-07
smr100_aj_p05,nuclear,2041,3206708.2101071,3206708.0,6.552111587014816e-08
smr100_aj_p05,nuclear,2042,3160863.9633001,3160864.0,1.1610717944229715e-08
smr100_aj_p05,nuclear,2043,3117408.7828760003,3117409.0,6.96488702151269e-08
smr100_aj_p05,nuclear,2044,3075826.1139412,3075826.0,3.704409672611028e-08
smr100_aj_p05,nuclear,2045,3035470.2628787,3035470.0,8.660229796163051e-08
smr100_aj_p05,nuclear,2046,2998794.8654331,2998795.0,4.487365955098601e-08
smr100_aj_p05,nuclear,2047,2939713.8994776,2939714.0,3.419462006076689e-08
smr100_aj_p05,nuclear,2048,2887219.0084155,2887219.0,2.9147425752006535e-09
smr100_aj_p05,nuclear,2049,2845184.3539488004,2845184.0,1.2440276492722857e-07
smr100_aj_p05,nuclear,2050,2797209.3182057003,2797209.0,1.1375827264155079e-07
smr100_aj_p05,nuclear-smr,2010,4923134.697565759,4923135.0,6.143123436145418e-08
smr100_aj_p05,nuclear-smr,2011,4923134.697565759,4923135.0,6.143123436145418e-08
smr100_aj_p05,nuclear-smr,2012,4923134.697565759,4923135.0,6.143123436145418e-08
smr100_aj_p05,nuclear-smr,2013,4923134.697565759,4923135.0,6.143123436145418e-08
smr100_aj_p05,nuclear-smr,2014,4923134.697565759,4923135.0,6.143123436145418e-08
smr100_aj_p05,nuclear-smr,2015,4923134.697565759,4923135.0,6.143123436145418e-08
smr100_aj_p05,nuclear-smr,2016,4923134.697565759,4923135.0,6.143123436145418e-08
smr100_aj_p05,nuclear-smr,2017,4923134.697565759,4923135.0,6.143123436145418e-08
smr100_aj_p05,nuclear-smr,2018,4923134.697565759,4923135.0,6.143123436145418e-08
smr100_aj_p05,nuclear-smr,2019,4923134.697565759,4923135.0,6.143123436145418e-08
smr100_aj_p05,nuclear-smr,2020,4971631.312990186,4971631.0,6.295522859606765e-08
smr100_aj_p05,nuclear-smr,2021,5590666.590223329,5590667.0,7.329656745670729e-08
smr100_aj_p05,nuclear-smr,2022,5165548.936000001,5165549.0,1.2389776983529205e-08
smr100_aj_p05,nuclear-smr,2023,5165548.936000001,5165549.0,1.2389776983529205e-08
smr100_aj_p05,nuclear-smr,2024,5165548.936000001,5165549.0,1.2389776983529205e-08
smr100_aj_p05,nuclear-smr,2025,5165548.936000001,5165549.0,1.2389776983529205e-08
smr100_aj_p05,nuclear-smr,2026,5165548.936000001,5165549.0,1.2389776983529205e-08
smr100_aj_p05,nuclear-smr,2027,5165548.936000001,5165549.0,1.2389776983529205e-08
smr100_aj_p05,nuclear-smr,2028,5165548.936000001,5165549.0,1.2389776983529205e-08
smr100_aj_p05,nuclear-smr,2029,5165548.936000001,5165549.0,1.2389776983529205e-08
smr100_aj_p05,nuclear-smr,2030,4169372.8236924005,4169373.0,4.22863598390706e-08
smr100_aj_p05,nuclear-smr,2031,4169372.8236924005,4169373.0,4.22863598390706e-08
smr100_aj_p05,nuclear-smr,2032,3911159.9462541,3911160.0,1.3741677802409309e-08
smr100_aj_p05,nuclear-smr,2033,3710930.3556224005,3710930.0,9.583106295457203e-08
smr100_aj_p05,nuclear-smr,2034,3549054.9658405003,3549055.0,9.624956506730677e-09
smr100_aj_p05,nuclear-smr,2035,3414104.9998875004,3414105.0,3.295141071105635e-11
smr100_aj_p05,nuclear-smr,2036,3297880.1488275,3297880.0,4.5128231912429426e-08
smr100_aj_p05,nuclear-smr,2037,3093453.5496853003,3093454.0,1.455702154370391e-07
smr100_aj_p05,nuclear-smr,2038,2934225.5037331004,2934226.0,1.6913045674200787e-07
smr100_aj_p05,nuclear-smr,2039,2805797.0433118003,2805797.0,1.5436540731018246e-08
smr100_aj_p05,nuclear-smr,2040,2698095.3479962004,2698095.0,1.2897846649241308e-07
smr100_aj_p05,nuclear-smr,2041,2605502.8833184,2605503.0,4.4782756041676807e-08
smr100_aj_p05,nuclear-smr,2042,2492248.2228966,2492248.0,8.943595509241094e-08
smr100_aj_p05,nuclear-smr,2043,2397460.399921,2397460.0,1.6681026306711582e-07
smr100_aj_p05,nuclear-smr,2044,2316232.1429024003,2316232.0,6.16960613306849e-08
smr100_aj_p05,nuclear-smr,2045,2245270.4143941,2245270.0,1.8456311433136945e-07
smr100_aj_p05,nuclear-smr,2046,2183219.2578004003,2183219.0,1.1808268882569552e-07
smr100_aj_p05,nuclear-smr,2047,2080553.9726974003,2080554.0,1.3122754854311199e-08
smr100_aj_p05,nuclear-smr,2048,1996290.9556789002,1996291.0,2.220172346911261e-08
smr100_aj_p05,nuclear-smr,2049,1926491.4756812002,1926491.0,2.4691580843338634e-07
smr100_aj_p05,nuclear-smr,2050,1847975.131854,1847975.0,7.135052726785857e-08
smr100_aj_p50,nuclear,2010,4963260.405989432,4963260.0,8.179893831203723e-08
smr100_aj_p50,nuclear,2011,4928944.667456639,4928945.0,6.746745671468671e-08
smr100_aj_p50,nuclear,2012,4894628.928278154,4894629.0,1.4653173363850725e-08
smr100_aj_p50,nuclear,2013,4860313.188453973,4860313.0,3.8774039030784846e-08
smr100_aj_p50,nuclear,2014,4825997.449275487,4825997.0,9.309484553706437e-08
smr100_aj_p50,nuclear,2015,4791681.709451307,4791682.0,6.063605869638847e-08
smr100_aj_p50,nuclear,2016,4757365.970918515,4757366.0,6.1129384226427575e-09
smr100_aj_p50,nuclear,2017,4723050.231094334,4723050.0,4.892904436059442e-08
smr100_aj_p50,nuclear,2018,4688734.491270155,4688734.0,1.0477670587431828e-07
smr100_aj_p50,nuclear,2019,4654418.752091669,4654419.0,5.326300547031606e-08
smr100_aj_p50,nuclear,2020,4630959.284397182,4630959.0,6.141215341992323e-08
smr100_aj_p50,nuclear,2021,5207579.48643807,5207579.0,9.340962950075287e-08
smr100_aj_p50,nuclear,2022,3712738.2977500004,3712738.0,8.01968726308281e-08
smr100_aj_p50,nuclear,2023,3712738.2977500004,3712738.0,8.01968726308281e-08
smr100_aj_p50,nuclear,2024,3712738.2977500004,3712738.0,8.01968726308281e-08
smr100_aj_p50,nuclear,2025,3712738.2977500004,3712738.0,8.01968726308281e-08
smr100_aj_p50,nuclear,2026,3712738.2977500004,3712738.0,8.01968726308281e-08
smr100_aj_p50,nuclear,2027,3712738.2977500004,3712738.0,8.01968726308281e-08
smr100_aj_p50,nuclear,2028,3712738.2977500004,3712738.0,8.01968726308281e-08
smr100_aj_p50,nuclear,2029,3712738.2977500004,3712738.0,8.01968726308281e-08
smr100_aj_p50,nuclear,2030,3945317.1385934004,3945317.0,3.5128582948921285e-08
smr100_aj_p50,nuclear,2031,3945317.1385934004,3945317.0,3.5128582948921285e-08
smr100_aj_p50,nuclear,2032,3945252.5692317,3945253.0,1.0918649498065703e-07
smr100_aj_p50,nuclear,2033,3945123.4305083,3945123.0,1.0912416500512674e-07
smr100_aj_p50,nuclear,2034,3945058.8611466005,3945059.0,3.519678778843947e-08
smr100_aj_p50,nuclear,2035,3944994.2917849002,3944994.0,7.396332634706626e-08
smr100_aj_p50,nuclear,2036,3944865.1530615003,3944865.0,3.88001856453912e-08
smr100_aj_p50,nuclear,2037,3944800.5836998005,3944801.0,1.0553136733461776e-07
smr100_aj_p50,nuclear,2038,3944671.4449764,3944671.0,1.1280442650933717e-07
smr100_aj_p50,nuclear,2039,3944606.8756147004,3944607.0,3.153300279317555e-08
smr100_aj_p50,nuclear,2040,3944477.7368913004,3944478.0,6.670305098232774e-08
smr100_aj_p50,nuclear,2041,3944413.1675296,3944413.0,4.2472629790881396e-08
smr100_aj_p50,nuclear,2042,3944284.0288062003,3944284.0,7.303277360505372e-09
smr100_aj_p50,nuclear,2043,3944219.4594445005,3944219.0,1.1648553160645678e-07
smr100_aj_p50,nuclear,2044,3944090.3207211006,3944090.0,8.131687524121083e-08
smr100_aj_p50,nuclear,2045,3944025.7513594003,3944026.0,6.3042336773505e-08
smr100_aj_p50,nuclear,2046,3943832.0432743,3943832.0,1.0972652916780208e-08
smr100_aj_p50,nuclear,2047,3943702.9045509,3943703.0,2.4202913376844204e-08
smr100_aj_p50,nuclear,2048,3943573.7658275003,3943574.0,5.938078343248539e-08
smr100_aj_p50,nuclear,2049,3943444.6271041003,3943445.0,9.456095747647203e-08
smr100_aj_p50,nuclear,2050,3943250.919019,3943251.0,2.053660837821068e-08
smr100_aj_p50,nuclear-smr,2010,4923134.697565759,4923135.0,6.143123436145418e-08
smr100_aj_p50,nuclear-smr,2011,4923134.697565759,4923135.0,6.143123436145418e-08
smr100_aj_p50,nuclear-smr,2012,4923134.697565759,4923135.0,6.143123436145418e-08
smr100_aj_p50,nuclear-smr,2013,4923134.697565759,4923135.0,6.143123436145418e-08
smr100_aj_p50,nuclear-smr,2014,4923134.697565759,4923135.0,6.143123436145418e-08
smr100_aj_p50,nuclear-smr,2015,4923134.697565759,4923135.0,6.143123436145418e-08
smr100_aj_p50,nuclear-smr,2016,4923134.697565759,4923135.0,6.143123436145418e-08
smr100_aj_p50,nuclear-smr,2017,4923134.697565759,4923135.0,6.143123436145418e-08
smr100_aj_p50,nuclear-smr,2018,4923134.697565759,4923135.0,6.143123436145418e-08
smr100_aj_p50,nuclear-smr,2019,4923134.697565759,4923135.0,6.143123436145418e-08
smr100_aj_p50,nuclear-smr,2020,4971631.312990186,4971631.0,6.295522859606765e-08
smr100_aj_p50,nuclear-smr,2021,5590666.590223329,5590667.0,7.329656745670729e-08
smr100_aj_p50,nuclear-smr,2022,5165548.936000001,5165549.0,1.2389776983529205e-08
smr100_aj_p50,nuclear-smr,2023,5165548.936000001,5165549.0,1.2389776983529205e-08
smr100_aj_p50,nuclear-smr,2024,5165548.936000001,5165549.0,1.2389776983529205e-08
smr100_aj_p50,nuclear-smr,2025,5165548.936000001,5165549.0,1.2389776983529205e-08
smr100_aj_p50,nuclear-smr,2026,5165548.936000001,5165549.0,1.2389776983529205e-08
smr100_aj_p50,nuclear-smr,2027,5165548.936000001,5165549.0,1.2389776983529205e-08
smr100_aj_p50,nuclear-smr,2028,5165548.936000001,5165549.0,1.2389776983529205e-08
smr100_aj_p50,nuclear-smr,2029,5165548.936000001,5165549.0,1.2389776983529205e-08
smr100_aj_p50,nuclear-smr,2030,4551106.890062801,4551107.0,2.4156145317410385e-08
smr100_aj_p50,nuclear-smr,2031,4551106.890062801,4551107.0,2.4156145317410385e-08
smr100_aj_p50,nuclear-smr,2032,4512236.1343194,4512236.0,2.9767812768753612e-08
smr100_aj_p50,nuclear-smr,2033,4477368.6790014,4477369.0,7.16935822726077e-08
smr100_aj_p50,nuclear-smr,2034,4445794.2611301,4445794.0,5.873643375700333e-08
smr100_aj_p50,nuclear-smr,2035,4416931.7564502,4416932.0,5.514004131735453e-08
smr100_aj_p50,nuclear-smr,2036,4390329.1794298,4390329.0,4.0869327313843894e-08
smr100_aj_p50,nuclear-smr,2037,4326922.0662404,4326922.0,1.5308896037840543e-08
smr100_aj_p50,nuclear-smr,2038,4273846.050923,4273846.0,1.1915029105652185e-08
smr100_aj_p50,nuclear-smr,2039,4228389.220286201,4228389.0,5.20969544850543e-08
smr100_aj_p50,nuclear-smr,2040,4188614.4934790004,4188614.0,1.1781437541524641e-07
smr100_aj_p50,nuclear-smr,2041,4153295.0526291,4153295.0,1.2671649736393174e-08
smr100_aj_p50,nuclear-smr,2042,4105642.8636945,4105643.0,3.31995510440588e-08
smr100_aj_p50,nuclear-smr,2043,4064383.0415682,4064383.0,1.022743173534646e-08
smr100_aj_p50,nuclear-smr,2044,4028095.0602928004,4028095.0,1.496806791306837e-08
smr100_aj_p50,nuclear-smr,2045,3995681.2407194003,3995681.0,6.024489588737538e-08
smr100_aj_p50,nuclear-smr,2046,3966366.7505076,3966367.0,6.290199962679811e-08
smr100_aj_p50,nuclear-smr,2047,3915356.9547646004,3915357.0,1.155332710276215e-08
smr100_aj_p50,nuclear-smr,2048,3871966.3437022003,3871966.0,8.876683571734937e-08
smr100_aj_p50,nuclear-smr,2049,3834193.2671077005,3834193.0,6.9664641778706e-08
smr100_aj_p50,nuclear-smr,2050,3790156.9624283,3790157.0,9.912966717904085e-09
smr100_aj_p95,nuclear,2010,4963260.405989432,4963260.0,8.179893831203723e-08
smr100_aj_p95,nuclear,2011,4928944.667456639,4928945.0,6.746745671468671e-08
smr100_aj_p95,nuclear,2012,4894628.928278154,4894629.0,1.4653173363850725e-08
smr100_aj_p95,nuclear,2013,4860313.188453973,4860313.0,3.8774039030784846e-08
smr100_aj_p95,nuclear,2014,4825997.449275487,4825997.0,9.309484553706437e-08
smr100_aj_p95,nuclear,2015,4791681.709451307,4791682.0,6.063605869638847e-08
smr100_aj_p95,nuclear,2016,4757365.970918515,4757366.0,6.1129384226427575e-09
smr100_aj_p95,nuclear,2017,4723050.231094334,4723050.0,4.892904436059442e-08
smr100_aj_p95,nuclear,2018,4688734.491270155,4688734.0,1.0477670587431828e-07
smr100_aj_p95,nuclear,2019,4654418.752091669,4654419.0,5.326300547031606e-08
smr100_aj_p95,nuclear,2020,4630959.284397182,4630959.0,6.141215341992323e-08
smr100_aj_p95,nuclear,2021,5207579.48643807,5207579.0,9.340962950075287e-08
smr100_aj_p95,nuclear,2022,3712738.2977500004,3712738.0,8.01968726308281e-08
smr100_aj_p95,nuclear,2023,3712738.2977500004,3712738.0,8.01968726308281e-08
smr100_aj_p95,nuclear,2024,3712738.2977500004,3712738.0,8.01968726308281e-08
smr100_aj_p95,nuclear,2025,3712738.2977500004,3712738.0,8.01968726308281e-08
smr100_aj_p95,nuclear,2026,3712738.2977500004,3712738.0,8.01968726308281e-08
smr100_aj_p95,nuclear,2027,3712738.2977500004,3712738.0,8.01968726308281e-08
smr100_aj_p95,nuclear,2028,3712738.2977500004,3712738.0,8.01968726308281e-08
smr100_aj_p95,nuclear,2029,3712738.2977500004,3712738.0,8.01968726308281e-08
smr100_aj_p95,nuclear,2030,4892614.244094101,4892614.0,4.989032214739437e-08
smr100_aj_p95,nuclear,2031,4892614.244094101,4892614.0,4.989032214739437e-08
smr100_aj_p95,nuclear,2032,4892420.536009001,4892421.0,9.4838740040981e-08
smr100_aj_p95,nuclear,2033,4892291.3972856,4892291.0,8.12064466178919e-08
smr100_aj_p95,nuclear,2034,4892097.6892005,4892098.0,6.353092675556274e-08
smr100_aj_p95,nuclear,2035,4891968.550477101,4891969.0,9.188998147175988e-08
smr100_aj_p95,nuclear,2036,4891774.842392,4891775.0,3.221898078064537e-08
smr100_aj_p95,nuclear,2037,4891581.1343069,4891581.0,2.745674588964132e-08
smr100_aj_p95,nuclear,2038,4891387.4262218,4891387.0,8.713719910057301e-08
smr100_aj_p95,nuclear,2039,4891193.718136701,4891194.0,5.7626688992768913e-08
smr100_aj_p95,nuclear,2040,4891000.010051601,4891000.0,2.055121777631254e-09
smr100_aj_p95,nuclear,2041,4890741.732604801,4890742.0,5.467375173256034e-08
smr100_aj_p95,nuclear,2042,4890548.024519701,4890548.0,5.013691805920168e-09
smr100_aj_p95,nuclear,2043,4890289.747072901,4890290.0,5.1720268621292945e-08
smr100_aj_p95,nuclear,2044,4890096.0389878005,4890096.0,7.972808748149927e-09
smr100_aj_p95,nuclear,2045,4889837.761541001,4889838.0,4.8766239507601694e-08
smr100_aj_p95,nuclear,2046,4889644.0534559,4889644.0,1.0932472755986289e-08
smr100_aj_p95,nuclear,2047,4889256.6372857,4889257.0,7.418598098656676e-08
smr100_aj_p95,nuclear,2048,4888869.221115501,4888869.0,4.52283525423797e-08
smr100_aj_p95,nuclear,2049,4888546.374307,4888546.0,7.656815982058115e-08
smr100_aj_p95,nuclear,2050,4888223.5274985,4888224.0,9.66611892685183e-08
smr100_aj_p95,nuclear-smr,2010,4923134.697565759,4923135.0,6.143123436145418e-08
smr100_aj_p95,nuclear-smr,2011,4923134.697565759,4923135.0,6.143123436145418e-08
smr100_aj_p95,nuclear-smr,2012,4923134.697565759,4923135.0,6.143123436145418e-08
smr100_aj_p95,nuclear-smr,2013,4923134.697565759,4923135.0,6.143123436145418e-08
smr100_aj_p95,nuclear-smr,2014,4923134.697565759,4923135.0,6.143123436145418e-08
smr100_aj_p95,nuclear-smr,2015,4923134.697565759,4923135.0,6.143123436145418e-08
smr100_aj_p95,nuclear-smr,2016,4923134.697565759,4923135.0,6.143123436145418e-08
smr100_aj_p95,nuclear-smr,2017,4923134.697565759,4923135.0,6.143123436145418e-08
smr100_aj_p95,nuclear-smr,2018,4923134.697565759,4923135.0,6.143123436145418e-08
smr100_aj_p95,nuclear-smr,2019,4923134.697565759,4923135.0,6.143123436145418e-08
smr100_aj_p95,nuclear-smr,2020,4971631.312990186,4971631.0,6.295522859606765e-08
smr100_aj_p95,nuclear-smr,2021,5590666.590223329,5590667.0,7.329656745670729e-08
smr100_aj_p95,nuclear-smr,2022,5165548.936000001,5165549.0,1.2389776983529205e-08
smr100_aj_p95,nuclear-smr,2023,5165548.936000001,5165549.0,1.2389776983529205e-08
smr100_aj_p95,nuclear-smr,2024,5165548.936000001,5165549.0,1.2389776983529205e-08
smr100_aj_p95,nuclear-smr,2025,5165548.936000001,5165549.0,1.2389776983529205e-08
smr100_aj_p95,nuclear-smr,2026,5165548.936000001,5165549.0,1.2389776983529205e-08
smr100_aj_p95,nuclear-smr,2027,5165548.936000001,5165549.0,1.2389776983529205e-08
smr100_aj_p95,nuclear-smr,2028,5165548.936000001,5165549.0,1.2389776983529205e-08
smr100_aj_p95,nuclear-smr,2029,5165548.936000001,5165549.0,1.2389776983529205e-08
smr100_aj_p95,nuclear-smr,2030,6256190.024474701,6256190.0,3.912077609069783e-09
smr100_aj_p95,nuclear-smr,2031,6256190.024474701,6256190.0,3.912077609069783e-09
smr100_aj_p95,nuclear-smr,2032,6187875.639796101,6187876.0,5.821123765425557e-08
smr100_aj_p95,nuclear-smr,2033,6126728.454266201,6126728.0,7.41449868660493e-08
smr100_aj_p95,nuclear-smr,2034,6071392.5112893,6071393.0,8.049400507284622e-08
smr100_aj_p95,nuclear-smr,2035,6021028.409163301,6021028.0,6.795571671055412e-08
smr100_aj_p95,nuclear-smr,2036,5974667.6074627,5974668.0,6.570027411287578e-08
smr100_aj_p95,nuclear-smr,2037,5864318.5683174,5864319.0,7.361172396749534e-08
smr100_aj_p95,nuclear-smr,2038,5772436.366618301,5772436.0,6.351188259228618e-08
smr100_aj_p95,nuclear-smr,2039,5693920.022791101,5693920.0,4.002708252785569e-09
smr100_aj_p95,nuclear-smr,2040,5625411.9300274,5625412.0,1.2438662399646641e-08
smr100_aj_p95,nuclear-smr,2041,5564781.2993911,5564781.0,5.38010541790544e-08
smr100_aj_p95,nuclear-smr,2042,5483165.6262023,5483166.0,6.817187830745334e-08
smr100_aj_p95,nuclear-smr,2043,5412720.4525876,5412720.0,8.361555041138853e-08
smr100_aj_p95,nuclear-smr,2044,5350863.004079,5350863.0,7.623069568279734e-10
smr100_aj_p95,nuclear-smr,2045,5295785.3385489015,5295785.0,6.392798798442857e-08
smr100_aj_p95,nuclear-smr,2046,5246196.068763301,5246196.0,1.3107268557099769e-08
smr100_aj_p95,nuclear-smr,2047,5159931.4015321005,5159931.0,7.78173330743028e-08
smr100_aj_p95,nuclear-smr,2048,5086774.314726001,5086774.0,6.187142994345128e-08
smr100_aj_p95,nuclear-smr,2049,5023302.632174901,5023303.0,7.322375859083193e-08
smr100_aj_p95,nuclear-smr,2050,4949564.4211135,4949564.0,8.508092117666341e-08
smr100_iaea_p05,nuclear,2010,4963260.405989432,4963260.0,8.179893831203723e-08
smr100_iaea_p05,nuclear,2011,4928944.667456639,4928945.0,6.746745671468671e-08
smr100_iaea_p05,nuclear,2012,4894628.928278154,4894629.0,1.4653173363850725e-08
smr100_iaea_p05,nuclear,2013,4860313.188453973,4860313.0,3.8774039030784846e-08
smr100_iaea_p05,nuclear,2014,4825997.449275487,4825997.0,9.309484553706437e-08
smr100_iaea_p05,nuclear,2015,4791681.709451307,4791682.0,6.063605869638847e-08
smr100_iaea_p05,nuclear,2016,4757365.970918515,4757366.0,6.1129384226427575e-09
smr100_iaea_p05,nuclear,2017,4723050.231094334,4723050.0,4.892904436059442e-08
smr100_iaea_p05,nuclear,2018,4688734.491270155,4688734.0,1.0477670587431828e-07
smr100_iaea_p05,nuclear,2019,4654418.752091669,4654419.0,5.326300547031606e-08
smr100_iaea_p05,nuclear,2020,4630959.284397182,4630959.0,6.141215341992323e-08
smr100_iaea_p05,nuclear,2021,5207579.48643807,5207579.0,9.340962950075287e-08
smr100_iaea_p05,nuclear,2022,3712738.2977500004,3712738.0,8.01968726308281e-08
smr100_iaea_p05,nuclear,2023,3712738.2977500004,3712738.0,8.01968726308281e-08
smr100_iaea_p05,nuclear,2024,3712738.2977500004,3712738.0,8.01968726308281e-08
smr100_iaea_p05,nuclear,2025,3712738.2977500004,3712738.0,8.01968726308281e-08
smr100_iaea_p05,nuclear,2026,3712738.2977500004,3712738.0,8.01968726308281e-08
smr100_iaea_p05,nuclear,2027,3712738.2977500004,3712738.0,8.01968726308281e-08
smr100_iaea_p05,nuclear,2028,3712738.2977500004,3712738.0,8.01968726308281e-08
smr100_iaea_p05,nuclear,2029,3712738.2977500004,3712738.0,8.01968726308281e-08
smr100_iaea_p05,nuclear,2030,3407970.9105260004,3407971.0,2.6254331952981778e-08
smr100_iaea_p05,nuclear,2031,3407970.9105260004,3407971.0,2.6254331952981778e-08
smr100_iaea_p05,nuclear,2032,3385565.3420161004,3385565.0,1.0102185775984828e-07
smr100_iaea_p05,nuclear,2033,3366646.519038,3366647.0,1.4286085490001716e-07
smr100_iaea_p05,nuclear,2034,3350310.4705279004,3350310.0,1.4044307371571342e-07
smr100_iaea_p05,nuclear,2035,3335911.5028688004,3335912.0,1.490240970566636e-07
smr100_iaea_p05,nuclear,2036,3322997.6305288,3322998.0,1.111861159382499e-07
smr100_iaea_p05,nuclear,2037,3311375.1454228004,3311375.0,4.3916135761627443e-08
smr100_iaea_p05,nuclear,2038,3300721.2007423,3300721.0,6.081770859320296e-08
smr100_iaea_p05,nuclear,2039,3290971.2271256004,3290971.0,6.901476335434011e-08
smr100_iaea_p05,nuclear,2040,3281931.5164876003,3281932.0,1.4732556035649142e-07
smr100_iaea_p05,nuclear,2041,3273537.4994666004,3273537.0,1.525770211716212e-07
smr100_iaea_p05,nuclear,2042,3264691.4969137004,3264691.0,1.522084707955686e-07
smr100_iaea_p05,nuclear,2043,3256362.0492544,3256362.0,1.5125590903273057e-08
smr100_iaea_p05,nuclear,2044,3248678.2952121003,3248678.0,9.087144784235579e-08
smr100_iaea_p05,nuclear,2045,3241381.95734,3241382.0,1.3161053021260421e-08
smr100_iaea_p05,nuclear,2046,3234408.4662764003,3234408.0,1.4416126012485393e-07
smr100_iaea_p05,nuclear,2047,3227886.9607447004,3227887.0,1.2161299352432294e-08
smr100_iaea_p05,nuclear,2048,3221171.7471279004,3221172.0,7.8503140933025e-08
smr100_iaea_p05,nuclear,2049,3214908.5190430004,3214909.0,1.4960207941724003e-07
smr100_iaea_p05,nuclear,2050,3207805.889256,3207806.0,3.452328593752529e-08
smr100_iaea_p05,nuclear-smr,2010,4923134.697565759,4923135.0,6.143123436145418e-08
smr100_iaea_p05,nuclear-smr,2011,4923134.697565759,4923135.0,6.143123436145418e-08
smr100_iaea_p05,nuclear-smr,2012,4923134.697565759,4923135.0,6.143123436145418e-08
smr100_iaea_p05,nuclear-smr,2013,4923134.697565759,4923135.0,6.143123436145418e-08
smr100_iaea_p05,nuclear-smr,2014,4923134.697565759,4923135.0,6.143123436145418e-08
smr100_iaea_p05,nuclear-smr,2015,4923134.697565759,4923135.0,6.143123436145418e-08
smr100_iaea_p05,nuclear-smr,2016,4923134.697565759,4923135.0,6.143123436145418e-08
smr100_iaea_p05,nuclear-smr,2017,4923134.697565759,4923135.0,6.143123436145418e-08
smr100_iaea_p05,nuclear-smr,2018,4923134.697565759,4923135.0,6.143123436145418e-08
smr100_iaea_p05,nuclear-smr,2019,4923134.697565759,4923135.0,6.143123436145418e-08
smr100_iaea_p05,nuclear-smr,2020,4971631.312990186,4971631.0,6.295522859606765e-08
smr100_iaea_p05,nuclear-smr,2021,5590666.590223329,5590667.0,7.329656745670729e-08
smr100_iaea_p05,nuclear-smr,2022,5165548.936000001,5165549.0,1.2389776983529205e-08
smr100_iaea_p05,nuclear-smr,2023,5165548.936000001,5165549.0,1.2389776983529205e-08
smr100_iaea_p05,nuclear-smr,2024,5165548.936000001,5165549.0,1.2389776983529205e-08
smr100_iaea_p05,nuclear-smr,2025,5165548.936000001,5165549.0,1.2389776983529205e-08
smr100_iaea_p05,nuclear-smr,2026,5165548.936000001,5165549.0,1.2389776983529205e-08
smr100_iaea_p05,nuclear-smr,2027,5165548.936000001,5165549.0,1.2389776983529205e-08
smr100_iaea_p05,nuclear-smr,2028,5165548.936000001,5165549.0,1.2389776983529205e-08
smr100_iaea_p05,nuclear-smr,2029,5165548.936000001,5165549.0,1.2389776983529205e-08
smr100_iaea_p05,nuclear-smr,2030,3583793.2824351005,3583793.0,7.88089820665409e-08
smr100_iaea_p05,nuclear-smr,2031,3583793.2824351005,3583793.0,7.88089820665409e-08
smr100_iaea_p05,nuclear-smr,2032,3010869.3360710004,3010869.0,1.1161925773670746e-07
smr100_iaea_p05,nuclear-smr,2033,2749234.2824626,2749234.0,1.0274228062510787e-07
smr100_iaea_p05,nuclear-smr,2034,2584065.8552340004,2584066.0,5.602256588801587e-08
smr100_iaea_p05,nuclear-smr,2035,2465322.7990677003,2465323.0,8.15034444147624e-08
smr100_iaea_p05,nuclear-smr,2036,2373569.7360920003,2373570.0,1.1118611588219675e-07
smr100_iaea_p05,nuclear-smr,2037,2299250.4007753003,2299250.0,1.7430693942848683e-07
smr100_iaea_p05,nuclear-smr,2038,2237199.2441816004,2237199.0,1.0914611250400296e-07
smr100_iaea_p05,nuclear-smr,2039,2184123.2288642,2184123.0,1.0478538798682209e-07
smr100_iaea_p05,nuclear-smr,2040,2137891.565887,2137892.0,2.0305660351571723e-07
smr100_iaea_p05,nuclear-smr,2041,2096954.5905692002,2096955.0,1.9525019836592001e-07
smr100_iaea_p05,nuclear-smr,2042,2056082.1846131003,2056082.0,8.978877480414763e-08
smr100_iaea_p05,nuclear-smr,2043,2019600.4952526002,2019600.0,2.452230534388888e-07
smr100_iaea_p05,nuclear-smr,2044,1986734.6901473003,1986735.0,1.5596078393647956e-07
smr100_iaea_p05,nuclear-smr,2045,1956839.0756802002,1956839.0,3.8674718419071936e-08
smr100_iaea_p05,nuclear-smr,2046,1929526.2356811,1929526.0,1.2214454288920036e-07
smr100_iaea_p05,nuclear-smr,2047,1904344.1846181,1904344.0,9.694576303459081e-08
smr100_iaea_p05,nuclear-smr,2048,1880970.0756827001,1880970.0,4.023599371644471e-08
smr100_iaea_p05,nuclear-smr,2049,1859274.7701515001,1859275.0,1.2362266382864263e-07
smr100_iaea_p05,nuclear-smr,2050,1833124.1786630002,1833124.0,9.746366466123297e-08
smr100_iaea_p50,nuclear,2010,4963260.405989432,4963260.0,8.179893831203723e-08
smr100_iaea_p50,nuclear,2011,4928944.667456639,4928945.0,6.746745671468671e-08
smr100_iaea_p50,nuclear,2012,4894628.928278154,4894629.0,1.4653173363850725e-08
smr100_iaea_p50,nuclear,2013,4860313.188453973,4860313.0,3.8774039030784846e-08
smr100_iaea_p50,nuclear,2014,4825997.449275487,4825997.0,9.309484553706437e-08
smr100_iaea_p50,nuclear,2015,4791681.709451307,4791682.0,6.063605869638847e-08
smr100_iaea_p50,nuclear,2016,4757365.970918515,4757366.0,6.1129384226427575e-09
smr100_iaea_p50,nuclear,2017,4723050.231094334,4723050.0,4.892904436059442e-08
smr100_iaea_p50,nuclear,2018,4688734.491270155,4688734.0,1.0477670587431828e-07
smr100_iaea_p50,nuclear,2019,4654418.752091669,4654419.0,5.326300547031606e-08
smr100_iaea_p50,nuclear,2020,4630959.284397182,4630959.0,6.141215341992323e-08
smr100_iaea_p50,nuclear,2021,5207579.48643807,5207579.0,9.340962950075287e-08
smr100_iaea_p50,nuclear,2022,3712738.2977500004,3712738.0,8.01968726308281e-08
smr100_iaea_p50,nuclear,2023,3712738.2977500004,3712738.0,8.01968726308281e-08
smr100_iaea_p50,nuclear,2024,3712738.2977500004,3712738.0,8.01968726308281e-08
smr100_iaea_p50,nuclear,2025,3712738.2977500004,3712738.0,8.01968726308281e-08
smr100_iaea_p50,nuclear,2026,3712738.2977500004,3712738.0,8.01968726308281e-08
smr100_iaea_p50,nuclear,2027,3712738.2977500004,3712738.0,8.01968726308281e-08
smr100_iaea_p50,nuclear,2028,3712738.2977500004,3712738.0,8.01968726308281e-08
smr100_iaea_p50,nuclear,2029,3712738.2977500004,3712738.0,8.01968726308281e-08
smr100_iaea_p50,nuclear,2030,4739843.1343119005,4739843.0,2.8336781760105576e-08
smr100_iaea_p50,nuclear,2031,4739843.1343119005,4739843.0,2.8336781760105576e-08
smr100_iaea_p50,nuclear,2032,4526376.8245317,4526377.0,3.876572948741427e-08
smr100_iaea_p50,nuclear,2033,4360885.5504946,4360886.0,1.0307663310760678e-07
smr100_iaea_p50,nuclear,2034,4226581.2781586,4226581.0,6.581172397642787e-08
smr100_iaea_p50,nuclear,2035,4114230.5888006003,4114231.0,9.994563767405496e-08
smr100_iaea_p50,nuclear,2036,4016924.5607187003,4016925.0,1.0935761751813392e-07
smr100_iaea_p50,nuclear,2037,3933113.5292321,3933114.0,1.1969344296399218e-07
smr100_iaea_p50,nuclear,2038,3858148.5002984004,3858149.0,1.2951849819980543e-07
smr100_iaea_p50,nuclear,2039,3791319.2109389002,3791319.0,5.563733584734297e-08
smr100_iaea_p50,nuclear,2040,3730042.8866856005,3730043.0,3.037884628624431e-08
smr100_iaea_p50,nuclear,2041,3672963.5709428005,3672964.0,1.1681498910097235e-07
smr100_iaea_p50,nuclear,2042,3616529.9488170003,3616530.0,1.4152516491126657e-08
smr100_iaea_p50,nuclear,2043,3564874.4594570003,3564874.0,1.2888448260302656e-07
smr100_iaea_p50,nuclear,2044,3516253.7300969004,3516254.0,7.675870979384359e-08
smr100_iaea_p50,nuclear,2045,3470280.3445665003,3470280.0,9.929068146311242e-08
smr100_iaea_p50,nuclear,2046,3428310.2594615,3428310.0,7.568203592431865e-08
smr100_iaea_p50,nuclear,2047,3380593.5011652005,3380594.0,1.4755835013513469e-07
smr100_iaea_p50,nuclear,2048,3337138.3207411002,3337138.0,9.611261788080286e-08
smr100_iaea_p50,nuclear,2049,3300721.2007423,3300721.0,6.081770859320296e-08
smr100_iaea_p50,nuclear,2050,3258944.8237224002,3258945.0,5.409039100017014e-08
smr100_iaea_p50,nuclear-smr,2010,4923134.697565759,4923135.0,6.143123436145418e-08
smr100_iaea_p50,nuclear-smr,2011,4923134.697565759,4923135.0,6.143123436145418e-08
smr100_iaea_p50,nuclear-smr,2012,4923134.697565759,4923135.0,6.143123436145418e-08
smr100_iaea_p50,nuclear-smr,2013,4923134.697565759,4923135.0,6.143123436145418e-08
smr100_iaea_p50,nuclear-smr,2014,4923134.697565759,4923135.0,6.143123436145418e-08
smr100_iaea_p50,nuclear-smr,2015,4923134.697565759,4923135.0,6.143123436145418e-08
smr100_iaea_p50,nuclear-smr,2016,4923134.697565759,4923135.0,6.143123436145418e-08
smr100_iaea_p50,nuclear-smr,2017,4923134.697565759,4923135.0,6.143123436145418e-08
smr100_iaea_p50,nuclear-smr,2018,4923134.697565759,4923135.0,6.143123436145418e-08
smr100_iaea_p50,nuclear-smr,2019,4923134.697565759,4923135.0,6.143123436145418e-08
smr100_iaea_p50,nuclear-smr,2020,4971631.312990186,4971631.0,6.295522859606765e-08
smr100_iaea_p50,nuclear-smr,2021,5590666.590223329,5590667.0,7.329656745670729e-08
smr100_iaea_p50,nuclear-smr,2022,5165548.936000001,5165549.0,1.2389776983529205e-08
smr100_iaea_p50,nuclear-smr,2023,5165548.936000001,5165549.0,1.2389776983529205e-08
smr100_iaea_p50,nuclear-smr,2024,5165548.936000001,5165549.0,1.2389776983529205e-08
smr100_iaea_p50,nuclear-smr,2025,5165548.936000001,5165549.0,1.2389776983529205e-08
smr100_iaea_p50,nuclear-smr,2026,5165548.936000001,5165549.0,1.2389776983529205e-08
smr100_iaea_p50,nuclear-smr,2027,5165548.936000001,5165549.0,1.2389776983529205e-08
smr100_iaea_p50,nuclear-smr,2028,5165548.936000001,5165549.0,1.2389776983529205e-08
smr100_iaea_p50,nuclear-smr,2029,5165548.936000001,5165549.0,1.2389776983529205e-08
smr100_iaea_p50,nuclear-smr,2030,5981253.6823561005,5981254.0,5.310657536689587e-08
smr100_iaea_p50,nuclear-smr,2031,5981253.6823561005,5981254.0,5.310657536689587e-08
smr100_iaea_p50,nuclear-smr,2032,4710593.2134618005,4710593.0,4.531526939502517e-08
smr100_iaea_p50,nuclear-smr,2033,4169437.3930541,4169437.0,9.427029672491362e-08
smr100_iaea_p50,nuclear-smr,2034,3838906.8305118005,3838907.0,4.415012059520603e-08
smr100_iaea_p50,nuclear-smr,2035,3606327.9896684005,3606328.0,2.864852985385515e-09
smr100_iaea_p50,nuclear-smr,2036,3429020.5224402,3429021.0,1.392700325556118e-07
smr100_iaea_p50,nuclear-smr,2037,3287742.7590406,3287743.0,7.329022296007299e-08
smr100_iaea_p50,nuclear-smr,2038,3170678.5062785004,3170679.0,1.5571477795550197e-07
smr100_iaea_p50,nuclear-smr,2039,3071499.9667073004,3071500.0,1.0839231634736708e-08
smr100_iaea_p50,nuclear-smr,2040,2985558.1462846003,2985558.0,4.89974045342889e-08
smr100_iaea_p50,nuclear-smr,2041,2909818.2850105003,2909818.0,9.794786905201905e-08
smr100_iaea_p50,nuclear-smr,2042,2835111.5335236,2835112.0,1.645354669124422e-07
smr100_iaea_p50,nuclear-smr,2043,2768863.3684194004,2768863.0,1.330579921777166e-07
smr100_iaea_p50,nuclear-smr,2044,2709265.8475703,2709266.0,5.626236348657581e-08
smr100_iaea_p50,nuclear-smr,2045,2655156.7224657005,2655157.0,1.045265227403819e-07
smr100_iaea_p50,nuclear-smr,2046,2606084.0075737,2606084.0,2.9061611299918726e-09
smr100_iaea_p50,nuclear-smr,2047,2559271.2203412,2559271.0,8.609529082252278e-08
smr100_iaea_p50,nuclear-smr,2048,2516397.1641724003,2516397.0,6.524105280048258e-08
smr100_iaea_p50,nuclear-smr,2049,2477655.5471524,2477656.0,1.8277262168410724e-07
smr100_iaea_p50,nuclear-smr,2050,2431553.0228986,2431553.0,9.417273551283236e-09
smr100_iaea_p95,nuclear,2010,4963260.405989432,4963260.0,8.179893831203723e-08
smr100_iaea_p95,nuclear,2011,4928944.667456639,4928945.0,6.746745671468671e-08
smr100_iaea_p95,nuclear,2012,4894628.928278154,4894629.0,1.4653173363850725e-08
smr100_iaea_p95,nuclear,2013,4860313.188453973,4860313.0,3.8774039030784846e-08
smr100_iaea_p95,nuclear,2014,4825997.449275487,4825997.0,9.309484553706437e-08
smr100_iaea_p95,nuclear,2015,4791681.709451307,4791682.0,6.063605869638847e-08
smr100_iaea_p95,nuclear,2016,4757365.970918515,4757366.0,6.1129384226427575e-09
smr100_iaea_p95,nuclear,2017,4723050.231094334,4723050.0,4.892904436059442e-08
smr100_iaea_p95,nuclear,2018,4688734.491270155,4688734.0,1.0477670587431828e-07
smr100_iaea_p95,nuclear,2019,4654418.752091669,4654419.0,5.326300547031606e-08
smr100_iaea_p95,nuclear,2020,4630959.284397182,4630959.0,6.141215341992323e-08
smr100_iaea_p95,nuclear,2021,5207579.48643807,5207579.0,9.340962950075287e-08
smr100_iaea_p95,nuclear,2022,3712738.2977500004,3712738.0,8.01968726308281e-08
smr100_iaea_p95,nuclear,2023,3712738.2977500004,3712738.0,8.01968726308281e-08
smr100_iaea_p95,nuclear,2024,3712738.2977500004,3712738.0,8.01968726308281e-08
smr100_iaea_p95,nuclear,2025,3712738.2977500004,3712738.0,8.01968726308281e-08
smr100_iaea_p95,nuclear,2026,3712738.2977500004,3712738.0,8.01968726308281e-08
smr100_iaea_p95,nuclear,2027,3712738.2977500004,3712738.0,8.01968726308281e-08
smr100_iaea_p95,nuclear,2028,3712738.2977500004,3712738.0,8.01968726308281e-08
smr100_iaea_p95,nuclear,2029,3712738.2977500004,3712738.0,8.01968726308281e-08
smr100_iaea_p95,nuclear,2030,4694902.8585687,4694903.0,3.012443584672401e-08
smr100_iaea_p95,nuclear,2031,4694902.8585687,4694903.0,3.012443584672401e-08
smr100_iaea_p95,nuclear,2032,4691093.2662284,4691093.0,5.675188811260802e-08
smr100_iaea_p95,nuclear,2033,4688768.7692072,4688769.0,4.922247424105129e-08
smr100_iaea_p95,nuclear,2034,4687219.104526401,4687219.0,2.2300301785585608e-08
smr100_iaea_p95,nuclear,2035,4686121.4253775,4686121.0,9.07738962844348e-08
smr100_iaea_p95,nuclear,2036,4685282.023675401,4685282.0,5.053143149999271e-09
smr100_iaea_p95,nuclear,2037,4684636.3300584005,4684636.0,7.045550118830197e-08
smr100_iaea_p95,nuclear,2038,4684119.775164801,4684120.0,4.799945562792845e-08
smr100_iaea_p95,nuclear,2039,4683667.789632901,4683668.0,4.4915034291633986e-08
smr100_iaea_p95,nuclear,2040,4683280.3734627,4683280.0,7.974382708351252e-08
smr100_iaea_p95,nuclear,2041,4683022.0960159,4683022.0,2.050297829154912e-08
smr100_iaea_p95,nuclear,2042,4682699.249207401,4682699.0,5.321875001026862e-08
smr100_iaea_p95,nuclear,2043,4682440.971760601,4682441.0,6.030914081998428e-09
smr100_iaea_p95,nuclear,2044,4682247.263675501,4682247.0,5.631387788602204e-08
smr100_iaea_p95,nuclear,2045,4682053.5555904005,4682054.0,9.491766684238134e-08
smr100_iaea_p95,nuclear,2046,4681859.8475053,4681860.0,3.2571393561785514e-08
smr100_iaea_p95,nuclear,2047,4681666.1394202,4681666.0,2.9780038983418538e-08
smr100_iaea_p95,nuclear,2048,4681537.000696801,4681537.0,1.4884014567489165e-10
smr100_iaea_p95,nuclear,2049,4681407.8619734,4681408.0,2.948399367067555e-08
smr100_iaea_p95,nuclear,2050,4681278.723250001,4681279.0,5.9118462203048973e-08
smr100_iaea_p95,nuclear-smr,2010,4923134.697565759,4923135.0,6.143123436145418e-08
smr100_iaea_p95,nuclear-smr,2011,4923134.697565759,4923135.0,6.143123436145418e-08
smr100_iaea_p95,nuclear-smr,2012,4923134.697565759,4923135.0,6.143123436145418e-08
smr100_iaea_p95,nuclear-smr,2013,4923134.697565759,4923135.0,6.143123436145418e-08
smr100_iaea_p95,nuclear-smr,2014,4923134.697565759,4923135.0,6.143123436145418e-08
smr100_iaea_p95,nuclear-smr,2015,4923134.697565759,4923135.0,6.143123436145418e-08
smr100_iaea_p95,nuclear-smr,2016,4923134.697565759,4923135.0,6.143123436145418e-08
smr100_iaea_p95,nuclear-smr,2017,4923134.697565759,4923135.0,6.143123436145418e-08
smr100_iaea_p95,nuclear-smr,2018,4923134.697565759,4923135.0,6.143123436145418e-08
smr100_iaea_p95,nuclear-smr,2019,4923134.697565759,4923135.0,6.143123436145418e-08
smr100_iaea_p95,nuclear-smr,2020,4971631.312990186,4971631.0,6.295522859606765e-08
smr100_iaea_p95,nuclear-smr,2021,5590666.590223329,5590667.0,7.329656745670729e-08
smr100_iaea_p95,nuclear-smr,2022,5165548.936000001,5165549.0,1.2389776983529205e-08
smr100_iaea_p95,nuclear-smr,2023,5165548.936000001,5165549.0,1.2389776983529205e-08
smr100_iaea_p95,nuclear-smr,2024,5165548.936000001,5165549.0,1.2389776983529205e-08
smr100_iaea_p95,nuclear-smr,2025,5165548.936000001,5165549.0,1.2389776983529205e-08
smr100_iaea_p95,nuclear-smr,2026,5165548.936000001,5165549.0,1.2389776983529205e-08
smr100_iaea_p95,nuclear-smr,2027,5165548.936000001,5165549.0,1.2389776983529205e-08
smr100_iaea_p95,nuclear-smr,2028,5165548.936000001,5165549.0,1.2389776983529205e-08
smr100_iaea_p95,nuclear-smr,2029,5165548.936000001,5165549.0,1.2389776983529205e-08
smr100_iaea_p95,nuclear-smr,2030,5900283.702784301,5900284.0,5.037312003793303e-08
smr100_iaea_p95,nuclear-smr,2031,5900283.702784301,5900284.0,5.037312003793303e-08
smr100_iaea_p95,nuclear-smr,2032,5681522.7053447,5681523.0,5.186202978090945e-08
smr100_iaea_p95,nuclear-smr,2033,5549478.3606682,5549478.0,6.499136975186773e-08
smr100_iaea_p95,nuclear-smr,2034,5455336.2313096,5455336.0,4.24006129717323e-08
smr100_iaea_p95,nuclear-smr,2035,5382372.8525886,5382373.0,2.738780914840564e-08
smr100_iaea_p95,nuclear-smr,2036,5322969.039824599,5322969.0,7.481651518580876e-09
smr100_iaea_p95,nuclear-smr,2037,5272927.7845071005,5272928.0,4.0867788890034955e-08
smr100_iaea_p95,nuclear-smr,2038,5229795.4508915,5229795.0,8.621589593184768e-08
smr100_iaea_p95,nuclear-smr,2039,5191893.2355736,5191893.0,4.537335213910856e-08
smr100_iaea_p95,nuclear-smr,2040,5158123.4594045,5158123.0,8.90642699456407e-08
smr100_iaea_p95,nuclear-smr,2041,5127646.7206821,5127647.0,5.447292195082542e-08
smr100_iaea_p95,nuclear-smr,2042,5096653.427066101,5096653.0,8.3793435608812e-08
smr100_iaea_p95,nuclear-smr,2043,5068501.1853649,5068501.0,3.657193584014334e-08
smr100_iaea_p95,nuclear-smr,2044,5042802.5794083,5042803.0,8.340435566687259e-08
smr100_iaea_p95,nuclear-smr,2045,5019105.623664401,5019106.0,7.498060962999793e-08
smr100_iaea_p95,nuclear-smr,2046,4997022.901963,4997023.0,1.9619081548675724e-08
smr100_iaea_p95,nuclear-smr,2047,4976489.8449424,4976490.0,3.11580259579204e-08
smr100_iaea_p95,nuclear-smr,2048,4957377.3138792,4957377.0,6.331557603626244e-08
smr100_iaea_p95,nuclear-smr,2049,4939362.461964901,4939362.0,9.352723234277664e-08
smr100_iaea_p95,nuclear-smr,2050,4917344.3096252,4917344.0,6.296593862460987e-08
smr100_mck_p05,nuclear,2010,4963260.405989432,4963260.0,8.179893831203723e-08
smr100_mck_p05,nuclear,2011,4928944.667456639,4928945.0,6.746745671468671e-08
smr100_mck_p05,nuclear,2012,4894628.928278154,4894629.0,1.4653173363850725e-08
smr100_mck_p05,nuclear,2013,4860313.188453973,4860313.0,3.8774039030784846e-08
smr100_mck_p05,nuclear,2014,4825997.449275487,4825997.0,9.309484553706437e-08
smr100_mck_p05,nuclear,2015,4791681.709451307,4791682.0,6.063605869638847e-08
smr100_mck_p05,nuclear,2016,4757365.970918515,4757366.0,6.1129384226427575e-09
smr100_mck_p05,nuclear,2017,4723050.231094334,4723050.0,4.892904436059442e-08
smr100_mck_p05,nuclear,2018,4688734.491270155,4688734.0,1.0477670587431828e-07
smr100_mck_p05,nuclear,2019,4654418.752091669,4654419.0,5.326300547031606e-08
smr100_mck_p05,nuclear,2020,4630959.284397182,4630959.0,6.141215341992323e-08
smr100_mck_p05,nuclear,2021,5207579.48643807,5207579.0,9.340962950075287e-08
smr100_mck_p05,nuclear,2022,3712738.2977500004,3712738.0,8.01968726308281e-08
smr100_mck_p05,nuclear,2023,3712738.2977500004,3712738.0,8.01968726308281e-08
smr100_mck_p05,nuclear,2024,3712738.2977500004,3712738.0,8.01968726308281e-08
smr100_mck_p05,nuclear,2025,3712738.2977500004,3712738.0,8.01968726308281e-08
smr100_mck_p05,nuclear,2026,3712738.2977500004,3712738.0,8.01968726308281e-08
smr100_mck_p05,nuclear,2027,3712738.2977500004,3712738.0,8.01968726308281e-08
smr100_mck_p05,nuclear,2028,3712738.2977500004,3712738.0,8.01968726308281e-08
smr100_mck_p05,nuclear,2029,3712738.2977500004,3712738.0,8.01968726308281e-08
smr100_mck_p05,nuclear,2030,3490232.2773318,3490232.0,7.945941076794428e-08
smr100_mck_p05,nuclear,2031,3490232.2773318,3490232.0,7.945941076794428e-08
smr100_mck_p05,nuclear,2032,3481967.3990342002,3481967.0,1.1460021146288795e-07
smr100_mck_p05,nuclear,2033,3476672.7113748,3476673.0,8.301765043027679e-08
smr100_mck_p05,nuclear,2034,3472992.2577579003,3472992.0,7.421781597899222e-08
smr100_mck_p05,nuclear,2035,3470280.3445665003,3470280.0,9.929068146311242e-08
smr100_mck_p05,nuclear,2036,3468214.1249921,3468214.0,3.603932616373435e-08
smr100_mck_p05,nuclear,2037,3466599.8909496004,3466600.0,3.145745198588212e-08
smr100_mck_p05,nuclear,2038,3465308.5037156004,3465309.0,1.4321506991805657e-07
smr100_mck_p05,nuclear,2039,3464210.8245667005,3464211.0,5.0641634816253855e-08
smr100_mck_p05,nuclear,2040,3463242.2841412,3463242.0,8.204485185171006e-08
smr100_mck_p05,nuclear,2041,3462467.4518008004,3462467.0,1.3048521226077923e-07
smr100_mck_p05,nuclear,2042,3461434.3420136003,3461434.0,9.880690098065343e-08
smr100_mck_p05,nuclear,2043,3460594.9403115003,3460595.0,1.724804569518684e-08
smr100_mck_p05,nuclear,2044,3459884.6773328003,3459885.0,9.325952444790263e-08
smr100_mck_p05,nuclear,2045,3459303.5530775003,3459304.0,1.2919435742748968e-07
smr100_mck_p05,nuclear,2046,3458786.9981839005,3458787.0,5.250683290270263e-10
smr100_mck_p05,nuclear,2047,3458335.0126520004,3458335.0,3.6584079813143475e-09
smr100_mck_p05,nuclear,2048,3457947.5964818,3457948.0,1.1669297716691934e-07
smr100_mck_p05,nuclear,2049,3457624.7496733004,3457625.0,7.239845781440699e-08
smr100_mck_p05,nuclear,2050,3457301.9028648003,3457302.0,2.8095666050761257e-08
smr100_mck_p05,nuclear-smr,2010,4923134.697565759,4923135.0,6.143123436145418e-08
smr100_mck_p05,nuclear-smr,2011,4923134.697565759,4923135.0,6.143123436145418e-08
smr100_mck_p05,nuclear-smr,2012,4923134.697565759,4923135.0,6.143123436145418e-08
smr100_mck_p05,nuclear-smr,2013,4923134.697565759,4923135.0,6.143123436145418e-08
smr100_mck_p05,nuclear-smr,2014,4923134.697565759,4923135.0,6.143123436145418e-08
smr100_mck_p05,nuclear-smr,2015,4923134.697565759,4923135.0,6.143123436145418e-08
smr100_mck_p05,nuclear-smr,2016,4923134.697565759,4923135.0,6.143123436145418e-08
smr100_mck_p05,nuclear-smr,2017,4923134.697565759,4923135.0,6.143123436145418e-08
smr100_mck_p05,nuclear-smr,2018,4923134.697565759,4923135.0,6.143123436145418e-08
smr100_mck_p05,nuclear-smr,2019,4923134.697565759,4923135.0,6.143123436145418e-08
smr100_mck_p05,nuclear-smr,2020,4971631.312990186,4971631.0,6.295522859606765e-08
smr100_mck_p05,nuclear-smr,2021,5590666.590223329,5590667.0,7.329656745670729e-08
smr100_mck_p05,nuclear-smr,2022,5165548.936000001,5165549.0,1.2389776983529205e-08
smr100_mck_p05,nuclear-smr,2023,5165548.936000001,5165549.0,1.2389776983529205e-08
smr100_mck_p05,nuclear-smr,2024,5165548.936000001,5165549.0,1.2389776983529205e-08
smr100_mck_p05,nuclear-smr,2025,5165548.936000001,5165549.0,1.2389776983529205e-08
smr100_mck_p05,nuclear-smr,2026,5165548.936000001,5165549.0,1.2389776983529205e-08
smr100_mck_p05,nuclear-smr,2027,5165548.936000001,5165549.0,1.2389776983529205e-08
smr100_mck_p05,nuclear-smr,2028,5165548.936000001,5165549.0,1.2389776983529205e-08
smr100_mck_p05,nuclear-smr,2029,5165548.936000001,5165549.0,1.2389776983529205e-08
smr100_mck_p05,nuclear-smr,2030,3731979.9675366003,3731980.0,8.698706846167306e-09
smr100_mck_p05,nuclear-smr,2031,3731979.9675366003,3731980.0,8.698706846167306e-09
smr100_mck_p05,nuclear-smr,2032,3154213.3190450002,3154213.0,1.0114883426480779e-07
smr100_mck_p05,nuclear-smr,2033,2843247.2730978,2843247.0,9.605137149867414e-08
smr100_mck_p05,nuclear-smr,2034,2637077.3011897,2637077.0,1.1421345138637739e-07
smr100_mck_p05,nuclear-smr,2035,2485726.7173649003,2485727.0,1.1370320709262405e-07
smr100_mck_p05,nuclear-smr,2036,2367693.9241773,2367694.0,3.202386044952195e-08
smr100_mck_p05,nuclear-smr,2037,2271743.8526911,2271744.0,6.484397430921403e-08
smr100_mck_p05,nuclear-smr,2038,2191484.136098,2191484.0,6.210311905943375e-08
smr100_mck_p05,nuclear-smr,2039,2122846.9046109,2122847.0,4.493451674939791e-08
smr100_mck_p05,nuclear-smr,2040,2063120.2450384002,2063120.0,1.1877077972581468e-07
smr100_mck_p05,nuclear-smr,2041,2010496.2152529003,2010496.0,1.0706456377796161e-07
smr100_mck_p05,nuclear-smr,2042,1927072.5999365002,1927073.0,2.0760167511151066e-07
smr100_mck_p05,nuclear-smr,2043,1857595.9667473002,1857596.0,1.7900932367189852e-08
smr100_mck_p05,nuclear-smr,2044,1798385.8620684003,1798386.0,7.669744444540314e-08
smr100_mck_p05,nuclear-smr,2045,1746988.6501552002,1746989.0,2.00255908824368e-07
smr100_mck_p05,nuclear-smr,2046,1701725.5276035,1701726.0,2.7759852707166767e-07
smr100_mck_p05,nuclear-smr,2047,1661369.6765410001,1661370.0,1.946941757926381e-07
smr100_mck_p05,nuclear-smr,2048,1625146.2646273002,1625146.0,1.6283291292770766e-07
smr100_mck_p05,nuclear-smr,2049,1592280.459522,1592280.0,2.885936314173304e-07
smr100_mck_p05,nuclear-smr,2050,1557090.1573955002,1557090.0,1.010831000867378e-07
smr100_mck_p50,nuclear,2010,4963260.405989432,4963260.0,8.179893831203723e-08
smr100_mck_p50,nuclear,2011,4928944.667456639,4928945.0,6.746745671468671e-08
smr100_mck_p50,nuclear,2012,4894628.928278154,4894629.0,1.4653173363850725e-08
smr100_mck_p50,nuclear,2013,4860313.188453973,4860313.0,3.8774039030784846e-08
smr100_mck_p50,nuclear,2014,4825997.449275487,4825997.0,9.309484553706437e-08
smr100_mck_p50,nuclear,2015,4791681.709451307,4791682.0,6.063605869638847e-08
smr100_mck_p50,nuclear,2016,4757365.970918515,4757366.0,6.1129384226427575e-09
smr100_mck_p50,nuclear,2017,4723050.231094334,4723050.0,4.892904436059442e-08
smr100_mck_p50,nuclear,2018,4688734.491270155,4688734.0,1.0477670587431828e-07
smr100_mck_p50,nuclear,2019,4654418.752091669,4654419.0,5.326300547031606e-08
smr100_mck_p50,nuclear,2020,4630959.284397182,4630959.0,6.141215341992323e-08
smr100_mck_p50,nuclear,2021,5207579.48643807,5207579.0,9.340962950075287e-08
smr100_mck_p50,nuclear,2022,3712738.2977500004,3712738.0,8.01968726308281e-08
smr100_mck_p50,nuclear,2023,3712738.2977500004,3712738.0,8.01968726308281e-08
smr100_mck_p50,nuclear,2024,3712738.2977500004,3712738.0,8.01968726308281e-08
smr100_mck_p50,nuclear,2025,3712738.2977500004,3712738.0,8.01968726308281e-08
smr100_mck_p50,nuclear,2026,3712738.2977500004,3712738.0,8.01968726308281e-08
smr100_mck_p50,nuclear,2027,3712738.2977500004,3712738.0,8.01968726308281e-08
smr100_mck_p50,nuclear,2028,3712738.2977500004,3712738.0,8.01968726308281e-08
smr100_mck_p50,nuclear,2029,3712738.2977500004,3712738.0,8.01968726308281e-08
smr100_mck_p50,nuclear,2030,4181963.8492239,4181964.0,3.605389843512781e-08
smr100_mck_p50,nuclear,2031,4181963.8492239,4181964.0,3.605389843512781e-08
smr100_mck_p50,nuclear,2032,4179445.6441176003,4179446.0,8.515062283831187e-08
smr100_mck_p50,nuclear,2033,4176927.4390113004,4176927.0,1.0510388481927864e-07
smr100_mck_p50,nuclear,2034,4174473.8032667004,4174474.0,4.712768816248152e-08
smr100_mck_p50,nuclear,2035,4172020.1675221003,4172020.0,4.015371295905457e-08
smr100_mck_p50,nuclear,2036,4169631.1011392004,4169631.0,2.4256150707919297e-08
smr100_mck_p50,nuclear,2037,4167242.0347563005,4167242.0,8.340360414722883e-09
smr100_mck_p50,nuclear,2038,4164917.5377351004,4164918.0,1.1099016857881924e-07
smr100_mck_p50,nuclear,2039,4162593.0407139002,4162593.0,9.780898549613597e-09
smr100_mck_p50,nuclear,2040,4160333.1130544003,4160333.0,2.7174362542070324e-08
smr100_mck_p50,nuclear,2041,4158008.6160332,4158009.0,9.234391635093333e-08
smr100_mck_p50,nuclear,2042,4154909.2866716003,4154909.0,6.899587464500094e-08
smr100_mck_p50,nuclear,2043,4151809.9573100004,4151810.0,1.0282262436005481e-08
smr100_mck_p50,nuclear,2044,4148775.1973101003,4148775.0,4.755863861639906e-08
smr100_mck_p50,nuclear,2045,4145740.4373102,4145740.0,1.0548422092443276e-07
smr100_mck_p50,nuclear,2046,4142641.1079486003,4142641.0,2.6057917522093232e-08
smr100_mck_p50,nuclear,2047,4139606.3479487,4139606.0,8.405357199290447e-08
smr100_mck_p50,nuclear,2048,4135925.8943318003,4135926.0,2.5548861951102477e-08
smr100_mck_p50,nuclear,2049,4132374.5794383003,4132375.0,1.0177240508519514e-07
smr100_mck_p50,nuclear,2050,4129081.5419916003,4129082.0,1.1092258533551989e-07
smr100_mck_p50,nuclear-smr,2010,4923134.697565759,4923135.0,6.143123436145418e-08
smr100_mck_p50,nuclear-smr,2011,4923134.697565759,4923135.0,6.143123436145418e-08
smr100_mck_p50,nuclear-smr,2012,4923134.697565759,4923135.0,6.143123436145418e-08
smr100_mck_p50,nuclear-smr,2013,4923134.697565759,4923135.0,6.143123436145418e-08
smr100_mck_p50,nuclear-smr,2014,4923134.697565759,4923135.0,6.143123436145418e-08
smr100_mck_p50,nuclear-smr,2015,4923134.697565759,4923135.0,6.143123436145418e-08
smr100_mck_p50,nuclear-smr,2016,4923134.697565759,4923135.0,6.143123436145418e-08
smr100_mck_p50,nuclear-smr,2017,4923134.697565759,4923135.0,6.143123436145418e-08
smr100_mck_p50,nuclear-smr,2018,4923134.697565759,4923135.0,6.143123436145418e-08
smr100_mck_p50,nuclear-smr,2019,4923134.697565759,4923135.0,6.143123436145418e-08
smr100_mck_p50,nuclear-smr,2020,4971631.312990186,4971631.0,6.295522859606765e-08
smr100_mck_p50,nuclear-smr,2021,5590666.590223329,5590667.0,7.329656745670729e-08
smr100_mck_p50,nuclear-smr,2022,5165548.936000001,5165549.0,1.2389776983529205e-08
smr100_mck_p50,nuclear-smr,2023,5165548.936000001,5165549.0,1.2389776983529205e-08
smr100_mck_p50,nuclear-smr,2024,5165548.936000001,5165549.0,1.2389776983529205e-08
smr100_mck_p50,nuclear-smr,2025,5165548.936000001,5165549.0,1.2389776983529205e-08
smr100_mck_p50,nuclear-smr,2026,5165548.936000001,5165549.0,1.2389776983529205e-08
smr100_mck_p50,nuclear-smr,2027,5165548.936000001,5165549.0,1.2389776983529205e-08
smr100_mck_p50,nuclear-smr,2028,5165548.936000001,5165549.0,1.2389776983529205e-08
smr100_mck_p50,nuclear-smr,2029,5165548.936000001,5165549.0,1.2389776983529205e-08
smr100_mck_p50,nuclear-smr,2030,4977070.969197701,4977071.0,6.188840677413331e-09
smr100_mck_p50,nuclear-smr,2031,4977070.969197701,4977071.0,6.188840677413331e-09
smr100_mck_p50,nuclear-smr,2032,4407504.629642,4407505.0,8.402895304688554e-08
smr100_mck_p50,nuclear-smr,2033,4110162.7190135005,4110163.0,6.836383829942895e-08
smr100_mck_p50,nuclear-smr,2034,3910514.2526371004,3910514.0,6.46045722082773e-08
smr100_mck_p50,nuclear-smr,2035,3761165.319025,3761165.0,8.48207863871143e-08
smr100_mck_p50,nuclear-smr,2036,3642357.6934970003,3642358.0,8.414961558692704e-08
smr100_mck_p50,nuclear-smr,2037,3544018.5556279,3544019.0,1.2538650485296896e-07
smr100_mck_p50,nuclear-smr,2038,3460530.3709498,3460530.0,1.071944934338031e-07
smr100_mck_p50,nuclear-smr,2039,3387954.4083990003,3387954.0,1.205444203398308e-07
smr100_mck_p50,nuclear-smr,2040,3324030.7403160003,3324031.0,7.812322447833986e-08
smr100_mck_p50,nuclear-smr,2041,3266886.8552115,3266887.0,4.432002280415267e-08
smr100_mck_p50,nuclear-smr,2042,3176037.7632996,3176038.0,7.452694754261176e-08
smr100_mck_p50,nuclear-smr,2043,3098877.3760681003,3098877.0,1.213562379839548e-07
smr100_mck_p50,nuclear-smr,2044,3032112.6560703004,3032113.0,1.1342906370366752e-07
smr100_mck_p50,nuclear-smr,2045,2973225.3981999,2973225.0,1.3392859495096685e-07
smr100_mck_p50,nuclear-smr,2046,2920730.5071378,2920731.0,1.6874620876329824e-07
smr100_mck_p50,nuclear-smr,2047,2873465.7343734005,2873466.0,9.244119265770382e-08
smr100_mck_p50,nuclear-smr,2048,2830075.1233110004,2830075.0,4.357163504062807e-08
smr100_mck_p50,nuclear-smr,2049,2790364.9658655003,2790365.0,1.2232987493122429e-08
smr100_mck_p50,nuclear-smr,2050,2748072.033952,2748072.0,1.2354843565158698e-08
smr100_mck_p95,nuclear,2010,4963260.405989432,4963260.0,8.179893831203723e-08
smr100_mck_p95,nuclear,2011,4928944.667456639,4928945.0,6.746745671468671e-08
smr100_mck_p95,nuclear,2012,4894628.928278154,4894629.0,1.4653173363850725e-08
smr100_mck_p95,nuclear,2013,4860313.188453973,4860313.0,3.8774039030784846e-08
smr100_mck_p95,nuclear,2014,4825997.449275487,4825997.0,9.309484553706437e-08
smr100_mck_p95,nuclear,2015,4791681.709451307,4791682.0,6.063605869638847e-08
smr100_mck_p95,nuclear,2016,4757365.970918515,4757366.0,6.1129384226427575e-09
smr100_mck_p95,nuclear,2017,4723050.231094334,4723050.0,4.892904436059442e-08
smr100_mck_p95,nuclear,2018,4688734.491270155,4688734.0,1.0477670587431828e-07
smr100_mck_p95,nuclear,2019,4654418.752091669,4654419.0,5.326300547031606e-08
smr100_mck_p95,nuclear,2020,4630959.284397182,4630959.0,6.141215341992323e-08
smr100_mck_p95,nuclear,2021,5207579.48643807,5207579.0,9.340962950075287e-08
smr100_mck_p95,nuclear,2022,3712738.2977500004,3712738.0,8.01968726308281e-08
smr100_mck_p95,nuclear,2023,3712738.2977500004,3712738.0,8.01968726308281e-08
smr100_mck_p95,nuclear,2024,3712738.2977500004,3712738.0,8.01968726308281e-08
smr100_mck_p95,nuclear,2025,3712738.2977500004,3712738.0,8.01968726308281e-08
smr100_mck_p95,nuclear,2026,3712738.2977500004,3712738.0,8.01968726308281e-08
smr100_mck_p95,nuclear,2027,3712738.2977500004,3712738.0,8.01968726308281e-08
smr100_mck_p95,nuclear,2028,3712738.2977500004,3712738.0,8.01968726308281e-08
smr100_mck_p95,nuclear,2029,3712738.2977500004,3712738.0,8.01968726308281e-08
smr100_mck_p95,nuclear,2030,4837472.009202301,4837472.0,1.902295362825814e-09
smr100_mck_p95,nuclear,2031,4837472.009202301,4837472.0,1.902295362825814e-09
smr100_mck_p95,nuclear,2032,4837278.3011172,4837278.0,6.224930253338136e-08
smr100_mck_p95,nuclear,2033,4837084.5930321,4837085.0,8.413495607423074e-08
smr100_mck_p95,nuclear,2034,4836890.884947,4836891.0,2.3786560967635786e-08
smr100_mck_p95,nuclear,2035,4836697.176861901,4836697.0,3.656666819711445e-08
smr100_mck_p95,nuclear,2036,4836568.0381385,4836568.0,7.88544689417157e-09
smr100_mck_p95,nuclear,2037,4836374.3300534,4836374.0,6.82439732171527e-08
smr100_mck_p95,nuclear,2038,4836245.191330001,4836245.0,3.956168332845714e-08
smr100_mck_p95,nuclear,2039,4836051.483244901,4836051.0,9.992550787888286e-08
smr100_mck_p95,nuclear,2040,4835922.3445215,4835922.0,7.124214898953681e-08
smr100_mck_p95,nuclear,2041,4835728.6364364,4835729.0,7.518279608513975e-08
smr100_mck_p95,nuclear,2042,4835534.928351301,4835535.0,1.4817119572720109e-08
smr100_mck_p95,nuclear,2043,4835341.220266201,4835341.0,4.5553393352853856e-08
smr100_mck_p95,nuclear,2044,4835147.5121811,4835148.0,1.0089017932451733e-07
smr100_mck_p95,nuclear,2045,4834953.804096,4834954.0,4.051827745799386e-08
smr100_mck_p95,nuclear,2046,4834760.0960109,4834760.0,1.985846209448389e-08
smr100_mck_p95,nuclear,2047,4834501.8185641,4834502.0,3.752938909078564e-08
smr100_mck_p95,nuclear,2048,4834308.110479,4834308.0,2.2853115171749132e-08
smr100_mck_p95,nuclear,2049,4834114.402393901,4834114.0,8.324045880876362e-08
smr100_mck_p95,nuclear,2050,4833920.694308801,4833921.0,6.323877008099938e-08
smr100_mck_p95,nuclear-smr,2010,4923134.697565759,4923135.0,6.143123436145418e-08
smr100_mck_p95,nuclear-smr,2011,4923134.697565759,4923135.0,6.143123436145418e-08
smr100_mck_p95,nuclear-smr,2012,4923134.697565759,4923135.0,6.143123436145418e-08
smr100_mck_p95,nuclear-smr,2013,4923134.697565759,4923135.0,6.143123436145418e-08
smr100_mck_p95,nuclear-smr,2014,4923134.697565759,4923135.0,6.143123436145418e-08
smr100_mck_p95,nuclear-smr,2015,4923134.697565759,4923135.0,6.143123436145418e-08
smr100_mck_p95,nuclear-smr,2016,4923134.697565759,4923135.0,6.143123436145418e-08
smr100_mck_p95,nuclear-smr,2017,4923134.697565759,4923135.0,6.143123436145418e-08
smr100_mck_p95,nuclear-smr,2018,4923134.697565759,4923135.0,6.143123436145418e-08
smr100_mck_p95,nuclear-smr,2019,4923134.697565759,4923135.0,6.143123436145418e-08
smr100_mck_p95,nuclear-smr,2020,4971631.312990186,4971631.0,6.295522859606765e-08
smr100_mck_p95,nuclear-smr,2021,5590666.590223329,5590667.0,7.329656745670729e-08
smr100_mck_p95,nuclear-smr,2022,5165548.936000001,5165549.0,1.2389776983529205e-08
smr100_mck_p95,nuclear-smr,2023,5165548.936000001,5165549.0,1.2389776983529205e-08
smr100_mck_p95,nuclear-smr,2024,5165548.936000001,5165549.0,1.2389776983529205e-08
smr100_mck_p95,nuclear-smr,2025,5165548.936000001,5165549.0,1.2389776983529205e-08
smr100_mck_p95,nuclear-smr,2026,5165548.936000001,5165549.0,1.2389776983529205e-08
smr100_mck_p95,nuclear-smr,2027,5165548.936000001,5165549.0,1.2389776983529205e-08
smr100_mck_p95,nuclear-smr,2028,5165548.936000001,5165549.0,1.2389776983529205e-08
smr100_mck_p95,nuclear-smr,2029,5165548.936000001,5165549.0,1.2389776983529205e-08
smr100_mck_p95,nuclear-smr,2030,6156882.346180101,6156882.0,5.622652528678681e-08
smr100_mck_p95,nuclear-smr,2031,6156882.346180101,6156882.0,5.622652528678681e-08
smr100_mck_p95,nuclear-smr,2032,5870517.2270406,5870517.0,3.8674718300088914e-08
smr100_mck_p95,nuclear-smr,2033,5700506.097684501,5700506.0,1.7136110209347383e-08
smr100_mck_p95,nuclear-smr,2034,5580277.9461991,5580278.0,9.641258025877189e-09
smr100_mck_p95,nuclear-smr,2035,5487750.050883001,5487750.0,9.27210609899767e-09
smr100_mck_p95,nuclear-smr,2036,5412655.883225901,5412656.0,2.1574269908702893e-08
smr100_mck_p95,nuclear-smr,2037,5349636.1862067,5349636.0,3.4807357696663006e-08
smr100_mck_p95,nuclear-smr,2038,5295462.491740401,5295462.0,9.286070889368382e-08
smr100_mck_p95,nuclear-smr,2039,5247939.4415292,5247939.0,8.413382153733e-08
smr100_mck_p95,nuclear-smr,2040,5205646.509615701,5205647.0,9.420238166426393e-08
smr100_mck_p95,nuclear-smr,2041,5167615.1555744,5167615.0,3.010564743972885e-08
smr100_mck_p95,nuclear-smr,2042,5105886.845789201,5105887.0,3.020254933790066e-08
smr100_mck_p95,nuclear-smr,2043,5052939.9691952,5052940.0,6.096411209603773e-09
smr100_mck_p95,nuclear-smr,2044,5006643.7368563,5006644.0,5.255890241981212e-08
smr100_mck_p95,nuclear-smr,2045,4965577.6228151005,4965578.0,7.595992413668472e-08
smr100_mck_p95,nuclear-smr,2046,4928643.9479227,4928644.0,1.0566253205854602e-08
smr100_mck_p95,nuclear-smr,2047,4895132.4492004,4895132.0,9.176470806723266e-08
smr100_mck_p95,nuclear-smr,2048,4864462.0023929,4864462.0,4.919146608955316e-10
smr100_mck_p95,nuclear-smr,2049,4836245.191330001,4836245.0,3.956168332845714e-08
smr100_mck_p95,nuclear-smr,2050,4805639.3138842005,4805639.0,6.53158050420901e-08
smr100_cop28_p05,nuclear,2010,4963260.405989432,4963260.0,8.179893831203723e-08
smr100_cop28_p05,nuclear,2011,4928944.667456639,4928945.0,6.746745671468671e-08
smr100_cop28_p05,nuclear,2012,4894628.928278154,4894629.0,1.4653173363850725e-08
smr100_cop28_p05,nuclear,2013,4860313.188453973,4860313.0,3.8774039030784846e-08
smr100_cop28_p05,nuclear,2014,4825997.449275487,4825997.0,9.309484553706437e-08
smr100_cop28_p05,nuclear,2015,4791681.709451307,4791682.0,6.063605869638847e-08
smr100_cop28_p05,nuclear,2016,4757365.970918515,4757366.0,6.1129384226427575e-09
smr100_cop28_p05,nuclear,2017,4723050.231094334,4723050.0,4.892904436059442e-08
smr100_cop28_p05,nuclear,2018,4688734.491270155,4688734.0,1.0477670587431828e-07
smr100_cop28_p05,nuclear,2019,4654418.752091669,4654419.0,5.326300547031606e-08
smr100_cop28_p05,nuclear,2020,4630959.284397182,4630959.0,6.141215341992323e-08
smr100_cop28_p05,nuclear,2021,5207579.48643807,5207579.0,9.340962950075287e-08
smr100_cop28_p05,nuclear,2022,3712738.2977500004,3712738.0,8.01968726308281e-08
smr100_cop28_p05,nuclear,2023,3712738.2977500004,3712738.0,8.01968726308281e-08
smr100_cop28_p05,nuclear,2024,3712738.2977500004,3712738.0,8.01968726308281e-08
smr100_cop28_p05,nuclear,2025,3712738.2977500004,3712738.0,8.01968726308281e-08
smr100_cop28_p05,nuclear,2026,3712738.2977500004,3712738.0,8.01968726308281e-08
smr100_cop28_p05,nuclear,2027,3712738.2977500004,3712738.0,8.01968726308281e-08
smr100_cop28_p05,nuclear,2028,3712738.2977500004,3712738.0,8.01968726308281e-08
smr100_cop28_p05,nuclear,2029,3712738.2977500004,3712738.0,8.01968726308281e-08
smr100_cop28_p05,nuclear,2030,3555382.7632871005,3555383.0,6.657873857324648e-08
smr100_cop28_p05,nuclear,2031,3555382.7632871005,3555383.0,6.657873857324648e-08
smr100_cop28_p05,nuclear,2032,3548344.7028618003,3548345.0,8.37399476539529e-08
smr100_cop28_p05,nuclear,2033,3541564.9198833,3541565.0,2.262183574994843e-08
smr100_cop28_p05,nuclear,2034,3534978.8449899005,3534979.0,4.385036129493791e-08
smr100_cop28_p05,nuclear,2035,3528651.0475433003,3528651.0,1.3473505788802234e-08
smr100_cop28_p05,nuclear,2036,3522452.3888201,3522452.0,1.1038335148094522e-07
smr100_cop28_p05,nuclear,2037,3519740.4756287,3519740.0,1.351317528666311e-07
smr100_cop28_p05,nuclear,2038,3517028.5624373,3517029.0,1.2441260914643275e-07
smr100_cop28_p05,nuclear,2039,3514381.2186076003,3514381.0,6.22037242730578e-08
smr100_cop28_p05,nuclear,2040,3511798.4441396003,3511798.0,1.2647069794308384e-07
smr100_cop28_p05,nuclear,2041,3509151.1003099005,3509151.0,2.8585232612224848e-08
smr100_cop28_p05,nuclear,2042,3497593.1845656005,3497593.0,5.276931613656398e-08
smr100_cop28_p05,nuclear,2043,3486745.5318000005,3486746.0,1.3427994537232976e-07
smr100_cop28_p05,nuclear,2044,3476349.8645663,3476350.0,3.8958593125542906e-08
smr100_cop28_p05,nuclear,2045,3466535.3215879,3466535.0,9.276925527421429e-08
smr100_cop28_p05,nuclear,2046,3457237.3335031,3457237.0,9.64652026801416e-08
smr100_cop28_p05,nuclear,2047,3448197.6228651004,3448198.0,1.0937160245920889e-07
smr100_cop28_p05,nuclear,2048,3439545.3283973,3439545.0,9.547695080017653e-08
smr100_cop28_p05,nuclear,2049,3431409.5888231,3431410.0,1.1982740307452578e-07
smr100_cop28_p05,nuclear,2050,3422951.0024404004,3422951.0,7.129521923859051e-10
smr100_cop28_p05,nuclear-smr,2010,4923134.697565759,4923135.0,6.143123436145418e-08
smr100_cop28_p05,nuclear-smr,2011,4923134.697565759,4923135.0,6.143123436145418e-08
smr100_cop28_p05,nuclear-smr,2012,4923134.697565759,4923135.0,6.143123436145418e-08
smr100_cop28_p05,nuclear-smr,2013,4923134.697565759,4923135.0,6.143123436145418e-08
smr100_cop28_p05,nuclear-smr,2014,4923134.697565759,4923135.0,6.143123436145418e-08
smr100_cop28_p05,nuclear-smr,2015,4923134.697565759,4923135.0,6.143123436145418e-08
smr100_cop28_p05,nuclear-smr,2016,4923134.697565759,4923135.0,6.143123436145418e-08
smr100_cop28_p05,nuclear-smr,2017,4923134.697565759,4923135.0,6.143123436145418e-08
smr100_cop28_p05,nuclear-smr,2018,4923134.697565759,4923135.0,6.143123436145418e-08
smr100_cop28_p05,nuclear-smr,2019,4923134.697565759,4923135.0,6.143123436145418e-08
smr100_cop28_p05,nuclear-smr,2020,4971631.312990186,4971631.0,6.295522859606765e-08
smr100_cop28_p05,nuclear-smr,2021,5590666.590223329,5590667.0,7.329656745670729e-08
smr100_cop28_p05,nuclear-smr,2022,5165548.936000001,5165549.0,1.2389776983529205e-08
smr100_cop28_p05,nuclear-smr,2023,5165548.936000001,5165549.0,1.2389776983529205e-08
smr100_cop28_p05,nuclear-smr,2024,5165548.936000001,5165549.0,1.2389776983529205e-08
smr100_cop28_p05,nuclear-smr,2025,5165548.936000001,5165549.0,1.2389776983529205e-08
smr100_cop28_p05,nuclear-smr,2026,5165548.936000001,5165549.0,1.2389776983529205e-08
smr100_cop28_p05,nuclear-smr,2027,5165548.936000001,5165549.0,1.2389776983529205e-08
smr100_cop28_p05,nuclear-smr,2028,5165548.936000001,5165549.0,1.2389776983529205e-08
smr100_cop28_p05,nuclear-smr,2029,5165548.936000001,5165549.0,1.2389776983529205e-08
smr100_cop28_p05,nuclear-smr,2030,3849173.3590221005,3849173.0,9.32725203489588e-08
smr100_cop28_p05,nuclear-smr,2031,3849173.3590221005,3849173.0,9.32725203489588e-08
smr100_cop28_p05,nuclear-smr,2032,2916468.9292656,2916469.0,2.4253438508025572e-08
smr100_cop28_p05,nuclear-smr,2033,2515816.0399171,2515816.0,1.5866462248262786e-08
smr100_cop28_p05,nuclear-smr,2034,2272970.6705634003,2272971.0,1.4493658189657322e-07
smr100_cop28_p05,nuclear-smr,2035,2103540.6654626,2103541.0,1.590353851605585e-07
smr100_cop28_p05,nuclear-smr,2036,1975822.4680200003,1975822.0,2.3687350854512523e-07
smr100_cop28_p05,nuclear-smr,2037,1929655.3744045002,1929655.0,1.9402661491000185e-07
smr100_cop28_p05,nuclear-smr,2038,1887556.1505761002,1887556.0,7.97730441942529e-08
smr100_cop28_p05,nuclear-smr,2039,1848879.1029178002,1848879.0,5.566497021323385e-08
smr100_cop28_p05,nuclear-smr,2040,1813301.3846211,1813301.0,2.1211096141909888e-07
smr100_cop28_p05,nuclear-smr,2041,1780241.8714307002,1780242.0,7.222013024414779e-08
smr100_cop28_p05,nuclear-smr,2042,1645421.0442011002,1645421.0,2.686309403960435e-08
smr100_cop28_p05,nuclear-smr,2043,1544240.8544172002,1544241.0,9.427467184494583e-08
smr100_cop28_p05,nuclear-smr,2044,1464174.8459092001,1464175.0,1.0524070966486663e-07
smr100_cop28_p05,nuclear-smr,2045,1398636.9437837,1398637.0,4.01936329862878e-08
smr100_cop28_p05,nuclear-smr,2046,1343559.2782536002,1343559.0,2.0710184116018193e-07
smr100_cop28_p05,nuclear-smr,2047,1296229.9361275001,1296230.0,4.9275593840948925e-08
smr100_cop28_p05,nuclear-smr,2048,1255034.6833629,1255035.0,2.522935056304026e-07
smr100_cop28_p05,nuclear-smr,2049,1218617.5633641002,1218618.0,3.5830428917977143e-07
smr100_cop28_p05,nuclear-smr,2050,1183750.1080461,1183750.0,9.127441617519582e-08
smr100_cop28_p50,nuclear,2010,4963260.405989432,4963260.0,8.179893831203723e-08
smr100_cop28_p50,nuclear,2011,4928944.667456639,4928945.0,6.746745671468671e-08
smr100_cop28_p50,nuclear,2012,4894628.928278154,4894629.0,1.4653173363850725e-08
smr100_cop28_p50,nuclear,2013,4860313.188453973,4860313.0,3.8774039030784846e-08
smr100_cop28_p50,nuclear,2014,4825997.449275487,4825997.0,9.309484553706437e-08
smr100_cop28_p50,nuclear,2015,4791681.709451307,4791682.0,6.063605869638847e-08
smr100_cop28_p50,nuclear,2016,4757365.970918515,4757366.0,6.1129384226427575e-09
smr100_cop28_p50,nuclear,2017,4723050.231094334,4723050.0,4.892904436059442e-08
smr100_cop28_p50,nuclear,2018,4688734.491270155,4688734.0,1.0477670587431828e-07
smr100_cop28_p50,nuclear,2019,4654418.752091669,4654419.0,5.326300547031606e-08
smr100_cop28_p50,nuclear,2020,4630959.284397182,4630959.0,6.141215341992323e-08
smr100_cop28_p50,nuclear,2021,5207579.48643807,5207579.0,9.340962950075287e-08
smr100_cop28_p50,nuclear,2022,3712738.2977500004,3712738.0,8.01968726308281e-08
smr100_cop28_p50,nuclear,2023,3712738.2977500004,3712738.0,8.01968726308281e-08
smr100_cop28_p50,nuclear,2024,3712738.2977500004,3712738.0,8.01968726308281e-08
smr100_cop28_p50,nuclear,2025,3712738.2977500004,3712738.0,8.01968726308281e-08
smr100_cop28_p50,nuclear,2026,3712738.2977500004,3712738.0,8.01968726308281e-08
smr100_cop28_p50,nuclear,2027,3712738.2977500004,3712738.0,8.01968726308281e-08
smr100_cop28_p50,nuclear,2028,3712738.2977500004,3712738.0,8.01968726308281e-08
smr100_cop28_p50,nuclear,2029,3712738.2977500004,3712738.0,8.01968726308281e-08
smr100_cop28_p50,nuclear,2030,4473236.239852601,4473236.0,5.3619479917935e-08
smr100_cop28_p50,nuclear,2031,4473236.239852601,4473236.0,5.3619479917935e-08
smr100_cop28_p50,nuclear,2032,4453736.2926192,4453736.0,6.570195925346835e-08
smr100_cop28_p50,nuclear,2033,4445406.844959901,4445407.0,3.487647018434856e-08
smr100_cop28_p50,nuclear,2034,4440822.4202792,4440822.0,9.463994738217704e-08
smr100_cop28_p50,nuclear,2035,4437852.229641001,4437852.0,5.1745977301007804e-08
smr100_cop28_p50,nuclear,2036,4435850.5794283,4435851.0,9.481196271329466e-08
smr100_cop28_p50,nuclear,2037,4434946.6083645,4434947.0,8.830670005270809e-08
smr100_cop28_p50,nuclear,2038,4434236.3453858,4434236.0,7.789070613594321e-08
smr100_cop28_p50,nuclear,2039,4433590.651768801,4433591.0,7.85438319747771e-08
smr100_cop28_p50,nuclear,2040,4433009.5275135,4433010.0,1.0658368694325597e-07
smr100_cop28_p50,nuclear,2041,4432492.9726199005,4432493.0,6.177133204546012e-09
smr100_cop28_p50,nuclear,2042,4431137.0160242,4431137.0,3.6162727958513017e-09
smr100_cop28_p50,nuclear,2043,4430168.4755987,4430168.0,1.0735454034404172e-07
smr100_cop28_p50,nuclear,2044,4429458.21262,4429458.0,4.800135595571678e-08
smr100_cop28_p50,nuclear,2045,4428877.088364701,4428877.0,1.9951942450359755e-08
smr100_cop28_p50,nuclear,2046,4428425.102832801,4428425.0,2.3221077091928338e-08
smr100_cop28_p50,nuclear,2047,4428102.2560243,4428102.0,5.781806410916947e-08
smr100_cop28_p50,nuclear,2048,4427779.4092158,4427779.0,9.242009654149168e-08
smr100_cop28_p50,nuclear,2049,4427521.131769001,4427521.0,2.9761348761749855e-08
smr100_cop28_p50,nuclear,2050,4427327.4236839,4427327.0,9.56974399769049e-08
smr100_cop28_p50,nuclear-smr,2010,4923134.697565759,4923135.0,6.143123436145418e-08
smr100_cop28_p50,nuclear-smr,2011,4923134.697565759,4923135.0,6.143123436145418e-08
smr100_cop28_p50,nuclear-smr,2012,4923134.697565759,4923135.0,6.143123436145418e-08
smr100_cop28_p50,nuclear-smr,2013,4923134.697565759,4923135.0,6.143123436145418e-08
smr100_cop28_p50,nuclear-smr,2014,4923134.697565759,4923135.0,6.143123436145418e-08
smr100_cop28_p50,nuclear-smr,2015,4923134.697565759,4923135.0,6.143123436145418e-08
smr100_cop28_p50,nuclear-smr,2016,4923134.697565759,4923135.0,6.143123436145418e-08
smr100_cop28_p50,nuclear-smr,2017,4923134.697565759,4923135.0,6.143123436145418e-08
smr100_cop28_p50,nuclear-smr,2018,4923134.697565759,4923135.0,6.143123436145418e-08
smr100_cop28_p50,nuclear-smr,2019,4923134.697565759,4923135.0,6.143123436145418e-08
smr100_cop28_p50,nuclear-smr,2020,4971631.312990186,4971631.0,6.295522859606765e-08
smr100_cop28_p50,nuclear-smr,2021,5590666.590223329,5590667.0,7.329656745670729e-08
smr100_cop28_p50,nuclear-smr,2022,5165548.936000001,5165549.0,1.2389776983529205e-08
smr100_cop28_p50,nuclear-smr,2023,5165548.936000001,5165549.0,1.2389776983529205e-08
smr100_cop28_p50,nuclear-smr,2024,5165548.936000001,5165549.0,1.2389776983529205e-08
smr100_cop28_p50,nuclear-smr,2025,5165548.936000001,5165549.0,1.2389776983529205e-08
smr100_cop28_p50,nuclear-smr,2026,5165548.936000001,5165549.0,1.2389776983529205e-08
smr100_cop28_p50,nuclear-smr,2027,5165548.936000001,5165549.0,1.2389776983529205e-08
smr100_cop28_p50,nuclear-smr,2028,5165548.936000001,5165549.0,1.2389776983529205e-08
smr100_cop28_p50,nuclear-smr,2029,5165548.936000001,5165549.0,1.2389776983529205e-08
smr100_cop28_p50,nuclear-smr,2030,5501309.61684,5501310.0,6.964887025496009e-08
smr100_cop28_p50,nuclear-smr,2031,5501309.61684,5501310.0,6.964887025496009e-08
smr100_cop28_p50,nuclear-smr,2032,4298963.532624301,4298964.0,1.0871822844828712e-07
smr100_cop28_p50,nuclear-smr,2033,3829608.8424270004,3829609.0,4.1145977586769533e-08
smr100_cop28_p50,nuclear-smr,2034,3548150.9947767,3548151.0,1.4721188162558896e-09
smr100_cop28_p50,nuclear-smr,2035,3351343.5803151005,3351344.0,1.2522884910110235e-07
smr100_cop28_p50,nuclear-smr,2036,3201930.0773413004,3201930.0,2.41545875666292e-08
smr100_cop28_p50,nuclear-smr,2037,3147562.6747899004,3147563.0,1.033212466836379e-07
smr100_cop28_p50,nuclear-smr,2038,3097779.6969192005,3097780.0,9.783807409712205e-08
smr100_cop28_p50,nuclear-smr,2039,3052000.0194739,3052000.0,6.380701167405182e-09
smr100_cop28_p50,nuclear-smr,2040,3009577.9488370004,3009578.0,1.700005796785135e-08
smr100_cop28_p50,nuclear-smr,2041,2970255.2075617,2970255.0,6.988008963363904e-08
smr100_cop28_p50,nuclear-smr,2042,2808250.6790564004,2808251.0,1.1428595102295407e-07
smr100_cop28_p50,nuclear-smr,2043,2684794.0594860003,2684794.0,2.2156634369330307e-08
smr100_cop28_p50,nuclear-smr,2044,2585873.7973616,2585874.0,7.836360768804792e-08
smr100_cop28_p50,nuclear-smr,2045,2503870.7080026004,2503871.0,1.1661840154666868e-07
smr100_cop28_p50,nuclear-smr,2046,2434200.3667283,2434200.0,1.506565791548286e-07
smr100_cop28_p50,nuclear-smr,2047,2373892.5829005004,2373893.0,1.757027687831163e-07
smr100_cop28_p50,nuclear-smr,2048,2320751.9982214,2320752.0,7.663894321724306e-10
smr100_cop28_p50,nuclear-smr,2049,2273551.7948187003,2273552.0,9.024703117667279e-08
smr100_cop28_p50,nuclear-smr,2050,2227836.6867351,2227837.0,1.4061394255349793e-07
smr100_cop28_p95,nuclear,2010,4963260.405989432,4963260.0,8.179893831203723e-08
smr100_cop28_p95,nuclear,2011,4928944.667456639,4928945.0,6.746745671468671e-08
smr100_cop28_p95,nuclear,2012,4894628.928278154,4894629.0,1.4653173363850725e-08
smr100_cop28_p95,nuclear,2013,4860313.188453973,4860313.0,3.8774039030784846e-08
smr100_cop28_p95,nuclear,2014,4825997.449275487,4825997.0,9.309484553706437e-08
smr100_cop28_p95,nuclear,2015,4791681.709451307,4791682.0,6.063605869638847e-08
smr100_cop28_p95,nuclear,2016,4757365.970918515,4757366.0,6.1129384226427575e-09
smr100_cop28_p95,nuclear,2017,4723050.231094334,4723050.0,4.892904436059442e-08
smr100_cop28_p95,nuclear,2018,4688734.491270155,4688734.0,1.0477670587431828e-07
smr100_cop28_p95,nuclear,2019,4654418.752091669,4654419.0,5.326300547031606e-08
smr100_cop28_p95,nuclear,2020,4630959.284397182,4630959.0,6.141215341992323e-08
smr100_cop28_p95,nuclear,2021,5207579.48643807,5207579.0,9.340962950075287e-08
smr100_cop28_p95,nuclear,2022,3712738.2977500004,3712738.0,8.01968726308281e-08
smr100_cop28_p95,nuclear,2023,3712738.2977500004,3712738.0,8.01968726308281e-08
smr100_cop28_p95,nuclear,2024,3712738.2977500004,3712738.0,8.01968726308281e-08
smr100_cop28_p95,nuclear,2025,3712738.2977500004,3712738.0,8.01968726308281e-08
smr100_cop28_p95,nuclear,2026,3712738.2977500004,3712738.0,8.01968726308281e-08
smr100_cop28_p95,nuclear,2027,3712738.2977500004,3712738.0,8.01968726308281e-08
smr100_cop28_p95,nuclear,2028,3712738.2977500004,3712738.0,8.01968726308281e-08
smr100_cop28_p95,nuclear,2029,3712738.2977500004,3712738.0,8.01968726308281e-08
smr100_cop28_p95,nuclear,2030,4991792.7836653,4991793.0,4.333807692518879e-08
smr100_cop28_p95,nuclear,2031,4991792.7836653,4991793.0,4.333807692518879e-08
smr100_cop28_p95,nuclear,2032,4977522.954729601,4977523.0,9.094965428028799e-09
smr100_cop28_p95,nuclear,2033,4963511.4032407,4963511.0,8.124101417175679e-08
smr100_cop28_p95,nuclear,2034,4949822.6985603,4949823.0,6.08990903461133e-08
smr100_cop28_p95,nuclear,2035,4936456.8406884,4936457.0,3.227245880412725e-08
smr100_cop28_p95,nuclear,2036,4923284.690901601,4923285.0,6.278296272719579e-08
smr100_cop28_p95,nuclear,2037,4914761.5351572,4914762.0,9.458094695455164e-08
smr100_cop28_p95,nuclear,2038,4906302.948774501,4906303.0,1.0440753411443924e-08
smr100_cop28_p95,nuclear,2039,4897844.362391801,4897844.0,7.399006048503598e-08
smr100_cop28_p95,nuclear,2040,4889644.0534559,4889644.0,1.0932472755986289e-08
smr100_cop28_p95,nuclear,2041,4881379.1751583,4881379.0,3.588295318839944e-08
smr100_cop28_p95,nuclear,2042,4860329.563244101,4860330.0,8.986137537726866e-08
smr100_cop28_p95,nuclear,2043,4839796.506223501,4839797.0,1.0202422739443626e-07
smr100_cop28_p95,nuclear,2044,4819715.434734801,4819715.0,9.019926730475203e-08
smr100_cop28_p95,nuclear,2045,4800150.918139701,4800151.0,1.7053692814703476e-08
smr100_cop28_p95,nuclear,2046,4781232.0951616,4781232.0,1.9903154279983325e-08
smr100_cop28_p95,nuclear,2047,4762571.5496303,4762572.0,9.456439555077959e-08
smr100_cop28_p95,nuclear,2048,4744233.850907501,4744234.0,3.142604345656526e-08
smr100_cop28_p95,nuclear,2049,4726541.845801701,4726542.0,3.262391494514214e-08
smr100_cop28_p95,nuclear,2050,4706589.9130364,4706590.0,1.8476986768460622e-08
smr100_cop28_p95,nuclear-smr,2010,4923134.697565759,4923135.0,6.143123436145418e-08
smr100_cop28_p95,nuclear-smr,2011,4923134.697565759,4923135.0,6.143123436145418e-08
smr100_cop28_p95,nuclear-smr,2012,4923134.697565759,4923135.0,6.143123436145418e-08
smr100_cop28_p95,nuclear-smr,2013,4923134.697565759,4923135.0,6.143123436145418e-08
smr100_cop28_p95,nuclear-smr,2014,4923134.697565759,4923135.0,6.143123436145418e-08
smr100_cop28_p95,nuclear-smr,2015,4923134.697565759,4923135.0,6.143123436145418e-08
smr100_cop28_p95,nuclear-smr,2016,4923134.697565759,4923135.0,6.143123436145418e-08
smr100_cop28_p95,nuclear-smr,2017,4923134.697565759,4923135.0,6.143123436145418e-08
smr100_cop28_p95,nuclear-smr,2018,4923134.697565759,4923135.0,6.143123436145418e-08
smr100_cop28_p95,nuclear-smr,2019,4923134.697565759,4923135.0,6.143123436145418e-08
smr100_cop28_p95,nuclear-smr,2020,4971631.312990186,4971631.0,6.295522859606765e-08
smr100_cop28_p95,nuclear-smr,2021,5590666.590223329,5590667.0,7.329656745670729e-08
smr100_cop28_p95,nuclear-smr,2022,5165548.936000001,5165549.0,1.2389776983529205e-08
smr100_cop28_p95,nuclear-smr,2023,5165548.936000001,5165549.0,1.2389776983529205e-08
smr100_cop28_p95,nuclear-smr,2024,5165548.936000001,5165549.0,1.2389776983529205e-08
smr100_cop28_p95,nuclear-smr,2025,5165548.936000001,5165549.0,1.2389776983529205e-08
smr100_cop28_p95,nuclear-smr,2026,5165548.936000001,5165549.0,1.2389776983529205e-08
smr100_cop28_p95,nuclear-smr,2027,5165548.936000001,5165549.0,1.2389776983529205e-08
smr100_cop28_p95,nuclear-smr,2028,5165548.936000001,5165549.0,1.2389776983529205e-08
smr100_cop28_p95,nuclear-smr,2029,5165548.936000001,5165549.0,1.2389776983529205e-08
smr100_cop28_p95,nuclear-smr,2030,6434788.878936901,6434789.0,1.881384168469375e-08
smr100_cop28_p95,nuclear-smr,2031,6434788.878936901,6434789.0,1.881384168469375e-08
smr100_cop28_p95,nuclear-smr,2032,5980607.9887391,5980608.0,1.88290216251069e-09
smr100_cop28_p95,nuclear-smr,2033,5673386.965770501,5673387.0,6.033344718846375e-09
smr100_cop28_p95,nuclear-smr,2034,5444101.162373801,5444101.0,2.982563988417834e-08
smr100_cop28_p95,nuclear-smr,2035,5262725.825358501,5262726.0,3.3184609096358164e-08
smr100_cop28_p95,nuclear-smr,2036,5113506.0304698,5113506.0,5.958690605631349e-09
smr100_cop28_p95,nuclear-smr,2037,5052681.6917484,5052682.0,6.100752404107008e-08
smr100_cop28_p95,nuclear-smr,2038,4996054.3615375,4996054.0,7.236460497066161e-08
smr100_cop28_p95,nuclear-smr,2039,4943107.484943501,4943107.0,9.810498804589668e-08
smr100_cop28_p95,nuclear-smr,2040,4893518.2151579,4893518.0,4.396793688007892e-08
smr100_cop28_p95,nuclear-smr,2041,4846834.566648801,4846835.0,8.94091170605525e-08
smr100_cop28_p95,nuclear-smr,2042,4666169.492612201,4666169.0,1.0557100456146974e-07
smr100_cop28_p95,nuclear-smr,2043,4520694.720702101,4520695.0,6.178207481602625e-08
smr100_cop28_p95,nuclear-smr,2044,4399498.0287912,4399498.0,6.544201220498582e-09
smr100_cop28_p95,nuclear-smr,2045,4295993.3419861,4295993.0,7.960582639806482e-08
smr100_cop28_p95,nuclear-smr,2046,4206112.7904997,4206113.0,4.980853110735777e-08
smr100_cop28_p95,nuclear-smr,2047,4126692.4756087004,4126692.0,1.1525179141209297e-07
smr100_cop28_p95,nuclear-smr,2048,4055666.1777387005,4055666.0,4.3824785556388856e-08
smr100_cop28_p95,nuclear-smr,2049,3991742.5096557005,3991743.0,1.2283966169737657e-07
smr100_cop28_p95,nuclear-smr,2050,3928722.8126365,3928723.0,4.769068949656756e-08
smr100_eo_p05,nuclear,2010,4963260.405989432,4963260.0,8.179893831203723e-08
smr100_eo_p05,nuclear,2011,4928944.667456639,4928945.0,6.746745671468671e-08
smr100_eo_p05,nuclear,2012,4894628.928278154,4894629.0,1.4653173363850725e-08
smr100_eo_p05,nuclear,2013,4860313.188453973,4860313.0,3.8774039030784846e-08
smr100_eo_p05,nuclear,2014,4825997.449275487,4825997.0,9.309484553706437e-08
smr100_eo_p05,nuclear,2015,4791681.709451307,4791682.0,6.063605869638847e-08
smr100_eo_p05,nuclear,2016,4757365.970918515,4757366.0,6.1129384226427575e-09
smr100_eo_p05,nuclear,2017,4723050.231094334,4723050.0,4.892904436059442e-08
smr100_eo_p05,nuclear,2018,4688734.491270155,4688734.0,1.0477670587431828e-07
smr100_eo_p05,nuclear,2019,4654418.752091669,4654419.0,5.326300547031606e-08
smr100_eo_p05,nuclear,2020,4630959.284397182,4630959.0,6.141215341992323e-08
smr100_eo_p05,nuclear,2021,5207579.48643807,5207579.0,9.340962950075287e-08
smr100_eo_p05,nuclear,2022,3712738.2977500004,3712738.0,8.01968726308281e-08
smr100_eo_p05,nuclear,2023,3712738.2977500004,3712738.0,8.01968726308281e-08
smr100_eo_p05,nuclear,2024,3712738.2977500004,3712738.0,8.01968726308281e-08
smr100_eo_p05,nuclear,2025,3712738.2977500004,3712738.0,8.01968726308281e-08
smr100_eo_p05,nuclear,2026,3712738.2977500004,3712738.0,8.01968726308281e-08
smr100_eo_p05,nuclear,2027,3712738.2977500004,3712738.0,8.01968726308281e-08
smr100_eo_p05,nuclear,2028,3712738.2977500004,3712738.0,8.01968726308281e-08
smr100_eo_p05,nuclear,2029,3712738.2977500004,3712738.0,8.01968726308281e-08
smr100_eo_p05,nuclear,2030,3507730.5743525005,3507731.0,1.2134555105732477e-07
smr100_eo_p05,nuclear,2031,3507730.5743525005,3507731.0,1.2134555105732477e-07
smr100_eo_p05,nuclear,2032,3485454.1445660004,3485454.0,4.147694803691862e-08
smr100_eo_p05,nuclear,2033,3463952.5471199,3463953.0,1.3074084985892405e-07
smr100_eo_p05,nuclear,2034,3443096.6432908005,3443097.0,1.0360127421545657e-07
smr100_eo_p05,nuclear,2035,3422951.0024404004,3422951.0,7.129521923859051e-10
smr100_eo_p05,nuclear,2036,3403386.4858453004,3403386.0,1.4275349049824268e-07
smr100_eo_p05,nuclear,2037,3384403.0935055004,3384403.0,2.762835801964011e-08
smr100_eo_p05,nuclear,2038,3366000.8254210004,3366001.0,5.1865406067747116e-08
smr100_eo_p05,nuclear,2039,3348115.1122301,3348115.0,3.352038279488893e-08
smr100_eo_p05,nuclear,2040,3330745.9539328003,3330746.0,1.3830895633269237e-08
smr100_eo_p05,nuclear,2041,3313828.7811674,3313829.0,6.603618182511366e-08
smr100_eo_p05,nuclear,2042,3282060.6552110002,3282061.0,1.0505259834700403e-07
smr100_eo_p05,nuclear,2043,3251842.1939354003,3251842.0,5.963862597711244e-08
smr100_eo_p05,nuclear,2044,3222979.6892555,3222980.0,9.641528329316571e-08
smr100_eo_p05,nuclear,2045,3195473.1411713003,3195473.0,4.417852821205244e-08
smr100_eo_p05,nuclear,2046,3169193.4109594002,3169193.0,1.2967318397654945e-07
smr100_eo_p05,nuclear,2047,3143946.7905347003,3143947.0,6.662495063962541e-08
smr100_eo_p05,nuclear,2048,3119797.8492589,3119798.0,4.8317585667105374e-08
smr100_eo_p05,nuclear,2049,3096552.8790469,3096553.0,3.906056331883634e-08
smr100_eo_p05,nuclear,2050,3072726.7845796,3072727.0,7.010724183925955e-08
smr100_eo_p05,nuclear-smr,2010,4923134.697565759,4923135.0,6.143123436145418e-08
smr100_eo_p05,nuclear-smr,2011,4923134.697565759,4923135.0,6.143123436145418e-08
smr100_eo_p05,nuclear-smr,2012,4923134.697565759,4923135.0,6.143123436145418e-08
smr100_eo_p05,nuclear-smr,2013,4923134.697565759,4923135.0,6.143123436145418e-08
smr100_eo_p05,nuclear-smr,2014,4923134.697565759,4923135.0,6.143123436145418e-08
smr100_eo_p05,nuclear-smr,2015,4923134.697565759,4923135.0,6.143123436145418e-08
smr100_eo_p05,nuclear-smr,2016,4923134.697565759,4923135.0,6.143123436145418e-08
smr100_eo_p05,nuclear-smr,2017,4923134.697565759,4923135.0,6.143123436145418e-08
smr100_eo_p05,nuclear-smr,2018,4923134.697565759,4923135.0,6.143123436145418e-08
smr100_eo_p05,nuclear-smr,2019,4923134.697565759,4923135.0,6.143123436145418e-08
smr100_eo_p05,nuclear-smr,2020,4971631.312990186,4971631.0,6.295522859606765e-08
smr100_eo_p05,nuclear-smr,2021,5590666.590223329,5590667.0,7.329656745670729e-08
smr100_eo_p05,nuclear-smr,2022,5165548.936000001,5165549.0,1.2389776983529205e-08
smr100_eo_p05,nuclear-smr,2023,5165548.936000001,5165549.0,1.2389776983529205e-08
smr100_eo_p05,nuclear-smr,2024,5165548.936000001,5165549.0,1.2389776983529205e-08
smr100_eo_p05,nuclear-smr,2025,5165548.936000001,5165549.0,1.2389776983529205e-08
smr100_eo_p05,nuclear-smr,2026,5165548.936000001,5165549.0,1.2389776983529205e-08
smr100_eo_p05,nuclear-smr,2027,5165548.936000001,5165549.0,1.2389776983529205e-08
smr100_eo_p05,nuclear-smr,2028,5165548.936000001,5165549.0,1.2389776983529205e-08
smr100_eo_p05,nuclear-smr,2029,5165548.936000001,5165549.0,1.2389776983529205e-08
smr100_eo_p05,nuclear-smr,2030,3763360.6773228003,3763361.0,8.574176843404092e-08
smr100_eo_p05,nuclear-smr,2031,3763360.6773228003,3763361.0,8.574176843404092e-08
smr100_eo_p05,nuclear-smr,2032,2737288.9505481003,2737289.0,1.8066013712168e-08
smr100_eo_p05,nuclear-smr,2033,2348968.8092843,2348969.0,8.119124407633237e-08
smr100_eo_p05,nuclear-smr,2034,2121878.3641854003,2121878.0,1.7163349532855578e-07
smr100_eo_p05,nuclear-smr,2035,1966007.9250416001,1966008.0,3.812721144952429e-08
smr100_eo_p05,nuclear-smr,2036,1849589.3658965002,1849589.0,1.9782580227155224e-07
smr100_eo_p05,nuclear-smr,2037,1757771.7335591002,1757772.0,1.5157878279811586e-07
smr100_eo_p05,nuclear-smr,2038,1682677.565902,1682678.0,2.5798050008885487e-07
smr100_eo_p05,nuclear-smr,2039,1619528.7301594,1619529.0,1.666167416137599e-07
smr100_eo_p05,nuclear-smr,2040,1565419.6050548002,1565420.0,2.522935055616332e-07
smr100_eo_p05,nuclear-smr,2041,1518219.4016521,1518219.0,2.64554714287844e-07
smr100_eo_p05,nuclear-smr,2042,1439509.3497398002,1439509.0,2.429576440545762e-07
smr100_eo_p05,nuclear-smr,2043,1375714.8203802002,1375715.0,1.30564705106618e-07
smr100_eo_p05,nuclear-smr,2044,1322380.527616,1322381.0,3.572224409685165e-07
smr100_eo_p05,nuclear-smr,2045,1276923.6969792,1276924.0,2.3730533054954336e-07
smr100_eo_p05,nuclear-smr,2046,1237407.2476188,1237407.0,2.001109986268974e-07
smr100_eo_p05,nuclear-smr,2047,1202604.3616625,1202604.0,3.007327360531958e-07
smr100_eo_p05,nuclear-smr,2048,1171611.0680465002,1171611.0,5.8079427605028045e-08
smr100_eo_p05,nuclear-smr,2049,1143781.6731538002,1143782.0,2.857592558791528e-07
smr100_eo_p05,nuclear-smr,2050,1117114.5267717,1117115.0,4.236166379089689e-07
smr100_eo_p50,nuclear,2010,4963260.405989432,4963260.0,8.179893831203723e-08
smr100_eo_p50,nuclear,2011,4928944.667456639,4928945.0,6.746745671468671e-08
smr100_eo_p50,nuclear,2012,4894628.928278154,4894629.0,1.4653173363850725e-08
smr100_eo_p50,nuclear,2013,4860313.188453973,4860313.0,3.8774039030784846e-08
smr100_eo_p50,nuclear,2014,4825997.449275487,4825997.0,9.309484553706437e-08
smr100_eo_p50,nuclear,2015,4791681.709451307,4791682.0,6.063605869638847e-08
smr100_eo_p50,nuclear,2016,4757365.970918515,4757366.0,6.1129384226427575e-09
smr100_eo_p50,nuclear,2017,4723050.231094334,4723050.0,4.892904436059442e-08
smr100_eo_p50,nuclear,2018,4688734.491270155,4688734.0,1.0477670587431828e-07
smr100_eo_p50,nuclear,2019,4654418.752091669,4654419.0,5.326300547031606e-08
smr100_eo_p50,nuclear,2020,4630959.284397182,4630959.0,6.141215341992323e-08
smr100_eo_p50,nuclear,2021,5207579.48643807,5207579.0,9.340962950075287e-08
smr100_eo_p50,nuclear,2022,3712738.2977500004,3712738.0,8.01968726308281e-08
smr100_eo_p50,nuclear,2023,3712738.2977500004,3712738.0,8.01968726308281e-08
smr100_eo_p50,nuclear,2024,3712738.2977500004,3712738.0,8.01968726308281e-08
smr100_eo_p50,nuclear,2025,3712738.2977500004,3712738.0,8.01968726308281e-08
smr100_eo_p50,nuclear,2026,3712738.2977500004,3712738.0,8.01968726308281e-08
smr100_eo_p50,nuclear,2027,3712738.2977500004,3712738.0,8.01968726308281e-08
smr100_eo_p50,nuclear,2028,3712738.2977500004,3712738.0,8.01968726308281e-08
smr100_eo_p50,nuclear,2029,3712738.2977500004,3712738.0,8.01968726308281e-08
smr100_eo_p50,nuclear,2030,3711576.0492394003,3711576.0,1.3266439823769651e-08
smr100_eo_p50,nuclear,2031,3711576.0492394003,3711576.0,1.3266439823769651e-08
smr100_eo_p50,nuclear,2032,3592962.1317965,3592962.0,3.668185061388823e-08
smr100_eo_p50,nuclear,2033,3509021.9615865005,3509022.0,1.0947067274725321e-08
smr100_eo_p50,nuclear,2034,3444388.0305248,3444388.0,8.862183875738873e-09
smr100_eo_p50,nuclear,2035,3391957.7088244003,3391958.0,8.584293339451525e-08
smr100_eo_p50,nuclear,2036,3347985.9735067002,3347986.0,7.913205121562858e-09
smr100_eo_p50,nuclear,2037,3310212.8969122004,3310213.0,3.114234728520631e-08
smr100_eo_p50,nuclear,2038,3276959.6756367004,3276960.0,9.898300002195204e-08
smr100_eo_p50,nuclear,2039,3247386.9079781002,3247387.0,2.8337214619365985e-08
smr100_eo_p50,nuclear,2040,3220396.9147875,3220397.0,2.646024763075514e-08
smr100_eo_p50,nuclear,2041,3195860.5573415,3195861.0,1.3850995432128574e-07
smr100_eo_p50,nuclear,2042,3156731.5241513,3156732.0,1.5074094717250727e-07
smr100_eo_p50,nuclear,2043,3122703.4705354003,3122703.0,1.5068206275855407e-07
smr100_eo_p50,nuclear,2044,3092614.1479832004,3092614.0,4.7850521695034664e-08
smr100_eo_p50,nuclear,2045,3065882.4322394,3065882.0,1.4098368407009614e-07
smr100_eo_p50,nuclear,2046,3039925.5488360003,3039926.0,1.4841284514650746e-07
smr100_eo_p50,nuclear,2047,3016551.4399006004,3016551.0,1.4582897361958746e-07
smr100_eo_p50,nuclear,2048,2996018.3828800004,2996018.0,1.2779627874963492e-07
smr100_eo_p50,nuclear,2049,2976647.57437,2976648.0,1.4298971891032044e-07
smr100_eo_p50,nuclear,2050,2956631.0722430004,2956631.0,2.4434228896163524e-08
smr100_eo_p50,nuclear-smr,2010,4923134.697565759,4923135.0,6.143123436145418e-08
smr100_eo_p50,nuclear-smr,2011,4923134.697565759,4923135.0,6.143123436145418e-08
smr100_eo_p50,nuclear-smr,2012,4923134.697565759,4923135.0,6.143123436145418e-08
smr100_eo_p50,nuclear-smr,2013,4923134.697565759,4923135.0,6.143123436145418e-08
smr100_eo_p50,nuclear-smr,2014,4923134.697565759,4923135.0,6.143123436145418e-08
smr100_eo_p50,nuclear-smr,2015,4923134.697565759,4923135.0,6.143123436145418e-08
smr100_eo_p50,nuclear-smr,2016,4923134.697565759,4923135.0,6.143123436145418e-08
smr100_eo_p50,nuclear-smr,2017,4923134.697565759,4923135.0,6.143123436145418e-08
smr100_eo_p50,nuclear-smr,2018,4923134.697565759,4923135.0,6.143123436145418e-08
smr100_eo_p50,nuclear-smr,2019,4923134.697565759,4923135.0,6.143123436145418e-08
smr100_eo_p50,nuclear-smr,2020,4971631.312990186,4971631.0,6.295522859606765e-08
smr100_eo_p50,nuclear-smr,2021,5590666.590223329,5590667.0,7.329656745670729e-08
smr100_eo_p50,nuclear-smr,2022,5165548.936000001,5165549.0,1.2389776983529205e-08
smr100_eo_p50,nuclear-smr,2023,5165548.936000001,5165549.0,1.2389776983529205e-08
smr100_eo_p50,nuclear-smr,2024,5165548.936000001,5165549.0,1.2389776983529205e-08
smr100_eo_p50,nuclear-smr,2025,5165548.936000001,5165549.0,1.2389776983529205e-08
smr100_eo_p50,nuclear-smr,2026,5165548.936000001,5165549.0,1.2389776983529205e-08
smr100_eo_p50,nuclear-smr,2027,5165548.936000001,5165549.0,1.2389776983529205e-08
smr100_eo_p50,nuclear-smr,2028,5165548.936000001,5165549.0,1.2389776983529205e-08
smr100_eo_p50,nuclear-smr,2029,5165548.936000001,5165549.0,1.2389776983529205e-08
smr100_eo_p50,nuclear-smr,2030,4130372.9292256003,4130373.0,1.7135111257059855e-08
smr100_eo_p50,nuclear-smr,2031,4130372.9292256003,4130373.0,1.7135111257059855e-08
smr100_eo_p50,nuclear-smr,2032,3679162.229666,3679162.0,6.242345020294197e-08
smr100_eo_p50,nuclear-smr,2033,3491329.9564807,3491330.0,1.2464963347912272e-08
smr100_eo_p50,nuclear-smr,2034,3373620.0101016,3373620.0,2.9942910150540638e-09
smr100_eo_p50,nuclear-smr,2035,3288582.1607427,3288582.0,4.8879028177797635e-08
smr100_eo_p50,nuclear-smr,2036,3222398.5650002,3222399.0,1.3499255012903682e-07
smr100_eo_p50,nuclear-smr,2037,3168289.4398956,3168289.0,1.3884324914929027e-07
smr100_eo_p50,nuclear-smr,2038,3122703.4705354003,3122703.0,1.5068206275855407e-07
smr100_eo_p50,nuclear-smr,2039,3083445.2986218003,3083445.0,9.684679679446728e-08
smr100_eo_p50,nuclear-smr,2040,3048836.1207506005,3048836.0,3.960547424974903e-08
smr100_eo_p50,nuclear-smr,2041,3017971.9658580003,3017972.0,1.1312894902808207e-08
smr100_eo_p50,nuclear-smr,2042,2966122.7684129,2966123.0,7.807738179584649e-08
smr100_eo_p50,nuclear-smr,2043,2922538.4492654004,2922538.0,1.5372437632988187e-07
smr100_eo_p50,nuclear-smr,2044,2885023.6501177005,2885024.0,1.2127536615926118e-07
smr100_eo_p50,nuclear-smr,2045,2852286.9837358003,2852287.0,5.702161050992094e-09
smr100_eo_p50,nuclear-smr,2046,2822714.2160772,2822714.0,7.654944269822926e-08
smr100_eo_p50,nuclear-smr,2047,2796176.2084185,2796176.0,7.453696927845432e-08
smr100_eo_p50,nuclear-smr,2048,2772414.6833129004,2772415.0,1.1422789727010658e-07
smr100_eo_p50,nuclear-smr,2049,2750525.6696966,2750526.0,1.2008737219312717e-07
smr100_eo_p50,nuclear-smr,2050,2728959.5028888,2728960.0,1.8216144261690365e-07
smr100_eo_p95,nuclear,2010,4963260.405989432,4963260.0,8.179893831203723e-08
smr100_eo_p95,nuclear,2011,4928944.667456639,4928945.0,6.746745671468671e-08
smr100_eo_p95,nuclear,2012,4894628.928278154,4894629.0,1.4653173363850725e-08
smr100_eo_p95,nuclear,2013,4860313.188453973,4860313.0,3.8774039030784846e-08
smr100_eo_p95,nuclear,2014,4825997.449275487,4825997.0,9.309484553706437e-08
smr100_eo_p95,nuclear,2015,4791681.709451307,4791682.0,6.063605869638847e-08
smr100_eo_p95,nuclear,2016,4757365.970918515,4757366.0,6.1129384226427575e-09
smr100_eo_p95,nuclear,2017,4723050.231094334,4723050.0,4.892904436059442e-08
smr100_eo_p95,nuclear,2018,4688734.491270155,4688734.0,1.0477670587431828e-07
smr100_eo_p95,nuclear,2019,4654418.752091669,4654419.0,5.326300547031606e-08
smr100_eo_p95,nuclear,2020,4630959.284397182,4630959.0,6.141215341992323e-08
smr100_eo_p95,nuclear,2021,5207579.48643807,5207579.0,9.340962950075287e-08
smr100_eo_p95,nuclear,2022,3712738.2977500004,3712738.0,8.01968726308281e-08
smr100_eo_p95,nuclear,2023,3712738.2977500004,3712738.0,8.01968726308281e-08
smr100_eo_p95,nuclear,2024,3712738.2977500004,3712738.0,8.01968726308281e-08
smr100_eo_p95,nuclear,2025,3712738.2977500004,3712738.0,8.01968726308281e-08
smr100_eo_p95,nuclear,2026,3712738.2977500004,3712738.0,8.01968726308281e-08
smr100_eo_p95,nuclear,2027,3712738.2977500004,3712738.0,8.01968726308281e-08
smr100_eo_p95,nuclear,2028,3712738.2977500004,3712738.0,8.01968726308281e-08
smr100_eo_p95,nuclear,2029,3712738.2977500004,3712738.0,8.01968726308281e-08
smr100_eo_p95,nuclear,2030,4968224.9666448,4968225.0,6.7137055901903355e-09
smr100_eo_p95,nuclear,2031,4968224.9666448,4968225.0,6.7137055901903355e-09
smr100_eo_p95,nuclear,2032,4919410.5291996,4919411.0,9.570260440469353e-08
smr100_eo_p95,nuclear,2033,4886221.8772858,4886222.0,2.5114332328530003e-08
smr100_eo_p95,nuclear,2034,4861039.826222801,4861040.0,3.5748976672204815e-08
smr100_eo_p95,nuclear,2035,4840765.046649001,4840765.0,9.63670001701973e-09
smr100_eo_p95,nuclear,2036,4823847.8738836,4823848.0,2.6144356735636796e-08
smr100_eo_p95,nuclear,2037,4809255.1981394,4809255.0,4.119960202945009e-08
smr100_eo_p95,nuclear,2038,4796535.0338845,4796535.0,7.0643704078027345e-09
smr100_eo_p95,nuclear,2039,4785170.8262253,4785171.0,3.6315255189664014e-08
smr100_eo_p95,nuclear,2040,4774904.297715001,4774904.0,6.234994090891173e-08
smr100_eo_p95,nuclear,2041,4765670.8789919,4765671.0,2.5391619157238195e-08
smr100_eo_p95,nuclear,2042,4750819.9258009,4750820.0,1.5618167218259613e-08
smr100_eo_p95,nuclear,2043,4737906.053460901,4737906.0,1.1283655705399329e-08
smr100_eo_p95,nuclear,2044,4726412.7070783,4726413.0,6.197548071603002e-08
smr100_eo_p95,nuclear,2045,4716017.0398446005,4716017.0,8.44878212846493e-09
smr100_eo_p95,nuclear,2046,4706525.343674701,4706525.0,7.302089665130057e-08
smr100_eo_p95,nuclear,2047,4697873.0492069,4697873.0,1.0474293344019013e-08
smr100_eo_p95,nuclear,2048,4689866.4483561,4689866.0,9.560103796030854e-08
smr100_eo_p95,nuclear,2049,4682376.4023989,4682376.0,8.59390329924655e-08
smr100_eo_p95,nuclear,2050,4675144.633888501,4675145.0,7.831019742225097e-08
smr100_eo_p95,nuclear-smr,2010,4923134.697565759,4923135.0,6.143123436145418e-08
smr100_eo_p95,nuclear-smr,2011,4923134.697565759,4923135.0,6.143123436145418e-08
smr100_eo_p95,nuclear-smr,2012,4923134.697565759,4923135.0,6.143123436145418e-08
smr100_eo_p95,nuclear-smr,2013,4923134.697565759,4923135.0,6.143123436145418e-08
smr100_eo_p95,nuclear-smr,2014,4923134.697565759,4923135.0,6.143123436145418e-08
smr100_eo_p95,nuclear-smr,2015,4923134.697565759,4923135.0,6.143123436145418e-08
smr100_eo_p95,nuclear-smr,2016,4923134.697565759,4923135.0,6.143123436145418e-08
smr100_eo_p95,nuclear-smr,2017,4923134.697565759,4923135.0,6.143123436145418e-08
smr100_eo_p95,nuclear-smr,2018,4923134.697565759,4923135.0,6.143123436145418e-08
smr100_eo_p95,nuclear-smr,2019,4923134.697565759,4923135.0,6.143123436145418e-08
smr100_eo_p95,nuclear-smr,2020,4971631.312990186,4971631.0,6.295522859606765e-08
smr100_eo_p95,nuclear-smr,2021,5590666.590223329,5590667.0,7.329656745670729e-08
smr100_eo_p95,nuclear-smr,2022,5165548.936000001,5165549.0,1.2389776983529205e-08
smr100_eo_p95,nuclear-smr,2023,5165548.936000001,5165549.0,1.2389776983529205e-08
smr100_eo_p95,nuclear-smr,2024,5165548.936000001,5165549.0,1.2389776983529205e-08
smr100_eo_p95,nuclear-smr,2025,5165548.936000001,5165549.0,1.2389776983529205e-08
smr100_eo_p95,nuclear-smr,2026,5165548.936000001,5165549.0,1.2389776983529205e-08
smr100_eo_p95,nuclear-smr,2027,5165548.936000001,5165549.0,1.2389776983529205e-08
smr100_eo_p95,nuclear-smr,2028,5165548.936000001,5165549.0,1.2389776983529205e-08
smr100_eo_p95,nuclear-smr,2029,5165548.936000001,5165549.0,1.2389776983529205e-08
smr100_eo_p95,nuclear-smr,2030,6392237.6695766,6392238.0,5.169135080484402e-08
smr100_eo_p95,nuclear-smr,2031,6392237.6695766,6392238.0,5.169135080484402e-08
smr100_eo_p95,nuclear-smr,2032,5498210.2874784,5498210.0,5.228581399460521e-08
smr100_eo_p95,nuclear-smr,2033,5186340.270467401,5186340.0,5.2149952846512206e-08
smr100_eo_p95,nuclear-smr,2034,4998378.8585587,4998379.0,2.8297434744836984e-08
smr100_eo_p95,nuclear-smr,2035,4864913.9879248,4864914.0,2.482099329107832e-09
smr100_eo_p95,nuclear-smr,2036,4762054.9947367,4762055.0,1.105258063391453e-09
smr100_eo_p95,nuclear-smr,2037,4678695.948782001,4678696.0,1.0947067274725321e-08
smr100_eo_p95,nuclear-smr,2038,4608767.3300609,4608767.0,7.161587395313816e-08
smr100_eo_p95,nuclear-smr,2039,4548717.823679901,4548718.0,3.876259335189788e-08
smr100_eo_p95,nuclear-smr,2040,4496158.363256101,4496158.0,8.079255026553968e-08
smr100_eo_p95,nuclear-smr,2041,4449474.7147470005,4449475.0,6.410936521763356e-08
smr100_eo_p95,nuclear-smr,2042,4369796.1224092,4369796.0,2.801256554466391e-08
smr100_eo_p95,nuclear-smr,2043,4303289.6798582,4303290.0,7.439466630526556e-08
smr100_eo_p95,nuclear-smr,2044,4246274.9334771,4246275.0,1.5666178252062182e-08
smr100_eo_p95,nuclear-smr,2045,4196427.3862447,4196427.0,9.204131627686888e-08
smr100_eo_p95,nuclear-smr,2046,4152261.9428419005,4152262.0,1.3765533165834818e-08
smr100_eo_p95,nuclear-smr,2047,4112680.9241198003,4112681.0,1.8450300684834085e-08
smr100_eo_p95,nuclear-smr,2048,4076780.3590146005,4076780.0,8.806326779943159e-08
smr100_eo_p95,nuclear-smr,2049,4044043.6926327003,4044044.0,7.600494036287076e-08
smr100_eo_p95,nuclear-smr,2050,4012210.9973146003,4012211.0,6.693067059111713e-10
large100_eia_p50,nuclear,2010,4963260.405989432,4963260.0,8.179893831203723e-08
large100_eia_p50,nuclear,2011,4928944.667456639,4928945.0,6.746745671468671e-08
large100_eia_p50,nuclear,2012,4894628.928278154,4894629.0,1.4653173363850725e-08
large100_eia_p50,nuclear,2013,4860313.188453973,4860313.0,3.8774039030784846e-08
large100_eia_p50,nuclear,2014,4825997.449275487,4825997.0,9.309484553706437e-08
large100_eia_p50,nuclear,2015,4791681.709451307,4791682.0,6.063605869638847e-08
large100_eia_p50,nuclear,2016,4757365.970918515,4757366.0,6.1129384226427575e-09
large100_eia_p50,nuclear,2017,4723050.231094334,4723050.0,4.892904436059442e-08
large100_eia_p50,nuclear,2018,4688734.491270155,4688734.0,1.0477670587431828e-07
large100_eia_p50,nuclear,2019,4654418.752091669,4654419.0,5.326300547031606e-08
large100_eia_p50,nuclear,2020,4630959.284397182,4630959.0,6.141215341992323e-08
large100_eia_p50,nuclear,2021,5207579.48643807,5207579.0,9.340962950075287e-08
large100_eia_p50,nuclear,2022,3712738.2977500004,3712738.0,8.01968726308281e-08
large100_eia_p50,nuclear,2023,3712738.2977500004,3712738.0,8.01968726308281e-08
large100_eia_p50,nuclear,2024,3712738.2977500004,3712738.0,8.01968726308281e-08
large100_eia_p50,nuclear,2025,3712738.2977500004,3712738.0,8.01968726308281e-08
large100_eia_p50,nuclear,2026,3712738.2977500004,3712738.0,8.01968726308281e-08
large100_eia_p50,nuclear,2027,3712738.2977500004,3712738.0,8.01968726308281e-08
large100_eia_p50,nuclear,2028,3712738.2977500004,3712738.0,8.01968726308281e-08
large100_eia_p50,nuclear,2029,3712738.2977500004,3712738.0,8.01968726308281e-08
large100_eia_p50,nuclear,2030,4339965.077303801,4339965.0,1.781207898104154e-08
large100_eia_p50,nuclear,2031,4339965.077303801,4339965.0,1.781207898104154e-08
large100_eia_p50,nuclear,2032,4313814.485815301,4313814.0,1.1261849627601063e-07
large100_eia_p50,nuclear,2033,4289988.391348001,4289988.0,9.122355701593537e-08
large100_eia_p50,nuclear,2034,4268099.3777317,4268099.0,8.850114934028957e-08
large100_eia_p50,nuclear,2035,4247889.1675196,4247889.0,3.943596302170816e-08
large100_eia_p50,nuclear,2036,4229164.0526266005,4229164.0,1.2443735885898212e-08
large100_eia_p50,nuclear,2037,4147677.5181612005,4147678.0,1.1617074795174018e-07
large100_eia_p50,nuclear,2038,4085626.3615675005,4085626.0,8.849744653946456e-08
large100_eia_p50,nuclear,2039,4036101.6611436005,4036102.0,8.395635887648688e-08
large100_eia_p50,nuclear,2040,3994583.5615705005,3994584.0,1.0975599652703318e-07
large100_eia_p50,nuclear,2041,3959134.9819972003,3959135.0,4.547154818914486e-09
large100_eia_p50,nuclear,2042,3951192.9505081004,3951193.0,1.252581186836801e-08
large100_eia_p50,nuclear,2043,3943186.3496573004,3943186.0,8.867379560299423e-08
large100_eia_p50,nuclear,2044,3935308.8875299003,3935309.0,2.8579738698242886e-08
large100_eia_p50,nuclear,2045,3927754.2722110003,3927754.0,6.930448838136285e-08
large100_eia_p50,nuclear,2046,3919941.3794453004,3919941.0,9.679871806940241e-08
large100_eia_p50,nuclear,2047,3912128.4866796006,3912128.0,1.2440276494210734e-07
large100_eia_p50,nuclear,2048,3904703.0100841005,3904703.0,2.5825525032849045e-09
large100_eia_p50,nuclear,2049,3894759.3283823,3894759.0,8.431388759247773e-08
large100_eia_p50,nuclear,2050,3878487.8492339,3878488.0,3.887239193824723e-08
large100_eia_p50,nuclear-smr,2010,4923134.697565759,4923135.0,6.143123436145418e-08
large100_eia_p50,nuclear-smr,2011,4923134.697565759,4923135.0,6.143123436145418e-08
large100_eia_p50,nuclear-smr,2012,4923134.697565759,4923135.0,6.143123436145418e-08
large100_eia_p50,nuclear-smr,2013,4923134.697565759,4923135.0,6.143123436145418e-08
large100_eia_p50,nuclear-smr,2014,4923134.697565759,4923135.0,6.143123436145418e-08
large100_eia_p50,nuclear-smr,2015,4923134.697565759,4923135.0,6.143123436145418e-08
large100_eia_p50,nuclear-smr,2016,4923134.697565759,4923135.0,6.143123436145418e-08
large100_eia_p50,nuclear-smr,2017,4923134.697565759,4923135.0,6.143123436145418e-08
large100_eia_p50,nuclear-smr,2018,4923134.697565759,4923135.0,6.143123436145418e-08
large100_eia_p50,nuclear-smr,2019,4923134.697565759,4923135.0,6.143123436145418e-08
large100_eia_p50,nuclear-smr,2020,4971631.312990186,4971631.0,6.295522859606765e-08
large100_eia_p50,nuclear-smr,2021,5590666.590223329,5590667.0,7.329656745670729e-08
large100_eia_p50,nuclear-smr,2022,5165548.936000001,5165549.0,1.2389776983529205e-08
large100_eia_p50,nuclear-smr,2023,5165548.936000001,5165549.0,1.2389776983529205e-08
large100_eia_p50,nuclear-smr,2024,5165548.936000001,5165549.0,1.2389776983529205e-08
large100_eia_p50,nuclear-smr,2025,5165548.936000001,5165549.0,1.2389776983529205e-08
large100_eia_p50,nuclear-smr,2026,5165548.936000001,5165549.0,1.2389776983529205e-08
large100_eia_p50,nuclear-smr,2027,5165548.936000001,5165549.0,1.2389776983529205e-08
large100_eia_p50,nuclear-smr,2028,5165548.936000001,5165549.0,1.2389776983529205e-08
large100_eia_p50,nuclear-smr,2029,5165548.936000001,5165549.0,1.2389776983529205e-08
large100_eia_p50,nuclear-smr,2030,5261434.4381245,5261434.0,8.327092266709459e-08
large100_eia_p50,nuclear-smr,2031,5261434.4381245,5261434.0,8.327092266709459e-08
large100_eia_p50,nuclear-smr,2032,5228116.6474873,5228117.0,6.74263264040412e-08
large100_eia_p50,nuclear-smr,2033,5197833.616850001,5197834.0,7.371340205114999e-08
large100_eia_p50,nuclear-smr,2034,5170004.221957301,5170004.0,4.2931744590650243e-08
large100_eia_p50,nuclear-smr,2035,5144305.616000701,5144306.0,7.464550668677484e-08
large100_eia_p50,nuclear-smr,2036,5120479.521533401,5120480.0,9.344175623322598e-08
large100_eia_p50,nuclear-smr,2037,5081350.488343201,5081350.0,9.610500235451531e-08
large100_eia_p50,nuclear-smr,2038,5045901.9087699,5045902.0,1.8080038349973893e-08
large100_eia_p50,nuclear-smr,2039,5014392.0602603005,5014392.0,1.2017468877653863e-08
large100_eia_p50,nuclear-smr,2040,4985206.7087719,4985207.0,5.84184602042077e-08
large100_eia_p50,nuclear-smr,2041,4958604.1317515,4958604.0,2.6570279975860308e-08
large100_eia_p50,nuclear-smr,2042,4942074.3751563,4942074.0,7.591069491554194e-08
large100_eia_p50,nuclear-smr,2043,4925738.3266462,4925738.0,6.631416017659707e-08
large100_eia_p50,nuclear-smr,2044,4909789.6943063,4909790.0,6.226207618073612e-08
large100_eia_p50,nuclear-smr,2045,4894745.033030201,4894745.0,6.7480942371348845e-09
large100_eia_p50,nuclear-smr,2046,4879571.2330307,4879571.0,4.7756388624347415e-08
large100_eia_p50,nuclear-smr,2047,4864397.4330312,4864397.0,8.902052235510869e-08
large100_eia_p50,nuclear-smr,2048,4850256.7428189,4850257.0,5.302422392314868e-08
large100_eia_p50,nuclear-smr,2049,4831467.0585642,4831467.0,1.212141143800615e-08
large100_eia_p50,nuclear-smr,2050,4811450.5564372,4811451.0,9.218899682368012e-08
large100_aj_p50,nuclear,2010,4963260.405989432,4963260.0,8.179893831203723e-08
large100_aj_p50,nuclear,2011,4928944.667456639,4928945.0,6.746745671468671e-08
large100_aj_p50,nuclear,2012,4894628.928278154,4894629.0,1.4653173363850725e-08
large100_aj_p50,nuclear,2013,4860313.188453973,4860313.0,3.8774039030784846e-08
large100_aj_p50,nuclear,2014,4825997.449275487,4825997.0,9.309484553706437e-08
large100_aj_p50,nuclear,2015,4791681.709451307,4791682.0,6.063605869638847e-08
large100_aj_p50,nuclear,2016,4757365.970918515,4757366.0,6.1129384226427575e-09
large100_aj_p50,nuclear,2017,4723050.231094334,4723050.0,4.892904436059442e-08
large100_aj_p50,nuclear,2018,4688734.491270155,4688734.0,1.0477670587431828e-07
large100_aj_p50,nuclear,2019,4654418.752091669,4654419.0,5.326300547031606e-08
large100_aj_p50,nuclear,2020,4630959.284397182,4630959.0,6.141215341992323e-08
large100_aj_p50,nuclear,2021,5207579.48643807,5207579.0,9.340962950075287e-08
large100_aj_p50,nuclear,2022,3712738.2977500004,3712738.0,8.01968726308281e-08
large100_aj_p50,nuclear,2023,3712738.2977500004,3712738.0,8.01968726308281e-08
large100_aj_p50,nuclear,2024,3712738.2977500004,3712738.0,8.01968726308281e-08
large100_aj_p50,nuclear,2025,3712738.2977500004,3712738.0,8.01968726308281e-08
large100_aj_p50,nuclear,2026,3712738.2977500004,3712738.0,8.01968726308281e-08
large100_aj_p50,nuclear,2027,3712738.2977500004,3712738.0,8.01968726308281e-08
large100_aj_p50,nuclear,2028,3712738.2977500004,3712738.0,8.01968726308281e-08
large100_aj_p50,nuclear,2029,3712738.2977500004,3712738.0,8.01968726308281e-08
large100_aj_p50,nuclear,2030,4471751.1445335,4471751.0,3.232145425892617e-08
large100_aj_p50,nuclear,2031,4471751.1445335,4471751.0,3.232145425892617e-08
large100_aj_p50,nuclear,2032,4420095.6551735,4420096.0,7.801335691183791e-08
large100_aj_p50,nuclear,2033,4372895.4517708,4372895.0,1.0331159414819485e-07
large100_aj_p50,nuclear,2034,4329246.5632616,4329247.0,1.0088092544669113e-07
large100_aj_p50,nuclear,2035,4288697.004114,4288697.0,9.592657449973862e-10
large100_aj_p50,nuclear,2036,4250794.788796101,4250795.0,4.968574342643107e-08
large100_aj_p50,nuclear,2037,4176475.4534794004,4176475.0,1.0857944825043295e-07
large100_aj_p50,nuclear,2038,4108935.9011412,4108936.0,2.4059465069269865e-08
large100_aj_p50,nuclear,2039,4047530.4381645005,4047530.0,1.0825477589696271e-07
large100_aj_p50,nuclear,2040,3990967.6773153003,3990968.0,8.085374920564337e-08
large100_aj_p50,nuclear,2041,3938731.0637000003,3938731.0,1.6172721432264662e-08
large100_aj_p50,nuclear,2042,3867769.3351917,3867769.0,8.666279477735806e-08
large100_aj_p50,nuclear,2043,3803329.1122151003,3803329.0,2.9504441243730136e-08
large100_aj_p50,nuclear,2044,3744441.8543447005,3744442.0,3.889906832653284e-08
large100_aj_p50,nuclear,2045,3690461.8679635003,3690462.0,3.5777771022452e-08
large100_aj_p50,nuclear,2046,3640356.0432843002,3640356.0,1.189012825515253e-08
large100_aj_p50,nuclear,2047,3555834.748819,3555835.0,7.063910942310982e-08
large100_aj_p50,nuclear,2048,3481709.1215874003,3481709.0,3.492175712519254e-08
large100_aj_p50,nuclear,2049,3413782.1530790003,3413782.0,4.4841467157941586e-08
large100_aj_p50,nuclear,2050,3335136.6705284,3335137.0,9.878803549124065e-08
large100_aj_p50,nuclear-smr,2010,4923134.697565759,4923135.0,6.143123436145418e-08
large100_aj_p50,nuclear-smr,2011,4923134.697565759,4923135.0,6.143123436145418e-08
large100_aj_p50,nuclear-smr,2012,4923134.697565759,4923135.0,6.143123436145418e-08
large100_aj_p50,nuclear-smr,2013,4923134.697565759,4923135.0,6.143123436145418e-08
large100_aj_p50,nuclear-smr,2014,4923134.697565759,4923135.0,6.143123436145418e-08
large100_aj_p50,nuclear-smr,2015,4923134.697565759,4923135.0,6.143123436145418e-08
large100_aj_p50,nuclear-smr,2016,4923134.697565759,4923135.0,6.143123436145418e-08
large100_aj_p50,nuclear-smr,2017,4923134.697565759,4923135.0,6.143123436145418e-08
large100_aj_p50,nuclear-smr,2018,4923134.697565759,4923135.0,6.143123436145418e-08
large100_aj_p50,nuclear-smr,2019,4923134.697565759,4923135.0,6.143123436145418e-08
large100_aj_p50,nuclear-smr,2020,4971631.312990186,4971631.0,6.295522859606765e-08
large100_aj_p50,nuclear-smr,2021,5590666.590223329,5590667.0,7.329656745670729e-08
large100_aj_p50,nuclear-smr,2022,5165548.936000001,5165549.0,1.2389776983529205e-08
large100_aj_p50,nuclear-smr,2023,5165548.936000001,5165549.0,1.2389776983529205e-08
large100_aj_p50,nuclear-smr,2024,5165548.936000001,5165549.0,1.2389776983529205e-08
large100_aj_p50,nuclear-smr,2025,5165548.936000001,5165549.0,1.2389776983529205e-08
large100_aj_p50,nuclear-smr,2026,5165548.936000001,5165549.0,1.2389776983529205e-08
large100_aj_p50,nuclear-smr,2027,5165548.936000001,5165549.0,1.2389776983529205e-08
large100_aj_p50,nuclear-smr,2028,5165548.936000001,5165549.0,1.2389776983529205e-08
large100_aj_p50,nuclear-smr,2029,5165548.936000001,5165549.0,1.2389776983529205e-08
large100_aj_p50,nuclear-smr,2030,5498662.2730103005,5498662.0,4.96503125519139e-08
large100_aj_p50,nuclear-smr,2031,5498662.2730103005,5498662.0,4.96503125519139e-08
large100_aj_p50,nuclear-smr,2032,5462955.415990201,5462955.0,7.614746399127153e-08
large100_aj_p50,nuclear-smr,2033,5430541.5964168,5430542.0,7.431730197654653e-08
large100_aj_p50,nuclear-smr,2034,5400968.828758201,5400969.0,3.1705755911356845e-08
large100_aj_p50,nuclear-smr,2035,5373720.5581208,5373721.0,8.222965728093287e-08
large100_aj_p50,nuclear-smr,2036,5348473.9376961,5348474.0,1.1648911542458467e-08
large100_aj_p50,nuclear-smr,2037,5324389.565782,5324390.0,8.155263515649739e-08
large100_aj_p50,nuclear-smr,2038,5301467.4423785005,5301467.0,8.344453781611958e-08
large100_aj_p50,nuclear-smr,2039,5280482.399826,5280482.0,7.571770345409463e-08
large100_aj_p50,nuclear-smr,2040,5260207.6202522,5260208.0,7.219254961260894e-08
large100_aj_p50,nuclear-smr,2041,5241224.227912401,5241224.0,4.3484573629841035e-08
large100_aj_p50,nuclear-smr,2042,5220174.6159982,5220175.0,7.356110247390218e-08
large100_aj_p50,nuclear-smr,2043,5199512.420254201,5199512.0,8.082569416699253e-08
large100_aj_p50,nuclear-smr,2044,5179625.0568506,5179625.0,1.0975813776551127e-08
large100_aj_p50,nuclear-smr,2045,5161029.080681001,5161029.0,1.563273517256517e-08
large100_aj_p50,nuclear-smr,2046,5142497.6738731,5142498.0,6.341799651697312e-08
large100_aj_p50,nuclear-smr,2047,5123385.1428099,5123385.0,2.7874129403602342e-08
large100_aj_p50,nuclear-smr,2048,5105757.7070658,5105758.0,5.7373306099061183e-08
large100_aj_p50,nuclear-smr,2049,5082900.153024,5082900.0,3.0105647466762285e-08
large100_aj_p50,nuclear-smr,2050,5061527.694301301,5061528.0,6.039652804074434e-08
large100_iaea_p50,nuclear,2010,4963260.405989432,4963260.0,8.179893831203723e-08
large100_iaea_p50,nuclear,2011,4928944.667456639,4928945.0,6.746745671468671e-08
large100_iaea_p50,nuclear,2012,4894628.928278154,4894629.0,1.4653173363850725e-08
large100_iaea_p50,nuclear,2013,4860313.188453973,4860313.0,3.8774039030784846e-08
large100_iaea_p50,nuclear,2014,4825997.449275487,4825997.0,9.309484553706437e-08
large100_iaea_p50,nuclear,2015,4791681.709451307,4791682.0,6.063605869638847e-08
large100_iaea_p50,nuclear,2016,4757365.970918515,4757366.0,6.1129384226427575e-09
large100_iaea_p50,nuclear,2017,4723050.231094334,4723050.0,4.892904436059442e-08
large100_iaea_p50,nuclear,2018,4688734.491270155,4688734.0,1.0477670587431828e-07
large100_iaea_p50,nuclear,2019,4654418.752091669,4654419.0,5.326300547031606e-08
large100_iaea_p50,nuclear,2020,4630959.284397182,4630959.0,6.141215341992323e-08
large100_iaea_p50,nuclear,2021,5207579.48643807,5207579.0,9.340962950075287e-08
large100_iaea_p50,nuclear,2022,3712738.2977500004,3712738.0,8.01968726308281e-08
large100_iaea_p50,nuclear,2023,3712738.2977500004,3712738.0,8.01968726308281e-08
large100_iaea_p50,nuclear,2024,3712738.2977500004,3712738.0,8.01968726308281e-08
large100_iaea_p50,nuclear,2025,3712738.2977500004,3712738.0,8.01968726308281e-08
large100_iaea_p50,nuclear,2026,3712738.2977500004,3712738.0,8.01968726308281e-08
large100_iaea_p50,nuclear,2027,3712738.2977500004,3712738.0,8.01968726308281e-08
large100_iaea_p50,nuclear,2028,3712738.2977500004,3712738.0,8.01968726308281e-08
large100_iaea_p50,nuclear,2029,3712738.2977500004,3712738.0,8.01968726308281e-08
large100_iaea_p50,nuclear,2030,4548846.9624033,4548847.0,8.2651054415452e-09
large100_iaea_p50,nuclear,2031,4548846.9624033,4548847.0,8.2651054415452e-09
large100_iaea_p50,nuclear,2032,4301675.4458157,4301675.0,1.0363768855225326e-07
large100_iaea_p50,nuclear,2033,4111066.6900773,4111067.0,7.538741722788679e-08
large100_iaea_p50,nuclear,2034,3957197.9011462005,3957198.0,2.498075708719029e-08
large100_iaea_p50,nuclear,2035,3829027.7181717004,3829028.0,7.360309728052892e-08
large100_iaea_p50,nuclear,2036,3719453.5113668004,3719454.0,1.3137230996479242e-07
large100_iaea_p50,nuclear,2037,3624407.4109444004,3624407.0,1.1338250747261919e-07
large100_iaea_p50,nuclear,2038,3540531.8100961004,3540532.0,5.3637111526604034e-08
large100_iaea_p50,nuclear,2039,3465760.4892475004,3465760.0,1.41165987075183e-07
large100_iaea_p50,nuclear,2040,3398285.5062710005,3398286.0,1.45287674800435e-07
large100_iaea_p50,nuclear,2041,3336815.4739326,3336815.0,1.420314080346618e-07
large100_iaea_p50,nuclear,2042,3274118.6237219004,3274119.0,1.1492500512281731e-07
large100_iaea_p50,nuclear,2043,3217103.8773408,3217104.0,3.8127211475841655e-08
large100_iaea_p50,nuclear,2044,3164544.4169170004,3164544.0,1.3174629441217995e-07
large100_iaea_p50,nuclear,2045,3115988.2569186003,3115988.0,8.245172289217987e-08
large100_iaea_p50,nuclear,2046,3071112.5505371,3071113.0,1.4635181633431838e-07
large100_iaea_p50,nuclear,2047,3027980.2169215004,3027980.0,7.163900846635125e-08
large100_iaea_p50,nuclear,2048,2987947.2126675,2987947.0,7.117511957137216e-08
large100_iaea_p50,nuclear,2049,2951013.5377751,2951014.0,1.5663259211602022e-07
large100_iaea_p50,nuclear,2050,2906525.2475638003,2906525.0,8.517517627495482e-08
large100_iaea_p50,nuclear-smr,2010,4923134.697565759,4923135.0,6.143123436145418e-08
large100_iaea_p50,nuclear-smr,2011,4923134.697565759,4923135.0,6.143123436145418e-08
large100_iaea_p50,nuclear-smr,2012,4923134.697565759,4923135.0,6.143123436145418e-08
large100_iaea_p50,nuclear-smr,2013,4923134.697565759,4923135.0,6.143123436145418e-08
large100_iaea_p50,nuclear-smr,2014,4923134.697565759,4923135.0,6.143123436145418e-08
large100_iaea_p50,nuclear-smr,2015,4923134.697565759,4923135.0,6.143123436145418e-08
large100_iaea_p50,nuclear-smr,2016,4923134.697565759,4923135.0,6.143123436145418e-08
large100_iaea_p50,nuclear-smr,2017,4923134.697565759,4923135.0,6.143123436145418e-08
large100_iaea_p50,nuclear-smr,2018,4923134.697565759,4923135.0,6.143123436145418e-08
large100_iaea_p50,nuclear-smr,2019,4923134.697565759,4923135.0,6.143123436145418e-08
large100_iaea_p50,nuclear-smr,2020,4971631.312990186,4971631.0,6.295522859606765e-08
large100_iaea_p50,nuclear-smr,2021,5590666.590223329,5590667.0,7.329656745670729e-08
large100_iaea_p50,nuclear-smr,2022,5165548.936000001,5165549.0,1.2389776983529205e-08
large100_iaea_p50,nuclear-smr,2023,5165548.936000001,5165549.0,1.2389776983529205e-08
large100_iaea_p50,nuclear-smr,2024,5165548.936000001,5165549.0,1.2389776983529205e-08
large100_iaea_p50,nuclear-smr,2025,5165548.936000001,5165549.0,1.2389776983529205e-08
large100_iaea_p50,nuclear-smr,2026,5165548.936000001,5165549.0,1.2389776983529205e-08
large100_iaea_p50,nuclear-smr,2027,5165548.936000001,5165549.0,1.2389776983529205e-08
large100_iaea_p50,nuclear-smr,2028,5165548.936000001,5165549.0,1.2389776983529205e-08
large100_iaea_p50,nuclear-smr,2029,5165548.936000001,5165549.0,1.2389776983529205e-08
large100_iaea_p50,nuclear-smr,2030,5637421.8313036,5637422.0,2.9924388280008884e-08
large100_iaea_p50,nuclear-smr,2031,5637421.8313036,5637422.0,2.9924388280008884e-08
large100_iaea_p50,nuclear-smr,2032,5586864.021092501,5586864.0,3.775373887390461e-09
large100_iaea_p50,nuclear-smr,2033,5541859.1759876,5541859.0,3.175605780663446e-08
large100_iaea_p50,nuclear-smr,2034,5501309.61684,5501310.0,6.964887025496009e-08
large100_iaea_p50,nuclear-smr,2035,5464505.080671,5464505.0,1.4762727658491177e-08
large100_iaea_p50,nuclear-smr,2036,5430283.31897,5430283.0,5.873910837341691e-08
large100_iaea_p50,nuclear-smr,2037,5399290.025354001,5399290.0,4.6958027112260795e-09
large100_iaea_p50,nuclear-smr,2038,5370040.104503901,5370040.0,1.946054381537534e-08
large100_iaea_p50,nuclear-smr,2039,5342920.972589901,5342921.0,5.130171197268172e-09
large100_iaea_p50,nuclear-smr,2040,5317028.6585482005,5317029.0,6.421853659713784e-08
large100_iaea_p50,nuclear-smr,2041,5291846.6074852,5291847.0,7.417350290659133e-08
large100_iaea_p50,nuclear-smr,2042,5266341.7096137,5266342.0,5.5140041344561356e-08
large100_iaea_p50,nuclear-smr,2043,5242451.045784701,5242451.0,8.733453161896815e-09
large100_iaea_p50,nuclear-smr,2044,5219076.936849301,5219077.0,1.2099974768435479e-08
large100_iaea_p50,nuclear-smr,2045,5196219.382807501,5196219.0,7.367038849956905e-08
large100_iaea_p50,nuclear-smr,2046,5175040.6321699,5175041.0,7.107772202819151e-08
large100_iaea_p50,nuclear-smr,2047,5148954.6100431,5148955.0,7.573515974640755e-08
large100_iaea_p50,nuclear-smr,2048,5124870.238129,5124870.0,4.646537163181058e-08
large100_iaea_p50,nuclear-smr,2049,5104982.8747254005,5104983.0,2.453967086746425e-08
large100_iaea_p50,nuclear-smr,2050,5082448.1674921,5082448.0,3.29550040684984e-08
large100_mck_p50,nuclear,2010,4963260.405989432,4963260.0,8.179893831203723e-08
large100_mck_p50,nuclear,2011,4928944.667456639,4928945.0,6.746745671468671e-08
large100_mck_p50,nuclear,2012,4894628.928278154,4894629.0,1.4653173363850725e-08
large100_mck_p50,nuclear,2013,4860313.188453973,4860313.0,3.8774039030784846e-08
large100_mck_p50,nuclear,2014,4825997.449275487,4825997.0,9.309484553706437e-08
large100_mck_p50,nuclear,2015,4791681.709451307,4791682.0,6.063605869638847e-08
large100_mck_p50,nuclear,2016,4757365.970918515,4757366.0,6.1129384226427575e-09
large100_mck_p50,nuclear,2017,4723050.231094334,4723050.0,4.892904436059442e-08
large100_mck_p50,nuclear,2018,4688734.491270155,4688734.0,1.0477670587431828e-07
large100_mck_p50,nuclear,2019,4654418.752091669,4654419.0,5.326300547031606e-08
large100_mck_p50,nuclear,2020,4630959.284397182,4630959.0,6.141215341992323e-08
large100_mck_p50,nuclear,2021,5207579.48643807,5207579.0,9.340962950075287e-08
large100_mck_p50,nuclear,2022,3712738.2977500004,3712738.0,8.01968726308281e-08
large100_mck_p50,nuclear,2023,3712738.2977500004,3712738.0,8.01968726308281e-08
large100_mck_p50,nuclear,2024,3712738.2977500004,3712738.0,8.01968726308281e-08
large100_mck_p50,nuclear,2025,3712738.2977500004,3712738.0,8.01968726308281e-08
large100_mck_p50,nuclear,2026,3712738.2977500004,3712738.0,8.01968726308281e-08
large100_mck_p50,nuclear,2027,3712738.2977500004,3712738.0,8.01968726308281e-08
large100_mck_p50,nuclear,2028,3712738.2977500004,3712738.0,8.01968726308281e-08
large100_mck_p50,nuclear,2029,3712738.2977500004,3712738.0,8.01968726308281e-08
large100_mck_p50,nuclear,2030,4651189.4006978,4651189.0,8.61495341967159e-08
large100_mck_p50,nuclear,2031,4651189.4006978,4651189.0,8.61495341967159e-08
large100_mck_p50,nuclear,2032,4385228.1998555,4385228.0,4.557470918103259e-08
large100_mck_p50,nuclear,2033,4203207.1692232005,4203207.0,4.0260494835682365e-08
large100_mck_p50,nuclear,2034,4066126.4143341,4066126.0,1.0189897164653346e-07
large100_mck_p50,nuclear,2035,3956939.6236994,3956940.0,9.509889856239038e-08
large100_mck_p50,nuclear,2036,3866413.3785960004,3866413.0,9.791917296511165e-08
large100_mck_p50,nuclear,2037,3789704.9768964,3789705.0,6.096411209603773e-09
large100_mck_p50,nuclear,2038,3722940.2568986,3722940.0,6.900422311811655e-08
large100_mck_p50,nuclear,2039,3664246.7071133005,3664247.0,7.99309443278699e-08
large100_mck_p50,nuclear,2040,3611687.2466895003,3611687.0,6.830311802698106e-08
large100_mck_p50,nuclear,2041,3564164.1964783003,3564164.0,5.512605184025471e-08
large100_mck_p50,nuclear,2042,3489328.3062680005,3489328.0,8.777276702780594e-08
large100_mck_p50,nuclear,2043,3424952.6526531004,3424953.0,1.0141655514456265e-07
large100_mck_p50,nuclear,2044,3368389.8918039002,3368390.0,3.212101426194454e-08
large100_mck_p50,nuclear,2045,3318090.3590396005,3318090.0,1.0820669771537474e-07
large100_mck_p50,nuclear,2046,3273020.944573,3273021.0,1.693450817003498e-08
large100_mck_p50,nuclear,2047,3231050.8594680005,3231051.0,4.3494208428468274e-08
large100_mck_p50,nuclear,2048,3192954.9360650005,3192955.0,2.002377133355035e-08
large100_mck_p50,nuclear,2049,3158410.3275555004,3158410.0,1.0370897586637857e-07
large100_mck_p50,nuclear,2050,3121089.2364929,3121089.0,7.57725531883793e-08
large100_mck_p50,nuclear-smr,2010,4923134.697565759,4923135.0,6.143123436145418e-08
large100_mck_p50,nuclear-smr,2011,4923134.697565759,4923135.0,6.143123436145418e-08
large100_mck_p50,nuclear-smr,2012,4923134.697565759,4923135.0,6.143123436145418e-08
large100_mck_p50,nuclear-smr,2013,4923134.697565759,4923135.0,6.143123436145418e-08
large100_mck_p50,nuclear-smr,2014,4923134.697565759,4923135.0,6.143123436145418e-08
large100_mck_p50,nuclear-smr,2015,4923134.697565759,4923135.0,6.143123436145418e-08
large100_mck_p50,nuclear-smr,2016,4923134.697565759,4923135.0,6.143123436145418e-08
large100_mck_p50,nuclear-smr,2017,4923134.697565759,4923135.0,6.143123436145418e-08
large100_mck_p50,nuclear-smr,2018,4923134.697565759,4923135.0,6.143123436145418e-08
large100_mck_p50,nuclear-smr,2019,4923134.697565759,4923135.0,6.143123436145418e-08
large100_mck_p50,nuclear-smr,2020,4971631.312990186,4971631.0,6.295522859606765e-08
large100_mck_p50,nuclear-smr,2021,5590666.590223329,5590667.0,7.329656745670729e-08
large100_mck_p50,nuclear-smr,2022,5165548.936000001,5165549.0,1.2389776983529205e-08
large100_mck_p50,nuclear-smr,2023,5165548.936000001,5165549.0,1.2389776983529205e-08
large100_mck_p50,nuclear-smr,2024,5165548.936000001,5165549.0,1.2389776983529205e-08
large100_mck_p50,nuclear-smr,2025,5165548.936000001,5165549.0,1.2389776983529205e-08
large100_mck_p50,nuclear-smr,2026,5165548.936000001,5165549.0,1.2389776983529205e-08
large100_mck_p50,nuclear-smr,2027,5165548.936000001,5165549.0,1.2389776983529205e-08
large100_mck_p50,nuclear-smr,2028,5165548.936000001,5165549.0,1.2389776983529205e-08
large100_mck_p50,nuclear-smr,2029,5165548.936000001,5165549.0,1.2389776983529205e-08
large100_mck_p50,nuclear-smr,2030,5821702.789595401,5821703.0,3.61414188751592e-08
large100_mck_p50,nuclear-smr,2031,5821702.789595401,5821703.0,3.61414188751592e-08
large100_mck_p50,nuclear-smr,2032,5734469.581938701,5734470.0,7.290322030240717e-08
large100_mck_p50,nuclear-smr,2033,5654726.420239201,5654726.0,7.43164513337821e-08
large100_mck_p50,nuclear-smr,2034,5581311.0559863,5581311.0,1.0031030263179508e-08
large100_mck_p50,nuclear-smr,2035,5513319.5181162,5513320.0,8.740356840807158e-08
large100_mck_p50,nuclear-smr,2036,5449266.711309801,5449267.0,5.2977806820322475e-08
large100_mck_p50,nuclear-smr,2037,5390314.884077701,5390315.0,2.1505663714772408e-08
large100_mck_p50,nuclear-smr,2038,5334333.2474838,5334333.0,4.6394514306374295e-08
large100_mck_p50,nuclear-smr,2039,5281838.356421701,5281838.0,6.748061501076145e-08
large100_mck_p50,nuclear-smr,2040,5231538.8236574,5231539.0,3.370759655415392e-08
large100_mck_p50,nuclear-smr,2041,5182659.8168505,5182660.0,3.533890054354031e-08
large100_mck_p50,nuclear-smr,2042,5114603.709618701,5114604.0,5.6774936205845844e-08
large100_mck_p50,nuclear-smr,2043,5051519.4432378,5051519.0,8.774346117670566e-08
large100_mck_p50,nuclear-smr,2044,4991792.7836653,4991793.0,4.333807692518879e-08
large100_mck_p50,nuclear-smr,2045,4934971.7453693,4934972.0,5.1597195058450416e-08
large100_mck_p50,nuclear-smr,2046,4882476.854307201,4882477.0,2.9839936488756547e-08
large100_mck_p50,nuclear-smr,2047,4824493.567500601,4824494.0,8.964659054002237e-08
large100_mck_p50,nuclear-smr,2048,4770965.5666513005,4770966.0,9.083039762473246e-08
large100_mck_p50,nuclear-smr,2049,4724798.4730358,4724798.0,1.0011766702227175e-07
large100_mck_p50,nuclear-smr,2050,4674046.9547396,4674047.0,9.683342939913484e-09
large100_cop28_p50,nuclear,2010,4963260.405989432,4963260.0,8.179893831203723e-08
large100_cop28_p50,nuclear,2011,4928944.667456639,4928945.0,6.746745671468671e-08
large100_cop28_p50,nuclear,2012,4894628.928278154,4894629.0,1.4653173363850725e-08
large100_cop28_p50,nuclear,2013,4860313.188453973,4860313.0,3.8774039030784846e-08
large100_cop28_p50,nuclear,2014,4825997.449275487,4825997.0,9.309484553706437e-08
large100_cop28_p50,nuclear,2015,4791681.709451307,4791682.0,6.063605869638847e-08
large100_cop28_p50,nuclear,2016,4757365.970918515,4757366.0,6.1129384226427575e-09
large100_cop28_p50,nuclear,2017,4723050.231094334,4723050.0,4.892904436059442e-08
large100_cop28_p50,nuclear,2018,4688734.491270155,4688734.0,1.0477670587431828e-07
large100_cop28_p50,nuclear,2019,4654418.752091669,4654419.0,5.326300547031606e-08
large100_cop28_p50,nuclear,2020,4630959.284397182,4630959.0,6.141215341992323e-08
large100_cop28_p50,nuclear,2021,5207579.48643807,5207579.0,9.340962950075287e-08
large100_cop28_p50,nuclear,2022,3712738.2977500004,3712738.0,8.01968726308281e-08
large100_cop28_p50,nuclear,2023,3712738.2977500004,3712738.0,8.01968726308281e-08
large100_cop28_p50,nuclear,2024,3712738.2977500004,3712738.0,8.01968726308281e-08
large100_cop28_p50,nuclear,2025,3712738.2977500004,3712738.0,8.01968726308281e-08
large100_cop28_p50,nuclear,2026,3712738.2977500004,3712738.0,8.01968726308281e-08
large100_cop28_p50,nuclear,2027,3712738.2977500004,3712738.0,8.01968726308281e-08
large100_cop28_p50,nuclear,2028,3712738.2977500004,3712738.0,8.01968726308281e-08
large100_cop28_p50,nuclear,2029,3712738.2977500004,3712738.0,8.01968726308281e-08
large100_cop28_p50,nuclear,2030,3943702.9045509,3943703.0,2.4202913376844204e-08
large100_cop28_p50,nuclear,2031,3943702.9045509,3943703.0,2.4202913376844204e-08
large100_cop28_p50,nuclear,2032,3927237.7173174005,3927238.0,7.198000728433501e-08
large100_cop28_p50,nuclear,2033,3911547.3624243005,3911547.0,9.265496923275483e-08
large100_cop28_p50,nuclear,2034,3896567.2705099005,3896567.0,6.942261784429906e-08
large100_cop28_p50,nuclear,2035,3882297.4415742005,3882297.0,1.1374043518497241e-07
large100_cop28_p50,nuclear,2036,3868673.3062555003,3868673.0,7.916292642306853e-08
large100_cop28_p50,nuclear,2037,3862862.0637025004,3862862.0,1.6491010907135826e-08
large100_cop28_p50,nuclear,2038,3857244.5292346003,3857245.0,1.220470717318022e-07
large100_cop28_p50,nuclear,2039,3851626.9947667005,3851627.0,1.3587243676301187e-09
large100_cop28_p50,nuclear,2040,3846203.1683839005,3846203.0,4.377925272537379e-08
large100_cop28_p50,nuclear,2041,3840843.9113628003,3840844.0,2.307753237674662e-08
large100_cop28_p50,nuclear,2042,3815790.9990232005,3815791.0,2.559887378122359e-10
large100_cop28_p50,nuclear,2043,3792675.1675346005,3792675.0,4.417320046593135e-08
large100_cop28_p50,nuclear,2044,3771173.5700885,3771174.0,1.1399939351847769e-07
large100_cop28_p50,nuclear,2045,3751027.9292381005,3751028.0,1.8864668778460777e-08
large100_cop28_p50,nuclear,2046,3732238.2449834,3732238.0,6.56398075732377e-08
large100_cop28_p50,nuclear,2047,3714481.6705159005,3714482.0,8.870257784216534e-08
large100_cop28_p50,nuclear,2048,3697693.6364739,3697694.0,9.831157893702546e-08
large100_cop28_p50,nuclear,2049,3681809.5734957005,3681810.0,1.1584094478447594e-07
large100_cop28_p50,nuclear,2050,3665602.663709,3665603.0,9.174234924880482e-08
large100_cop28_p50,nuclear-smr,2010,4923134.697565759,4923135.0,6.143123436145418e-08
large100_cop28_p50,nuclear-smr,2011,4923134.697565759,4923135.0,6.143123436145418e-08
large100_cop28_p50,nuclear-smr,2012,4923134.697565759,4923135.0,6.143123436145418e-08
large100_cop28_p50,nuclear-smr,2013,4923134.697565759,4923135.0,6.143123436145418e-08
large100_cop28_p50,nuclear-smr,2014,4923134.697565759,4923135.0,6.143123436145418e-08
large100_cop28_p50,nuclear-smr,2015,4923134.697565759,4923135.0,6.143123436145418e-08
large100_cop28_p50,nuclear-smr,2016,4923134.697565759,4923135.0,6.143123436145418e-08
large100_cop28_p50,nuclear-smr,2017,4923134.697565759,4923135.0,6.143123436145418e-08
large100_cop28_p50,nuclear-smr,2018,4923134.697565759,4923135.0,6.143123436145418e-08
large100_cop28_p50,nuclear-smr,2019,4923134.697565759,4923135.0,6.143123436145418e-08
large100_cop28_p50,nuclear-smr,2020,4971631.312990186,4971631.0,6.295522859606765e-08
large100_cop28_p50,nuclear-smr,2021,5590666.590223329,5590667.0,7.329656745670729e-08
large100_cop28_p50,nuclear-smr,2022,5165548.936000001,5165549.0,1.2389776983529205e-08
large100_cop28_p50,nuclear-smr,2023,5165548.936000001,5165549.0,1.2389776983529205e-08
large100_cop28_p50,nuclear-smr,2024,5165548.936000001,5165549.0,1.2389776983529205e-08
large100_cop28_p50,nuclear-smr,2025,5165548.936000001,5165549.0,1.2389776983529205e-08
large100_cop28_p50,nuclear-smr,2026,5165548.936000001,5165549.0,1.2389776983529205e-08
large100_cop28_p50,nuclear-smr,2027,5165548.936000001,5165549.0,1.2389776983529205e-08
large100_cop28_p50,nuclear-smr,2028,5165548.936000001,5165549.0,1.2389776983529205e-08
large100_cop28_p50,nuclear-smr,2029,5165548.936000001,5165549.0,1.2389776983529205e-08
large100_cop28_p50,nuclear-smr,2030,4548201.2687863,4548201.0,5.9097274744275474e-08
large100_cop28_p50,nuclear-smr,2031,4548201.2687863,4548201.0,5.9097274744275474e-08
large100_cop28_p50,nuclear-smr,2032,4547684.7138927,4547685.0,6.291273864596708e-08
large100_cop28_p50,nuclear-smr,2033,4547168.1589991,4547168.0,3.496661983191091e-08
large100_cop28_p50,nuclear-smr,2034,4546780.7428289,4546781.0,5.656113952957003e-08
large100_cop28_p50,nuclear-smr,2035,4546328.757297,4546329.0,5.3384392779343066e-08
large100_cop28_p50,nuclear-smr,2036,4546005.9104885,4546006.0,1.9690141522619515e-08
large100_cop28_p50,nuclear-smr,2037,4545747.6330417,4545748.0,8.07256207943508e-08
large100_cop28_p50,nuclear-smr,2038,4545553.9249566,4545554.0,1.6509187011560553e-08
large100_cop28_p50,nuclear-smr,2039,4545295.6475098,4545296.0,7.755055491778991e-08
large100_cop28_p50,nuclear-smr,2040,4545101.9394247,4545102.0,1.332759984344096e-08
large100_cop28_p50,nuclear-smr,2041,4544908.2313396,4544908.0,5.090082971136555e-08
large100_cop28_p50,nuclear-smr,2042,4544520.815169401,4544521.0,4.0671086563740695e-08
large100_cop28_p50,nuclear-smr,2043,4544197.9683609,4544198.0,6.962526780898281e-09
large100_cop28_p50,nuclear-smr,2044,4543875.1215524,4543875.0,2.6750823259737395e-08
large100_cop28_p50,nuclear-smr,2045,4543616.8441056,4543617.0,3.43106395124037e-08
large100_cop28_p50,nuclear-smr,2046,4543358.5666588005,4543359.0,9.537904463719922e-08
large100_cop28_p50,nuclear-smr,2047,4543164.8585737,4543165.0,3.112946681469331e-08
large100_cop28_p50,nuclear-smr,2048,4542906.5811269,4542907.0,9.220376693423112e-08
large100_cop28_p50,nuclear-smr,2049,4542712.8730418,4542713.0,2.7947661083782713e-08
large100_cop28_p50,nuclear-smr,2050,4542519.1649567,4542519.0,3.631392495365811e-08
large100_eo_p50,nuclear,2010,4963260.405989432,4963260.0,8.179893831203723e-08
large100_eo_p50,nuclear,2011,4928944.667456639,4928945.0,6.746745671468671e-08
large100_eo_p50,nuclear,2012,4894628.928278154,4894629.0,1.4653173363850725e-08
large100_eo_p50,nuclear,2013,4860313.188453973,4860313.0,3.8774039030784846e-08
large100_eo_p50,nuclear,2014,4825997.449275487,4825997.0,9.309484553706437e-08
large100_eo_p50,nuclear,2015,4791681.709451307,4791682.0,6.063605869638847e-08
large100_eo_p50,nuclear,2016,4757365.970918515,4757366.0,6.1129384226427575e-09
large100_eo_p50,nuclear,2017,4723050.231094334,4723050.0,4.892904436059442e-08
large100_eo_p50,nuclear,2018,4688734.491270155,4688734.0,1.0477670587431828e-07
large100_eo_p50,nuclear,2019,4654418.752091669,4654419.0,5.326300547031606e-08
large100_eo_p50,nuclear,2020,4630959.284397182,4630959.0,6.141215341992323e-08
large100_eo_p50,nuclear,2021,5207579.48643807,5207579.0,9.340962950075287e-08
large100_eo_p50,nuclear,2022,3712738.2977500004,3712738.0,8.01968726308281e-08
large100_eo_p50,nuclear,2023,3712738.2977500004,3712738.0,8.01968726308281e-08
large100_eo_p50,nuclear,2024,3712738.2977500004,3712738.0,8.01968726308281e-08
large100_eo_p50,nuclear,2025,3712738.2977500004,3712738.0,8.01968726308281e-08
large100_eo_p50,nuclear,2026,3712738.2977500004,3712738.0,8.01968726308281e-08
large100_eo_p50,nuclear,2027,3712738.2977500004,3712738.0,8.01968726308281e-08
large100_eo_p50,nuclear,2028,3712738.2977500004,3712738.0,8.01968726308281e-08
large100_eo_p50,nuclear,2029,3712738.2977500004,3712738.0,8.01968726308281e-08
large100_eo_p50,nuclear,2030,3739921.9990257,3739922.0,2.6051341500137966e-10
large100_eo_p50,nuclear,2031,3739921.9990257,3739922.0,2.6051341500137966e-10
large100_eo_p50,nuclear,2032,3721648.8696646,3721649.0,3.50208750060699e-08
large100_eo_p50,nuclear,2033,3704537.9888141,3704538.0,3.0195127911514084e-09
large100_eo_p50,nuclear,2034,3688524.7871125005,3688525.0,5.771616344432783e-08
large100_eo_p50,nuclear,2035,3673415.5564747,3673416.0,1.207392120703046e-07
large100_eo_p50,nuclear,2036,3659145.727539,3659146.0,7.446027575454318e-08
large100_eo_p50,nuclear,2037,3645650.7309437003,3645651.0,7.380199573635132e-08
large100_eo_p50,nuclear,2038,3632736.8586037005,3632737.0,3.892280255183799e-08
large100_eo_p50,nuclear,2039,3620533.2492424003,3620533.0,6.884135101839232e-08
large100_eo_p50,nuclear,2040,3608781.625413,3608782.0,1.0379874394287954e-07
large100_eo_p50,nuclear,2041,3597611.1258389005,3597611.0,3.49784609978583e-08
large100_eo_p50,nuclear,2042,3577013.4994566003,3577013.0,1.3962949828451616e-07
large100_eo_p50,nuclear,2043,3557900.9683934003,3557901.0,8.883496187585622e-09
large100_eo_p50,nuclear,2044,3540208.9632876003,3540209.0,1.0370122234197133e-08
large100_eo_p50,nuclear,2045,3523614.6373307,3523615.0,1.0292535851679834e-07
large100_eo_p50,nuclear,2046,3508053.421161,3508053.0,1.2005546939812643e-07
large100_eo_p50,nuclear,2047,3493396.1760551003,3493396.0,5.039654577042585e-08
large100_eo_p50,nuclear,2048,3479513.7632896,3479514.0,6.802973517516357e-08
large100_eo_p50,nuclear,2049,3466212.4747794005,3466212.0,1.3697354214821097e-07
large100_eo_p50,nuclear,2050,3452975.7556309,3452976.0,7.077058083870711e-08
large100_eo_p50,nuclear-smr,2010,4923134.697565759,4923135.0,6.143123436145418e-08
large100_eo_p50,nuclear-smr,2011,4923134.697565759,4923135.0,6.143123436145418e-08
large100_eo_p50,nuclear-smr,2012,4923134.697565759,4923135.0,6.143123436145418e-08
large100_eo_p50,nuclear-smr,2013,4923134.697565759,4923135.0,6.143123436145418e-08
large100_eo_p50,nuclear-smr,2014,4923134.697565759,4923135.0,6.143123436145418e-08
large100_eo_p50,nuclear-smr,2015,4923134.697565759,4923135.0,6.143123436145418e-08
large100_eo_p50,nuclear-smr,2016,4923134.697565759,4923135.0,6.143123436145418e-08
large100_eo_p50,nuclear-smr,2017,4923134.697565759,4923135.0,6.143123436145418e-08
large100_eo_p50,nuclear-smr,2018,4923134.697565759,4923135.0,6.143123436145418e-08
large100_eo_p50,nuclear-smr,2019,4923134.697565759,4923135.0,6.143123436145418e-08
large100_eo_p50,nuclear-smr,2020,4971631.312990186,4971631.0,6.295522859606765e-08
large100_eo_p50,nuclear-smr,2021,5590666.590223329,5590667.0,7.329656745670729e-08
large100_eo_p50,nuclear-smr,2022,5165548.936000001,5165549.0,1.2389776983529205e-08
large100_eo_p50,nuclear-smr,2023,5165548.936000001,5165549.0,1.2389776983529205e-08
large100_eo_p50,nuclear-smr,2024,5165548.936000001,5165549.0,1.2389776983529205e-08
large100_eo_p50,nuclear-smr,2025,5165548.936000001,5165549.0,1.2389776983529205e-08
large100_eo_p50,nuclear-smr,2026,5165548.936000001,5165549.0,1.2389776983529205e-08
large100_eo_p50,nuclear-smr,2027,5165548.936000001,5165549.0,1.2389776983529205e-08
large100_eo_p50,nuclear-smr,2028,5165548.936000001,5165549.0,1.2389776983529205e-08
large100_eo_p50,nuclear-smr,2029,5165548.936000001,5165549.0,1.2389776983529205e-08
large100_eo_p50,nuclear-smr,2030,4181318.1556069003,4181318.0,3.7214795562291556e-08
large100_eo_p50,nuclear-smr,2031,4181318.1556069003,4181318.0,3.7214795562291556e-08
large100_eo_p50,nuclear-smr,2032,4175829.7598624,4175830.0,5.750655885986136e-08
large100_eo_p50,nuclear-smr,2033,4170664.2109264005,4170664.0,5.0573815064028885e-08
large100_eo_p50,nuclear-smr,2034,4165821.5087989005,4165822.0,1.1791218093153667e-07
large100_eo_p50,nuclear-smr,2035,4161237.0841182005,4161237.0,2.021470989650716e-08
large100_eo_p50,nuclear-smr,2036,4156846.3675226006,4156846.0,8.841380413863901e-08
large100_eo_p50,nuclear-smr,2037,4152713.9283738,4152714.0,1.724804576246737e-08
large100_eo_p50,nuclear-smr,2038,4148710.6279484006,4148711.0,8.967885032258645e-08
large100_eo_p50,nuclear-smr,2039,4144901.0356081002,4144901.0,8.590820367792786e-09
large100_eo_p50,nuclear-smr,2040,4141285.1513529005,4141285.0,3.654732649757267e-08
large100_eo_p50,nuclear-smr,2041,4137798.4058211003,4137798.0,9.807657612611218e-08
large100_eo_p50,nuclear-smr,2042,4132374.5794383003,4132375.0,1.0177240508519514e-07
large100_eo_p50,nuclear-smr,2043,4127273.5998640005,4127274.0,9.694923049410634e-08
large100_eo_p50,nuclear-smr,2044,4122366.3283748003,4122366.0,7.965687037855859e-08
large100_eo_p50,nuclear-smr,2045,4117781.9036941,4117782.0,2.3387809757796378e-08
large100_eo_p50,nuclear-smr,2046,4113326.6177368,4113327.0,9.293285834476735e-08
large100_eo_p50,nuclear-smr,2047,4109065.0398646,4109065.0,9.701623065990048e-09
large100_eo_p50,nuclear-smr,2048,4104997.1700775004,4104997.0,4.143181915908389e-08
large100_eo_p50,nuclear-smr,2049,4100606.4534819005,4100606.0,1.1058898376377029e-07
large100_eo_p50,nuclear-smr,2050,4096344.8756097006,4096345.0,3.036616867213002e-08
smr100_eia_p50_eq,nuclear,2010,4963260.405989432,4963260.0,8.179893831203723e-08
smr100_eia_p50_eq,nuclear,2011,4928944.667456639,4928945.0,6.746745671468671e-08
smr100_eia_p50_eq,nuclear,2012,4894628.928278154,4894629.0,1.4653173363850725e-08
smr100_eia_p50_eq,nuclear,2013,4860313.188453973,4860313.0,3.8774039030784846e-08
smr100_eia_p50_eq,nuclear,2014,4825997.449275487,4825997.0,9.309484553706437e-08
smr100_eia_p50_eq,nuclear,2015,4791681.709451307,4791682.0,6.063605869638847e-08
smr100_eia_p50_eq,nuclear,2016,4757365.970918515,4757366.0,6.1129384226427575e-09
smr100_eia_p50_eq,nuclear,2017,4723050.231094334,4723050.0,4.892904436059442e-08
smr100_eia_p50_eq,nuclear,2018,4688734.491270155,4688734.0,1.0477670587431828e-07
smr100_eia_p50_eq,nuclear,2019,4654418.752091669,4654419.0,5.326300547031606e-08
smr100_eia_p50_eq,nuclear,2020,4630959.284397182,4630959.0,6.141215341992323e-08
smr100_eia_p50_eq,nuclear,2021,5207579.48643807,5207579.0,9.340962950075287e-08
smr100_eia_p50_eq,nuclear,2022,3712738.2977500004,3712738.0,8.01968726308281e-08
smr100_eia_p50_eq,nuclear,2023,3712738.2977500004,3712738.0,8.01968726308281e-08
smr100_eia_p50_eq,nuclear,2024,3712738.2977500004,3712738.0,8.01968726308281e-08
smr100_eia_p50_eq,nuclear,2025,3712738.2977500004,3712738.0,8.01968726308281e-08
smr100_eia_p50_eq,nuclear,2026,3712738.2977500004,3712738.0,8.01968726308281e-08
smr100_eia_p50_eq,nuclear,2027,3712738.2977500004,3712738.0,8.01968726308281e-08
smr100_eia_p50_eq,nuclear,2028,3712738.2977500004,3712738.0,8.01968726308281e-08
smr100_eia_p50_eq,nuclear,2029,3712738.2977500004,3712738.0,8.01968726308281e-08
smr100_eia_p50_eq,nuclear,2030,4130695.7760341004,4130696.0,5.421989700925896e-08
smr100_eia_p50_eq,nuclear,2031,4130695.7760341004,4130696.0,5.421989700925896e-08
smr100_eia_p50_eq,nuclear,2032,4129985.5130554005,4129986.0,1.1790467496882836e-07
smr100_eia_p50_eq,nuclear,2033,4129339.8194384,4129340.0,4.3726505369539064e-08
smr100_eia_p50_eq,nuclear,2034,4128694.1258214004,4128694.0,3.047486604708134e-08
smr100_eia_p50_eq,nuclear,2035,4128048.4322044,4128048.0,1.0469944994284416e-07
smr100_eia_p50_eq,nuclear,2036,4127402.7385874004,4127403.0,6.333585941243618e-08
smr100_eia_p50_eq,nuclear,2037,4124497.1173109002,4124497.0,2.8442473568176767e-08
smr100_eia_p50_eq,nuclear,2038,4121720.6347578005,4121721.0,8.861401144623497e-08
smr100_eia_p50_eq,nuclear,2039,4119008.7215664005,4119009.0,6.759723475492289e-08
smr100_eia_p50_eq,nuclear,2040,4116296.8083750005,4116297.0,4.655276536961755e-08
smr100_eia_p50_eq,nuclear,2041,4113584.8951836005,4113585.0,2.5480548520440078e-08
smr100_eia_p50_eq,nuclear,2042,4112874.6322049005,4112875.0,8.942531255982341e-08
smr100_eia_p50_eq,nuclear,2043,4112164.3692262005,4112164.0,8.978877480414763e-08
smr100_eia_p50_eq,nuclear,2044,4111389.5368858003,4111390.0,1.1264177124044419e-07
smr100_eia_p50_eq,nuclear,2045,4110614.7045454,4110615.0,7.187601396158049e-08
smr100_eia_p50_eq,nuclear,2046,4109839.8722050004,4109840.0,3.1094885349071973e-08
smr100_eia_p50_eq,nuclear,2047,4108613.0543327006,4108613.0,1.32240977282372e-08
smr100_eia_p50_eq,nuclear,2048,4107450.8058221005,4107451.0,4.727455268226978e-08
smr100_eia_p50_eq,nuclear,2049,4106546.8347583003,4106547.0,4.023860102292258e-08
smr100_eia_p50_eq,nuclear,2050,4104803.4619924,4104803.0,1.1254921325964275e-07
smr100_eia_p50_eq,nuclear-smr,2010,4923134.697565759,4923135.0,6.143123436145418e-08
smr100_eia_p50_eq,nuclear-smr,2011,4923134.697565759,4923135.0,6.143123436145418e-08
smr100_eia_p50_eq,nuclear-smr,2012,4923134.697565759,4923135.0,6.143123436145418e-08
smr100_eia_p50_eq,nuclear-smr,2013,4923134.697565759,4923135.0,6.143123436145418e-08
smr100_eia_p50_eq,nuclear-smr,2014,4923134.697565759,4923135.0,6.143123436145418e-08
smr100_eia_p50_eq,nuclear-smr,2015,4923134.697565759,4923135.0,6.143123436145418e-08
smr100_eia_p50_eq,nuclear-smr,2016,4923134.697565759,4923135.0,6.143123436145418e-08
smr100_eia_p50_eq,nuclear-smr,2017,4923134.697565759,4923135.0,6.143123436145418e-08
smr100_eia_p50_eq,nuclear-smr,2018,4923134.697565759,4923135.0,6.143123436145418e-08
smr100_eia_p50_eq,nuclear-smr,2019,4923134.697565759,4923135.0,6.143123436145418e-08
smr100_eia_p50_eq,nuclear-smr,2020,4971631.312990186,4971631.0,6.295522859606765e-08
smr100_eia_p50_eq,nuclear-smr,2021,5590666.590223329,5590667.0,7.329656745670729e-08
smr100_eia_p50_eq,nuclear-smr,2022,5165548.936000001,5165549.0,1.2389776983529205e-08
smr100_eia_p50_eq,nuclear-smr,2023,5165548.936000001,5165549.0,1.2389776983529205e-08
smr100_eia_p50_eq,nuclear-smr,2024,5165548.936000001,5165549.0,1.2389776983529205e-08
smr100_eia_p50_eq,nuclear-smr,2025,5165548.936000001,5165549.0,1.2389776983529205e-08
smr100_eia_p50_eq,nuclear-smr,2026,5165548.936000001,5165549.0,1.2389776983529205e-08
smr100_eia_p50_eq,nuclear-smr,2027,5165548.936000001,5165549.0,1.2389776983529205e-08
smr100_eia_p50_eq,nuclear-smr,2028,5165548.936000001,5165549.0,1.2389776983529205e-08
smr100_eia_p50_eq,nuclear-smr,2029,5165548.936000001,5165549.0,1.2389776983529205e-08
smr100_eia_p50_eq,nuclear-smr,2030,4884736.7819667,4884737.0,4.463562920858085e-08
smr100_eia_p50_eq,nuclear-smr,2031,4884736.7819667,4884737.0,4.463562920858085e-08
smr100_eia_p50_eq,nuclear-smr,2032,4881185.4670732,4881185.0,9.568847637961082e-08
smr100_eia_p50_eq,nuclear-smr,2033,4877698.7215414,4877699.0,5.708810974788869e-08
smr100_eia_p50_eq,nuclear-smr,2034,4874341.114733,4874341.0,2.353815573947745e-08
smr100_eia_p50_eq,nuclear-smr,2035,4870983.5079246005,4870984.0,1.0102177490338534e-07
smr100_eia_p50_eq,nuclear-smr,2036,4867561.3317545,4867561.0,6.815620337069124e-08
smr100_eia_p50_eq,nuclear-smr,2037,4351200.1462396,4351200.0,3.3609026298344395e-08
smr100_eia_p50_eq,nuclear-smr,2038,4091243.8960354,4091244.0,2.5411489127178346e-08
smr100_eia_p50_eq,nuclear-smr,2039,3918133.4373177,3918133.0,1.1161378424739375e-07
smr100_eia_p50_eq,nuclear-smr,2040,3788865.5751943,3788866.0,1.1211949630222861e-07
smr100_eia_p50_eq,nuclear-smr,2041,3686006.5820062,3686007.0,1.1340017726061302e-07
smr100_eia_p50_eq,nuclear-smr,2042,3682455.2671127003,3682455.0,7.253657706426425e-08
smr100_eia_p50_eq,nuclear-smr,2043,3678903.9522192003,3678904.0,1.2987781225067225e-08
smr100_eia_p50_eq,nuclear-smr,2044,3675288.067964,3675288.0,1.849215596299836e-08
smr100_eia_p50_eq,nuclear-smr,2045,3671672.1837088005,3671672.0,5.0034096530651425e-08
smr100_eia_p50_eq,nuclear-smr,2046,3668056.2994536003,3668056.0,8.163822358844282e-08
smr100_eia_p50_eq,nuclear-smr,2047,3663665.5828580004,3663666.0,1.1385919106139642e-07
smr100_eia_p50_eq,nuclear-smr,2048,3659339.4356241003,3659339.0,1.1904446360647367e-07
smr100_eia_p50_eq,nuclear-smr,2049,3655529.8432838004,3655530.0,4.287099444139022e-08
smr100_eia_p50_eq,nuclear-smr,2050,3621760.0671147,3621760.0,1.8530962530341794e-08
